name,playerid
차영화,10005
황태환,10082
황기선,10182
조창수,20002
김광현,20003
김재호,20007
김상수,20006
우용득,20001
김현수,20010
손아섭,20016
박병호,20014
나성범,20011
심창민,20018
민병헌,20013
오재원,20022
양의지,20020
이대은,20024
우규민,20023
이용규,20026
이대호,20025
정근우,20031
장원준,20030
이현승,20028
이태양,20027
정대현,20032
임창민,20029
조무근,20034
정우람,20033
조상우,20035
구리엘,20041
차우찬,20036
구리엘,20042
황재균,20040
허경민,20038
가르시아,20044
구리엘,20043
레이에스,20048
그라시알,20046
곤잘레스,20045
데스파이그네,20047
마르티네스,20050
마르티네스,20049
만둘레이,20051
마예타,20052
몬티에트,20056
바스케스,20057
모레혼,20054
멘도사,20053
베탄쿠르트,20058
보로토,20059
모이넬로,20055
알라르콘,20062
알바레스,20063
산토야,20061
에르난데스,20064
크루스,20067
토레스,20068
예라,20065
카노,20066
강민호,20069
마에다,20071
니시,20075
마키타,20072
마츠이,20074
노리모토,20076
마스이,20073
오노,20077
오타니,20078
오가와,20083
다케다,20081
스가노,20080
야마자키,20082
사와무라,20079
시마,20085
나카무라,20084
스미타니,20086
나카무라,20089
가와바타,20087
야마다,20093
나카타,20091
나카시마,20090
사카모토,20092
마츠다,20088
아키야마,20094
히라타,20095
나카무라,20097
배럿,20099
처치,20100
콜먼,20101
이마미야,20098
츠츠고,20096
데나토,20102
이브랜드,20103
포사이스,20104
래피,20106
그루브,20105
세고비아,20109
시먼스,20110
스프루일,20111
파운더스,20107
새터와이트,20108
바스케스,20112
윌커슨,20114
웬델켄,20113
모린,20115
롤핑,20116
댄블랙,20117
마틴,20119
패스토니키,20120
프레이저,20118
필립스,20126
메이,20124
아이브너,20123
카브레라,20127
소토,20122
아라우호,20128
스클라파니,20121
맥브라이드,20125
데폴라,20130
크루스,20129
페르민,20131
마테오,20132
페레스,20135
파잠프스,20134
로드리게스,20136
모리요,20133
시렛트,20138
소리아노,20139
메르세데스,20140
올리보,20141
디아스,20143
베테미트,20142
론돈,20137
펠리스,20144
펠리스,20145
갈베스,20146
에르난데스,20151
칼데론,20150
페레스,20152
루나,20147
라미레스,20153
로드리게스,20148
따바레스,20154
루이스,20149
알파로,20155
카라바요,20157
게라,20162
까레뇨,20158
가르시아,20161
카스테야노,20159
차베스,20160
바사르도,20156
파울리노,20168
에르난데스,20163
모나스테리오,20165
마르티네스,20164
니에베,20166
팔렌시아,20167
아포다카,20169
하스페,20170
호세,20171
히메네스,20172
올메도,20174
페티트,20176
카라바요,20177
오수나,20175
마르티네스,20173
디아스,20178
란다에타,20179
마르티네스,20180
칼데라,20184
베르나르디노,20183
가르시아,20186
리베라,20181
시비라,20182
가르시아,20187
마초로,20188
카리요,20185
페나,20190
마드리갈,20189
로드리게스,20191
코레아,20196
비라몬테스,20195
산체스,20193
세라노,20194
로모,20192
가르시아,20197
소사,20198
아베나,20200
사발라,20199
메드라노,20203
플로레스,20201
마시아스,20202
토레스,20205
페나,20204
드라케,20206
로페스,20207
로페스,20208
라헤라,20211
토레스,20210
페레스,20209
강백호,21002
구자욱,21000
강민호,21001
고우석,21004
고영표,21003
김민우,21005
박건우,21008
양의지,21012
오재일,21013
박해민,21011
김진욱,21009
김혜성,21007
박세웅,21010
김현수,21006
오지환,21014
이의리,21016
최주환,21021
차우찬,21019
이정후,21017
조상우,21018
최원준,21020
원태인,21015
오승환,21022
황재균,21024
김현수,21025
민병헌,21026
이정후,21028
허경민,21023
J.톨스,21030
J.가이어,21029
박건우,21027
S.스트리트,21031
T.애서튼,21032
D.루직,21036
P.모이란,21035
S.켄트,21034
T.반스틴셀,21038
R.설,21037
D.슈미트,21033
L.윌킨스,21039
L.웨이드,21046
S.홀란드,21041
A.디산미구엘,21044
R.펄킨스,21043
J.케네디,21040
R.바타글리아,21042
D.서덜랜드,21045
R.글랜디닝,21047
M.닐슨,21050
L.휴즈,21051
D.조지,21048
A.캠벨,21053
D.칸딜라스,21054
A.화이트필드,21055
W.두톤,21052
T.단토니오,21049
J.라카,21057
B.다익손,21058
B.마크런드,21059
D.레오,21061
C.르루,21060
D.몰리켄,21062
D.프로코피오,21063
T.케넬리,21056
E.러스키,21064
P.오몽트,21065
S.리치몬드,21067
W.맥카퍼,21069
R.자스트리즈니,21066
K.디글랜,21071
D.홀,21070
S.메티슨,21068
A.예지,21072
C.르블랑,21073
W.다빌,21075
D.오리몰로예,21078
C.판나스,21079
E.우드,21076
J.레너튼,21077
D.폼페이,21080
G.모건,21081
J.말로,21074
M.사운더스,21082
R.토소니,21083
T.폼페이,21084
L.모이넬로,21088
L.블랑코,21089
C.비에라,21086
A.로드리게즈,21085
F.알바레즈,21087
R.마르티네즈,21090
V.가르시아,21091
B.바노스,21092
Y.커슨,21096
Y.로드리게즈,21093
Y.아이바라,21099
A.마르티네즈,21098
Y.예라,21095
F.마단,21097
Y.로드리게즈,21094
Y.알라콘,21100
E.아루에바레나,21101
C.프리에토,21102
W.사베드라,21107
R.곤잘레즈,21104
P.퀘사다,21103
A.아얄라,21108
Y.그라시엘,21105
Y.사몬,21106
A.데스파이네,21109
A.플로레스,21113
F.세페다,21110
A.산티아고,21114
R.산토스,21112
Y.구이베르트,21111
F.카브레라,21115
F.무니즈,21116
F.크루즈,21117
O.로만,21120
I.말도나도,21119
B.에스카니오,21118
L.신트론,21123
G.소토,21125
M.마르티네스,21122
E.네비스,21124
M.메히아,21121
K.토레스,21128
L.마테오,21129
W.로드리게스,21127
J.도밍게즈,21131
O.마르티네즈,21133
J.로페즈,21130
D.비달,21132
R.로사,21126
I.D.제수스,21137
J.발렌틴,21136
E.고메즈,21135
D.오티즈,21140
J.곤잘레스,21139
C.앤드류스,21141
A.가르시아,21138
Y.곤잘레스,21134
B.딕슨,21142
T.훅,21146
S.존스,21147
P.머피,21149
J.파이어라이젠,21144
C.폰스,21150
P.던쉬,21143
B.플린,21145
W.밀스,21148
C.티엘바,21154
T.거쉬,21156
B.파운더스,21151
N.송,21153
C.리차드,21152
E.크라츠,21157
D.틸로,21155
D.바쇼,21158
A.본,21164
J.크로넨워스,21161
R.달벡,21162
X.에드워즈,21163
J.아델,21165
M.페이튼,21166
A.봄,21159
C.채텀,21160
D.워터스,21168
B.루커,21167
센가,21169
오노,21173
야마사키,21174
이와자키,21172
아오야기,21171
"모리시타
",21175
다이라,21177
이토,21170
구리바야시,21176
우메노,21180
카이,21181
사카모토,21182
무라카미,21185
야마다,21184
기쿠치,21183
다나카,21178
야마모토,21179
겐다,21186
아사무라,21187
요시다,21190
구리하라,21192
슈토,21194
곤도,21191
야나기타,21189
스즈키,21188
곤도,21193
스즈키,21195
M.바레다,21197
J.크루즈,21201
C.부스타만테,21199
H.카스텔라노스,21200
요시다,21196
B.베르나르디노,21198
J.켈리,21203
F.곤잘레즈,21202
J.리오스,21206
E.베라,21208
N.살라스,21207
A.퀸타나,21204
H.라미레즈,21209
J.아라이자,21211
A.레예스,21205
R.버두고,21210
R.솔리스,21212
E.퀴로즈,21216
H.소사,21213
J.플로레스,21214
C.비야누에바,21219
J.바르가스,21218
J.살라자르,21217
E.나바로,21215
M.클라크,21220
J.요네스,21222
천관위,21228
J.페레즈,21223
천홍원,21227
P.에반스,21221
N.페리오,21224
챵이,21225
천위쉰,21226
쟝사오칭,21229
황즈펑,21231
린카이웨이,21234
라오이청,21233
린진지예,21232
왕쑹하오,21235
왕야오린,21236
후즈웨이,21230
린홍위,21239
가오위지에,21238
궈옌원,21243
쟝진더,21240
우셩펑,21237
린리,21244
천쥔시우,21241
쭈위시엔,21242
왕셩웨이,21246
위에퉁화,21247
왕웨이천,21245
왕보롱,21252
챵즈하오,21248
쑤즈지예,21251
린저쉬엔,21250
후진룽,21249
S.바즈,21269
A.카터,21270
A.고스,21272
B.딕슨,21271
E.잭슨,21273
S.카즈미어,21274
D.로버트슨,21277
J.라이언,21278
N.마르티네스,21275
S.맥고우,21276
S.리차드슨,21280
R.라이언,21279
T.페데로위츠,21281
J.웨스트브룩,21287
M.콜로즈배리,21282
E.알바레즈,21284
N.앨런,21283
T.카사스,21285
P.키블레한,21288
T.오스틴,21289
T.프레이저,21286
E.필리아,21290
B.스탈링,21291
J.로페즈,21292
T.스탄키비츠,21369
E.아레돈도,21371
J.안구아메아,21373
M.바누엘로스,21376
C.바르가스,21372
M.바레다,21370
J.오르마스,21374
O.페레스,21375
S.산체스,21377
C.부스타만테,21378
F.살라스,21379
E.나바로,21383
A.윌슨,21381
A.곤잘레스,21385
R.고인스,21384
D.두아르테,21380
A.솔리스,21382
R.페냐,21387
D.에스피노사,21386
I.로드리게스,21388
J.요네스,21390
J.메네세스,21391
S.엘리자드,21389
J.카르도나,21392
L.카스티요,21470
A.산체스,21469
J.어센시오,21471
J.가르시아,21472
R.로소,21473
J.디아즈,21475
D.알바레즈,21474
R.발데스,21478
R.볼드윈,21481
C.메르세데스,21477
C.발레리오,21480
J.마리네즈,21476
G.누네즈,21483
J.프란시스코,21482
D.레예스,21479
J.구즈만,21485
G.아리아스,21484
E.메지아,21487
J.바티스타,21486
J.미제스,21489
J.로드리게스,21488
Y.페레즈,21491
E.보니파시오,21490
M.카브레라,21492
J.디마르테,21670
S.리페츠,21672
J.와그먼,21674
A.레이흐만,21671
J.블레이치,21669
J.모스코트,21673
A.카츠,21677
D.샤라비,21678
J.피시먼,21676
T.에렐,21681
J.제이드,21680
Z.와이스,21675
B.웽어,21679
R.라반웨이,21682
N.리클스,21683
I.킨슬러,21686
D.발렌시아,21688
Z.펜프라세,21687
B.게일런,21690
M.글래서,21689
S.버첨,21684
T.켈리,21685
A.로웬가르트,21691
R.팔러,21692
곽빈,26001
김영규,26002
문동주,26003
오원석,26005
신민혁,26004
원태인,26006
이의리,26007
최승용,26010
김동헌,26013
조병현,26008
정해영,26009
최준용,26011
최지민,26012
김형준,26014
손성빈,26015
김주원,26017
나승엽,26021
김혜성,26018
노시환,26020
김도영,26016
김휘집,26019
문현빈,26022
박승규,26024
윤동희,26025
김성윤,26023
최지훈,26026
T.이마이,27001
T.하야카와,27002
C.스미다,27003
K.다구치,27004
T.시미즈,27005
K.요시무라,27007
R.요코야마,27010
Y.아카호시,27008
T.키리시키,27012
M.오요카와,27011
S.사토,27009
H.네모토,27006
S.사카쿠라,27013
K.이시바시,27014
Y.코가,27015
K.고조노,27021
M.가도와키,27016
T.사토,27019
Y.노무라,27018
C.만나미,27022
S.마키,27017
T.노구치,27020
Y.오키바야시,27023
K.후지와라,27024
S.모리시타,27025
Y.아키히로,27026
쩡쥔위에,28001
천보칭,28003
리즈챵,28002
구린뤼양,28004
치우쥔웨이,28007
린쟈오언,28005
왕옌청,28009
천커이,28006
린카이웨이,28010
왕즈슈엔,28008
다이페이펑,28012
쟝궈하오,28011
쟝샤오홍,28013
린우진웨이,28014
신위엔쉬,28016
예즈팅,28015
허헝요우,28017
장정위,28020
마졔썬,28021
린징카이,28018
류지홍,28019
치우즈청,28022
궈텐신,28023
린샤오청,28024
천제슈엔,28026
위에정화,28025
K.홀,29002
M.비티,29001
S.홀란드,29005
BC.바살라키스,29008
K.햄튼,29004
D.클라크,29003
KN.윈야드,29010
C.윈,29009
D.맥그라스,29006
W.세리프,29007
C.래버티,29011
B.파슨스,29013
A.홀,29014
J.버셀,29012
BJ.쿡,29018
M.에드워즈,29015
J.번스,29016
C.캠벨,29017
L.스미스,29019
R.윙그로브,29020
A.스킵톤,29022
C.버크,29025
J.윌리엄스,29026
B.나이트,29024
A.화이트필드,29023
L.스펜스,29021
손상대,30003
유지훤,30004
김인식,40006
이광환,40001
천보성,40002
최정우,40003
박용진,40005
박종훈,40007
소한빈,49001
백두산,49003
김대현,49002
고경표,49006
이선우,49008
전미르,49009
유제모,49004
강성우,49007
이호준,49005
안우진,49010
고승완,49011
김태호,49014
김세훈,49012
김재민,49015
박인우,49013
전하원,49017
조현민,49016
김동규,49019
김휘건,49024
배세종,49020
박성준,49021
임상현,49023
박준우,49018
정현수,49022
홍유원,49025
최우석,49026
김준원,49028
원종해,49027
김민규,49029
이희수,50002
강병철,50001
백기성,50004
이충순,50003
여도건,50008
고영찬,50010
이승주,50012
문상준,50007
김범,50013
최지효,50009
최태성,50011
윤종휘,50014
박성현,50015
소형준,50030
이강준,50036
데스파이네,50040
천성호,50054
강현우,50066
서경찬,50094
한지용,50096
윤준혁,50092
김성균,50093
이상원,50098
강권민,50099
신익섭,50101
강민,50105
유영찬,50106
함창건,50108
하영진,50107
이정우,50110
박찬호,50112
조용근,50114
김태우,50115
성재헌,50109
김도환,50116
이민호,50126
손호영,50150
김윤식,50157
라모스,50165
이주형,50167
장원석,50200
안권수,50202
조광희,50201
권휘,50203
박지훈,50204
구장익,50209
최종인,50206
오명진,50208
지원근,50207
박웅,50205
제환유,50211
김도경,50214
플렉센,50234
장규빈,50244
이주엽,50262
양찬열,50293
김성민,50294
조제영,50296
최세창,50298
김병휘,50304
모터,50300
러셀,50350
이종민,50354
박주홍,50357
김동혁,50360
문찬종,50365
신준우,50312
김창현,50372
정재원,50394
김대한,50395
김동욱,50393
박관진,50397
박동혁,50392
이상일,50401
뷰캐넌,50404
윤석훈,50400
황승현,50405
전일우,50402
한흥일,50403
조경원,50412
박주혁,50411
김경민,50415
정진수,50414
한연욱,50413
신동수,50416
홍원표,50430
황동재,50441
허윤동,50449
김지찬,50458
살라디노,50468
팔카,50469
이승민,50464
황성빈,50500
마차도,50506
엄태호,50507
이찬우,50508
김건우,50517
샘슨,50524
김대환,50550
손재원,50552
김태현,50551
최준용,50556
스트레일리,50558
박재민,50563
김민기,50573
한지운,50576
설재민,50574
정도웅,50584
최현,50585
윤윤덕,50587
롱,50589
신학진,50590
헤르젠버그,50595
김현종,50594
백어진,50593
홍민기,50596
박명현,50592
차혜성,50597
홍종표,50600
유지성,50604
김양수,50613
윌리엄스,50609
이인한,50608
김연준,50614
오규석,50622
백현종,50632
브룩스,50636
가뇽,50640
강민수,50637
장재혁,50641
최용준,50650
박민,50657
정해영,50662
위더마이어,50677
유재민,50695
윤인득,50697
김소중,50701
김연규,50702
임종찬,50704
박정현,50709
서진영,50703
강재민,50705
최이경,50708
장웅정,50706
최인호,50707
김범준,50710
박재경,50713
김현제,50712
김광명,50714
김승일,50711
남지민,50720
한승주,50726
반즈,50730
신지후,50758
화이트,50802
김주윤,50801
길지석,50811
이재성,50814
킹험,50815
양선률,50813
박시후,50812
김태우,50816
이거연,50819
김교람,50817
석호준,50818
전의산,50820
핀토,50835
현원회,50840
김성민,50848
최지훈,50854
오원석,50859
류효승,50868
강태경,50905
안인산,50901
김한별,50902
임형원,50900
한재환,50903
박영빈,50906
라이트,50912
이종준,50904
한건희,50911
알테어,50923
노상혁,50955
노학준,50990
김태경,50992
정구범,50995
박시원,50996
윤세훈,51001
알몬테,51004
권동진,51003
김대현,51006
김건형,51005
최성민,51007
정주원,51002
김민서,51008
전진영,51009
유준규,51013
신범준,51057
한차현,51058
지명성,51060
스즈키,51088
김영현,51097
스티브,51102
이영빈,51100
최재훈,51101
김형욱,51103
김지용,51104
김유민,51106
김단우,51109
이믿음,51110
송승기,51111
박민호,51112
수아레즈,51136
강효종,51143
보어,51144
김진수,51154
조건희,51163
양현진,51200
안찬호,51201
백종수,51205
오세훈,51202
장빈,51204
안재석,51203
김동주,51230
로켓,51234
미란다,51257
최승용,51264
강현구,51269
이상연,51296
임태윤,51295
강원진,51297
김도윤,51294
박성재,51298
김주완,51299
김성진,51301
이주형,51302
양경식,51305
정연제,51306
김시앙,51303
김현우,51304
박성우,51308
이재홍,51307
크레익,51309
프레이타스,51324
스미스,51334
김휘집,51344
장재영,51359
알바로,51380
김준형,51393
홍승원,51408
이창용,51407
김동진,51403
김세민,51409
이기용,51411
김현준,51417
몽고메리,51439
이승현,51454
이재희,51460
홍무원,51462
피렐라,51463
오현석,51466
주한울,51468
정남훈,51502
홍승현,51501
이대승,51500
임재호,51503
김진욱,51516
손성빈,51528
우강훈,51526
정우준,51546
나승엽,51551
최우인,51564
이주찬,51560
프랑코,51567
최종은,51574
정대혁,51580
김창훈,51586
맨,51584
이병준,51592
송재영,51594
김정주,51596
권동현,51597
박대명,51601
장시현,51603
이준범,51602
이영재,51605
김선우,51604
멩덴,51619
권혁경,51640
다카하시,51636
박건우,51645
이의리,51648
장민기,51665
김원경,51666
이승재,51668
방석호,51682
박지훈,51686
이준기,51702
조현진,51701
수베로,51703
안진,51704
문승진,51705
장지승,51706
안창호,51707
김규연,51713
이종완,51708
김기중,51715
페레즈,51714
카펜터,51722
힐리,51725
장규현,51762
배동현,51761
정민규,51764
송호정,51767
로사도,51770
워싱턴,51782
케네디,51788
조은,51796
류재준,51801
길강남,51800
박제범,51805
장우준,51804
권혁찬,51807
박형준,51803
조요한,51809
추신수,51817
가빌리오,51833
르위키,51834
박정빈,51860
조형우,51865
폰트,51863
김건우,51867
고명준,51868
플레처,51886
장지훈,51895
조병현,51897
김진우,51901
조성현,51902
김정호,51903
김재중,51905
김준상,51904
김주원,51907
이용준,51948
파슨스,51967
오장한,51991
오태양,51996
한재승,51994
안현민,52001
안광준,52005
권성준,52003
최동희,52008
김병준,52002
정정우,52007
우종휘,52006
송현제,52004
알포드,52009
라모스,52025
벤자민,52043
박영현,52060
한지웅,52065
이상우,52063
최원영,52103
김성우,52105
루이즈,52112
허준혁,52119
엄태경,52124
가르시아,52125
문정빈,52121
양진혁,52123
김주완,52140
플럿코,52145
조원태,52149
이주헌,52154
최용하,52163
이지훈,52168
정유석,52203
임준형,52205
윤태호,52202
유종수,52201
이병헌,52204
최지강,52206
천현재,52208
이민석,52209
김시완,52211
강동형,52210
강산,52207
스탁,52234
브랜든,52257
김동준,52267
이원재,52295
신민철,52294
전희범,52299
이세호,52301
박정훈,52302
박수종,52305
김민수,52303
오성민,52304
류하성,52306
애플러,52308
주승우,52330
박찬혁,52348
푸이그,52366
백진수,52392
송정인,52391
노운현,52394
윤석원,52395
김리안,52398
주승빈,52396
이명종,52397
차동영,52400
조민성,52405
윤정훈,52407
김상민,52402
이재현,52415
강도훈,52416
장재혁,52417
김재혁,52424
김영웅,52430
신정환,52440
수아레즈,52457
김서준,52460
박승주,52495
김동혁,52502
최원재,52501
김경환,52503
김동혁,52504
김세민,52514
조세진,52516
피터스,52526
반즈,52528
이민석,52530
렉스,52547
스파크맨,52557
진승현,52558
김서진,52564
엄장윤,52565
경우진,52562
하혜성,52560
한태양,52568
김용완,52566
김승준,52569
링,52580
마인홀드,52581
김동욱,52576
민성우,52583
레어드,52590
윤동희,52591
김도영,52605
파노니,52606
한승연,52628
옥준호,52629
윤민석,52631
박상준,52634
소크라테스,52630
놀린,52637
황동하,52641
신명승,52642
최지민,52639
로니,52645
이성주,52647
백도렬,52650
손진규,52649
강병우,52659
김찬민,52661
윤도현,52667
조희영,52693
양경모,52702
조세범,52699
문동주,52701
김겸재,52703
이상혁,52704
김준석,52706
라미레즈,52707
유상빈,52705
한경빈,52710
민승기,52711
터크먼,52712
노석진,52717
이재민,52715
신현수,52716
이성민,52714
페냐,52720
전승우,52722
박준영,52731
최현준,52733
유민,52765
허인서,52764
권광민,52769
남원호,52783
클레멘츠,52789
임성준,52802
송재환,52801
석정우,52804
김태윤,52803
라가레스,52806
모리만도,52808
임근우,52807
최유빈,52805
전영준,52809
크론,52827
노바,52833
김도현,52844
박상후,52864
윤태현,52867
이기순,52868
신헌민,52873
메이,52887
강매성,52895
임지민,52902
이주형,52901
이현우,52905
조민석,52903
마티니,52904
서준교,52906
이한,52907
조효원,52908
오승택,52909
더모디,52950
최건용,52978
박성재,52980
이준혁,52992
박동수,52994
김녹원,52995
이준희,53001
황의준,53003
강건,53006
정진호,53004
이준명,53005
백현수,53007
정우성,53008
이동관,53009
최정태,53010
김정운,53029
류현인,53036
슐서,53040
김건웅,53049
정준영,53058
손민석,53057
한민우,53096
임정균,53100
송대현,53105
곽민호,53104
원상훈,53101
허용주,53102
강민균,53103
이철민,53106
오스틴,53123
박명근,53139
김범석,53144
이준서,53160
김동규,53164
권동혁,53168
양희준,53199
이기석,53202
남율,53201
박민준,53204
이정원,53203
김문수,53205
로하스,53211
딜런,53233
최준호,53259
김유성,53262
장우진,53267
임서준,53293
한충희,53297
윤준호,53296
백승우,53298
박윤성,53301
송재선,53303
오상원,53300
박성빈,53305
이호열,53306
이승원,53302
변헌성,53307
우승원,53304
안겸,53308
서유신,53309
김건희,53312
맥키니,53322
도슨,53327
김동헌,53344
후라도,53375
김재상,53400
류승민,53404
박시원,53409
박진우,53411
신윤호,53415
박장민,53416
김민호,53421
서현원,53428
이호성,53455
김시온,53464
강준서,53460
박권후,53469
다치바나,53476
다바타,53491
김동환,53501
엄정용,53500
조동관,53502
구드럼,53506
유승훈,53503
윤수녕,53505
조경민,53504
나이토,53472
김기준,53540
윌커슨,53546
김민석,53554
정재환,53559
석상호,53560
이진하,53562
정대선,53568
서동욱,53569
조준혁,53584
배영빈,53587
이태연,53594
장세진,53596
박건,53597
배인혁,53598
김민기,53602
이진우,53601
신용진,53600
김도경,53603
조준회,53604
박준서,53606
신윤식,53605
장민영,53608
손호원,53610
곽도규,53609
박승훈,53611
이중석,53612
김동후,53607
윤영철,53613
김재현,53619
김도월,53618
이도현,53615
김주섭,53627
박일훈,53629
김세일,53637
메디나,53645
이송찬,53663
정해원,53659
앤더슨,53664
산체스,53665
김관우,53701
김해찬,53702
한서구,53703
송성훈,53704
최원준,53705
박재규,53706
천보웅,53707
김예준,53708
이석제,53709
성지훈,53711
오그레디,53712
윌리엄스,53716
고영재,53710
이정재,53715
김석훈,53713
산체스,53714
신우재,53717
스미스,53734
김서현,53754
문현빈,53764
박세직,53800
이민준,53795
김건이,53803
김준영,53805
이승훈,53809
류현곤,53806
조강희,53808
엘리아스,53825
에레디아,53827
맥카티,53833
김건웅,53844
로메로,53863
김정민,53865
이로운,53892
김민준,53893
안현서,53897
송영진,53898
태너,53909
페디,53913
노재원,53914
신영우,53919
와이드너,53927
마틴,53955
목지훈,53973
배상호,53988
박찬희,53987
김택우,53990
신용석,53991
신성호,53989
박한결,53992
강건준,53994
김주환,53993
이준호,53996
정주영,53995
백차승,53997
서동욱,53999
나카미치,54102
오카모토,54103
오시로,54104
이자키,54106
오노,54100
시게타,54105
사토,54101
타나카,54109
카토,54110
마키하라,54113
미우라,54107
이시즈카,54114
마에다,54111
토비타,54112
무라카미,54108
이타니,54115
카토,54116
카츠렌,54121
후지노,54117
오가타,54119
쿠와하라,54118
이토,54120
프란켈리,54122
코바야시,54124
사쿠마,54123
시몬,54130
사토,54126
나카무라,54129
후나코시,54128
하야,54127
야마시타,54125
시게마츠,54131
사토,54132
이성엽,60021
김종찬,60032
최석,60036
신창명,60050
김민겸,60055
오현민,60051
백진우,60100
최우정,60106
이태원,60102
배민관,60105
더마트레,60139
신정락,60140
이승현,60146
오카모토,60156
곤잘레스,60154
유경국,60164
김창혁,60184
김지용,60181
이성진,60198
유재호,60197
히메네스,60240
장민익,60255
김준호,60260
이재학,60263
정대현,60264
김상훈,60265
오정환,60291
김응민,60288
김동길,60296
전준홍,60295
노경우,60297
윤명운,60293
이창섭,60304
번사이드,60329
문성현,60336
장종덕,60340
정회찬,60342
김대유,60337
김건태,60339
이해창,60343
최경환,60360
이성욱,60367
임성학,60363
안규성,60368
이지풍,60384
송주호,60404
안성필,60412
박화랑,60415
레딩,60430
이규대,60439
임진우,60441
김현우,60457
정민우,60454
백상원,60456
김재우,60466
길태곤,60461
이만기,60463
문선엽,60464
김형준,60469
타네다,60481
오치아이,60488
김종화,60491
김지훈,60493
이강혁,60497
김동은,60496
홍효의,60495
변용선,60526
정훈,60523
현천웅,60524
유동근,60542
홍재영,60544
이현준,60550
김근호,60554
박시영,60559
오태곤,60558
황성웅,60567
박승완,60565
이상호,60566
최헌주,60563
사도스키,60594
홍재호,60605
김태훈,60630
이정훈,60635
심동섭,60636
임기준,60634
이인행,60648
라이트,60649
로드리게스,60650
임한용,60655
박종모,60661
최병연,60658
이제우,60663
이종환,60667
스키모토,60678
변선웅,60690
이준호,60693
주도성,60694
서동수,60692
콜론,60697
조대현,60701
박재희,60703
장승욱,60699
김덕영,60702
안승민,60713
이상훈,60724
부에노,60727
카페얀,60726
데폴라,60729
김지호,60748
김재우,60759
김경태,60757
김동빈,60766
김용주,60764
이태양,60768
타카시로,60770
이동형,60769
하나마스,60778
강성인,60801
홍남일,60802
이병국,60803
최윤석,60805
김회성,60804
박종훈,60841
최원재,60848
문광은,60845
이재인,60858
김정훈,60860
이상백,60864
안정광,60865
세리자와,60882
세키가와,60888
방정우,60892
조성우,60891
김문홍,60897
김영수,60911
이창호,60949
박치왕,60947
김정택,60977
강성호,61005
이태균,61015
장동웅,61047
황현철,61072
정병곤,61104
유강남,61102
임찬규,61101
김재율,61114
강병의,61108
이준명,61128
정다흰,61140
이우찬,61145
주키치,61154
리즈,61158
송윤준,61156
최인영,61185
이천웅,61186
최영진,61197
지승환,61196
이민재,61194
김동한,61204
황필선,61202
천상웅,61206
정진호,61208
이현호,61214
안규영,61215
라미레즈,61230
최현진,61228
페르난도,61231
니퍼트,61240
가야마,61257
최현정,61267
이정호,61262
양현,61268
박동일,61273
강흠덕,61284
황인권,61291
백진우,61293
강동연,61295
정범수,61304
이태양,61323
윤지웅,61329
알드리지,61332
고종욱,61353
문우람,61363
김도현,61360
이희성,61357
조영연,61359
김만효,61364
김대우,61365
홍성갑,61366
조용성,61390
김호연,61392
김기한,61391
신영재,61394
김민재,61395
박정준,61396
김준희,61402
김헌곤,61404
심창민,61411
저마노,61434
가코,61435
매티스,61444
오태선,61458
윤영삼,61456
임현준,61457
김정혁,61463
유원선,61470
이경록,61487
신희섭,61490
정명현,61489
정우양,61492
황수범,61496
명재철,61495
김태욱,61498
조원태,61494
김명성,61527
백왕중,61532
송보람,61540
이지혁,61542
코리,61541
양대원,61544
김민하,61554
이정담,61557
양동운,61560
방힘찬,61563
박기민,61564
장국헌,61565
허일,61566
백재엽,61567
이경우,61569
김사훈,61591
문양식,61598
임영학,61599
김우경,61595
전준수,61600
유재혁,61604
김대웅,61611
트레비스,61629
홍건희,61643
박기철,61650
윤정우,61652
정상교,61658
박세준,61667
한승혁,61666
우병걸,61665
다카하시,61678
히라노,61689
한성구,61693
김민섭,61694
강경학,61700
임태환,61695
허정우,61698
김용호,61710
유창식,61715
오넬리,61726
바티스타,61727
오준혁,61743
나성용,61742
임신호,61760
이영기,61765
박건우,61763
박병우,61764
문재현,61767
정연태,61793
김우석,61791
나용훈,61795
김대유,61812
신정익,61830
강석훈,61845
매그레인,61854
고든,61855
이윤재,61865
정진기,61869
고바야시,61881
박계현,61893
타시로,61889
임정우,61891
김주원,61894
서진용,61895
김종진,61898
최진호,61896
부첵,61897
이원재,61927
채선관,61929
김광,61950
김정후,61962
안형권,62002
김정록,62001
김민준,62003
홍재용,62005
안신태,62006
왕민수,62013
윤용준,62012
남윤성,62011
김지성,62007
아리마,62014
홍영찬,62018
윤병호,62016
임현국,62019
오두철,62022
키슬러,62021
이동호,62015
고바야시,62020
김상웅,62017
럼스덴,62023
레알,62024
김경열,62030
김동영,62026
채하림,62028
이원재,62025
김진웅,62032
강민욱,62036
박용운,62034
이성주,62037
이한별,62038
김민,62039
임태환,62040
정수봉,62041
이호진,62043
김경택,62046
이광근,62042
강정민,62048
설재훈,62049
장운영,62047
한상일,62055
정영일,62056
강하승,62066
한희준,62067
유세영,62069
마키하라,62072
정승원,62073
야스다,62071
타테오카,62074
시무키,62076
미우라,62075
야나가와,62078
미나미,62077
나카하라,62081
토요후쿠,62082
아라사키,62083
카마모토,62080
가메자와,62084
쇼트,62079
이이다,62085
시미즈,62089
스즈키,62090
이노모토,62088
사사누마,62086
니호,62092
양야오쉰,62093
이토,62091
타쿠야,62087
치카다,62096
다케다,62098
요시모토,62097
호시노,62095
오바,62099
사카타,62094
전호영,62136
김웅,62148
조윤준,62147
최성훈,62146
나규호,62157
신동훈,62160
이장희,62162
서보민,62167
서상우,62164
이진욱,62168
프록터,62230
류지혁,62234
윤명준,62242
박세혁,62244
신동규,62258
장우람,62255
박민정,62264
유민상,62265
변시원,62263
이토,62283
코마키,62287
이태오,62294
김현민,62292
강화영,62296
지재옥,62302
길민세,62304
밴헤켄,62322
김재현,62332
박종윤,62338
김민,62340
신유원,62345
김병현,62349
김규민,62356
박정음,62353
권택형,62359
김태훈,62360
한현희,62363
이진욱,62364
문의서,62393
박승우,62391
윤성철,62400
류호인,62402
권오경,62401
김현규,62403
구자욱,62404
박찬도,62409
두영진,62410
이동현,62408
이한일,62405
김영훈,62407
성의준,62406
김준호,62413
박해민,62415
최지운,62414
권준일,62424
정두산,62425
김지훈,62430
이동훈,62432
탈보트,62451
박상원,62457
손형준,62462
이준형,62463
노승현,62464
한겸,62466
신용승,62468
이현동,62499
이지모,62522
김원중,62528
윤수강,62537
박휘성,62540
유정민,62546
신본기,62556
김준태,62558
김상호,62559
김현우,62569
김성호,62591
유먼,62597
정태승,62595
오준영,62600
미나미타니,62602
마츠야마,62601
임준섭,62611
전은석,62624
장시하,62633
박지훈,62637
김윤동,62648
앤서니,62644
황정립,62646
홍성민,62655
김경탁,62657
한동훈,62662
윤해진,62668
빌로우,62688
김종훈,62696
윤민호,62691
조태진,62694
라미레즈,62699
소사,62698
김세동,62701
하주석,62700
배민규,62702
김병근,62710
배스,62730
션헨,62731
최우석,62741
엄태용,62748
임기영,62754
장재훈,62758
박찬호,62761
김원석,62768
윤승열,62770
공민호,62774
송우석,62790
임경훈,62793
양성우,62797
이상우,62796
유태현,62801
박승욱,62802
부시,62833
마리오,62859
김민식,62864
임치영,62868
문승원,62869
알바레즈,62877
박인성,62883
최항,62884
이양우,62887
허건엽,62892
한유섬,62895
최정민,62893
정규창,62894
위준호,62896
최윤철,62897
박가람,62902
유상현,62903
윤국영,62905
박민우,62907
이철우,62910
황윤호,62908
김기현,62919
강구성,62917
윤문영,62922
김태형,62918
노건우,62920
박헌욱,62921
유지창,62923
강진성,62925
이민호,62929
김태우,62927
박세웅,62926
노진혁,62931
류동호,62933
방형철,62936
신재영,62937
박종규,62939
김성욱,62934
정진,62941
조영준,62945
이경배,62948
나성범,62947
여승철,62950
김태진,62949
이형범,62951
오세직,62959
최금강,62966
마낙길,62967
김남훈,63003
김진솔,63008
박병우,63015
히가시하마,63016
오무열,63014
곤잘레스,63021
강민구,63025
송일출,63019
이용욱,63020
최승원,63033
안성무,63027
손명기,63032
오오타치,63029
이충희,63034
나카하라,63030
최성락,63042
이이다,63037
카토,63041
장성희,63035
정재우,63036
엄일준,63038
이토,63039
에지리,63040
카사하라,63043
김재현,63045
시라네,63046
김우재,63044
미야자키,63047
시바타,63048
김현석,63050
마사고,63049
신철언,63051
김성한,63056
강진형,63058
정윤혁,63054
정상원,63055
박대원,63053
타츠미,63060
츠카다,63062
카사하라,63063
김민형,63064
카와하라,63061
마토스,63065
박선호,63066
넬슨,63069
황목치승,63077
시아오이지에,63074
김진곤,63088
김경민,63093
김정수,63102
소리아노,63099
류원석,63103
곽무균,63106
이찬원,63105
조근종,63104
허재영,63107
김훈영,63108
류제국,63111
유재상,63110
박범열,63109
강승호,63123
김재민,63125
심재윤,63134
이윤학,63137
백남원,63138
배재준,63145
안진근,63142
오상엽,63148
채우석,63164
김동영,63168
장승현,63202
정수환,63209
올슨,63230
핸킨스,63229
정혁진,63235
함덕주,63248
김인태,63257
천영웅,63262
이우성,63260
송주영,63265
고다,63287
서두원,63290
박소준,63292
유창준,63295
홍재용,63298
박민성,63335
김민준,63339
이상호,63334
조성운,63348
조상우,63342
하해웅,63357
김성진,63358
장시윤,63360
신명수,63363
김경오,63368
신정윤,63391
김진웅,63398
조승범,63394
박태균,63396
김종석,63402
강원형,63414
정승인,63412
밴덴헐크,63432
김성표,63435
이흥련,63440
박재근,63441
김영환,63448
정현,63450
로드리게스,63462
윤대경,63464
카리대,63465
이재익,63492
나준성,63494
곽병선,63495
박진형,63512
구승민,63543
송주은,63550
임종혁,63554
정준혁,63558
백동훈,63559
고도현,63563
김종민,63560
이종하,63564
장익호,63569
이영준,63584
이명진,63590
이동희,63598
김광용,63596
조홍석,63593
서용주,63603
김광연,63601
류기훈,63605
이동훈,63606
배장원,63604
박효승,63610
강하승,63607
송원호,63609
김승현,63608
손동욱,63619
이효상,63620
고영창,63628
박효일,63630
이홍구,63634
고장혁,63636
박준표,63638
박찬,63645
윤민섭,63652
최준식,63657
이다샘,63667
안우주,63665
김민성,63669
나담주,63692
장준성,63697
장운호,63700
황수현,63698
정창민,63701
박한결,63703
백승준,63706
노민성,63705
이건영,63702
노수광,63704
김동조,63711
한승택,63722
신승원,63729
조지훈,63730
이브랜드,63737
권시훈,63744
이충호,63749
김종수,63765
조청희,63786
송창현,63791
조정원,63792
김승현,63794
허재혁,63801
이석재,63800
김강래,63797
전태영,63802
이형삼,63803
세든,63810
레이예스,63857
맥스베너블,63877
이경재,63883
정효원,63884
유영하,63889
모상영,63891
류효용,63890
성양민,63888
김제성,63887
김원준,63893
최민재,63895
김사윤,63894
김병승,63900
김도환,63902
유영준,63903
김정운,63901
윤형준,63905
조우상,63907
손정욱,63914
최재원,63913
김준완,63920
김희원,63933
이효준,63930
이성민,63935
찰리,63939
해커,63938
아담,63940
윤강민,63936
이준평,63944
장현식,63950
이상민,63960
권희동,63963
임정호,63959
윤호솔,63961
장동우,63969
구본욱,63968
박으뜸,63967
임제우,63970
강동호,63973
이기본,63978
김성호,63994
이태초,63992
정연창,63990
박진우,63991
김건우,63997
아라가키,64002
고영표,64001
오카모토,64003
김재곤,64000
바리오스,64005
김민혁,64004
심우준,64006
문상철,64007
이지찬,64013
야기,64010
송민섭,64012
토보,64008
호소야마다,64009
김병희,64014
안승한,64011
박주환,64015
하리모토,64016
안중열,64022
우에바야시,64018
마이크,64020
박세웅,64021
심재민,64017
오오타키,64019
김성윤,64023
칸노,64024
소네,64025
황석호,64031
장현진,64027
이시카와,64028
마츠토미,64026
류희운,64029
허정민,64036
안현준,64041
최현철,64044
시스코,64049
조현우,64047
이범정,64045
이영준,64051
양형진,64055
안상민,64059
강혜성,64063
조경민,64064
이호준,64058
이상원,64067
윤영윤,64066
유영현,64068
박재현,64075
오키,64077
델로자리오,64083
웨이테,64084
채기영,64085
신성현,64086
정유철,64087
홍권민,64091
정영,64089
이용래,64088
이용균,64090
홍성혁,64093
정규식,64092
산플레어,64094
강우찬,64095
강태훈,64096
강대진,64099
한석현,64101
최민국,64098
박재욱,64100
알바라데호,64097
한규현,64108
오세민,64107
김정택,64109
이지훈,64111
이주호,64110
장준원,64115
고석찬,64112
양원혁,64117
마데이,64123
티포드,64136
양석환,64153
조쉬벨,64154
임지섭,64155
스나이더,64158
리오단,64157
배정대,64166
류형우,64164
조윤성,64187
진재혁,64198
정은재,64202
칸투,64203
윤기백,64205
홍영현,64204
김영은,64206
유지훈,64207
정기훈,64209
심형석,64214
최용제,64213
마야,64219
볼스테드,64230
최형록,64244
한주성,64255
김경호,64260
최병욱,64259
이성곤,64266
전용훈,64267
토시유키,64282
문진제,64288
김종원,64294
김형문,64301
로티노,64302
김하성,64300
이용하,64312
임지열,64340
임병욱,64346
하영민,64350
구자형,64354
안영태,64376
박병훈,64391
이재림,64395
김광영,64394
이희웅,64399
박제윤,64400
정윤기,64398
우준석,64397
김윤환,64396
전경환,64401
김희준,64403
백종헌,64409
백승민,64410
김호재,64407
이인승,64411
마틴,64430
나바로,64440
안규현,64462
이수민,64464
박계범,64468
송준석,64469
김희석,64492
최선호,64493
홍유상,64496
배진선,64495
구준범,64498
정세현,64500
김재현,64499
배성근,64501
신승철,64502
오윤석,64504
권태양,64507
이상준,64511
히메네스,64553
신원재,64557
문동욱,64554
이창진,64560
이인복,64565
김준용,64569
강경선,64573
모토니시,64578
김재열,64580
마상우,64590
김유영,64596
심규범,64594
박세민,64601
이은총,64602
손성곤,64607
우경삼,64606
박서준,64613
강한울,64610
정정환,64612
서명지,64614
차명진,64615
김지훈,64640
어센시오,64641
김영광,64645
박찬호,64646
류현철,64648
토마스,64659
박준태,64657
홀튼,64658
이진경,64662
최원준,64669
하세베,64682
박진두,64697
필,64699
박종하,64693
이창열,64706
노태형,64704
최영웅,64710
정유빈,64713
김선호,64712
김용섭,64714
김성호,64715
지시완,64717
문진범,64711
최영환,64718
이태희,64716
한대현,64720
김정수,64719
박준혁,64724
김경도,64728
앨버스,64737
정유찬,64743
피에,64746
클레이,64761
황영국,64760
서균,64759
타투스코,64762
박한길,64764
조이현,64768
정광운,64769
김민수,64793
전종석,64800
김용진,64801
이승진,64805
조성모,64802
박철우,64804
임재현,64803
김승리,64811
조우형,64821
울프,64824
이건욱,64861
스캇,64864
조용호,64868
박규민,64889
유서준,64890
박민호,64893
이진석,64895
서동민,64896
윤여훈,64902
김태강,64903
나세원,64898
강민철,64901
강민국,64906
김건효,64905
강장산,64907
홍정준,64908
테임즈,64914
이지우,64915
박대온,64944
웨버,64956
김학성,64960
김상용,64976
김태진,64984
이찬우,64989
장민호,64993
홍지운,64987
구황,64994
정성민,64992
백경덕,64998
배재환,64995
박충식,65001
마르테,65005
카키노키,65013
카지야,65014
마에다,65019
오오바,65029
코야마,65024
타츠미,65025
사이토,65026
야마시타,65028
카네코,65034
신민재,65033
코노,65035
키타가타,65037
이시카와,65038
어윈,65036
쿠리하라,65031
김태훈,65040
김만수,65044
홍성무,65042
시마부쿠로,65039
히다카,65041
김민수,65048
댄블랙,65052
우에바야시,65051
이토,65049
엄상백,65056
이창재,65057
김무영,65061
후루사와,65059
정성곤,65058
김재윤,65062
주권,65060
카사하라,65063
윤수호,65064
한덕교,65069
조무근,65067
이노모토,65068
나카무라,65073
마사고,65074
천종민,65078
민창호,65079
카사야,65076
이시미네,65090
박휘연,65091
박태원,65093
박두현,65092
정주후,65096
이성복,65094
박광현,65095
김량훈,65097
히메네스,65103
한나한,65104
백승현,65109
안익훈,65115
김해현,65118
이상규,65117
신민기,65119
박성준,65120
윤경원,65123
노병채,65124
김승훈,65122
박지웅,65125
김재성,65132
박지규,65136
루카스,65137
최민창,65157
조학진,65160
루츠,65203
박종욱,65204
박성민,65206
신민재,65207
박원빈,65208
사공엽,65209
스와잭,65219
로메로,65233
채지선,65241
방건우,65247
고봉찬,65259
정인석,65265
남경호,65264
김민혁,65269
정진철,65293
이규섭,65301
유대한,65300
백찬이,65302
문승환,65303
김상현,65305
강백산,65309
한승민,65308
이성진,65306
김은성,65304
허승혁,65314
최원태,65320
피어밴드,65331
김택형,65343
김해수,65345
박주현,65348
송성문,65357
송우현,65362
정용준,65368
김정인,65392
미야모토,65390
임혜동,65393
임규빈,65398
허정협,65399
권현규,65403
윤영수,65405
김민석,65401
김영한,65406
김주온,65411
권정웅,65412
이상학,65413
배진호,65414
류현동,65417
허정수,65416
차희태,65424
클로이드,65425
피가로,65444
최민구,65447
김기환,65462
최정용,65464
홍정우,65496
김지수,65503
오윤석,65502
김훈호,65500
이기표,65501
박정현,65505
김재유,65506
김선균,65510
김대륙,65513
차재용,65509
강태율,65514
배제성,65516
강로한,65515
윤세곤,65517
강동우,65518
오승우,65519
김강현,65522
아두치,65523
레일리,65546
린드블럼,65543
석지형,65548
윤영진,65582
이진오,65583
김종훈,65584
전병우,65586
안태경,65591
손준영,65589
류호진,65593
황대인,65610
황인준,65614
황인준,65618
이민우,65616
고재황,65615
박정우,65620
박동민,65617
유성광,65621
김성현,65619
이정현,65622
최근태,65623
임세황,65624
고지원,65625
에반,65630
박정수,65639
문경찬,65643
김호령,65653
험버,65659
스틴슨,65658
이종석,65661
이준영,65665
타케시,65682
김명찬,65696
김정민,65702
임성수,65701
임석현,65704
이도윤,65703
김정호,65709
박준범,65705
신세진,65706
원창식,65711
주현상,65707
윤보성,65708
박철우,65724
김차연,65725
전형근,65722
모건,65733
로저스,65742
폭스,65762
김민우,65764
김범수,65769
아베,65773
후루쿠보,65782
니시모토,65787
다테이시,65788
봉민호,65802
이재관,65801
홍준표,65803
전종훈,65804
박창민,65813
고윤형,65820
브라운,65823
조한욱,65827
박세웅,65844
켈리,65856
이현석,65869
유상화,65894
허웅,65896
이정호,65902
장혁진,65903
문석종,65901
신동민,65897
김웅빈,65898
김민욱,65904
최승민,65905
박지원,65907
김민호,65906
장기훈,65910
류재인,65908
송동욱,65909
스튜어트,65931
이호중,65937
구창모,65933
배준빈,65948
류진욱,65949
이훈,65958
이우석,65964
카와세,66000
노유성,66001
우현규,66003
이병훈,66002
임지한,66005
이민욱,66004
박상원,66006
김민우,66007
히고시,66013
김선기,66018
강승훈,66023
리두슈엔,66025
노자와,66029
호리우치,66031
코다마,66030
피노,66032
와타나베,66037
나카무라,66036
코자와,66040
한승지,66039
박세진,66047
타니가와라,66045
타카하시,66048
로위,66050
마리몬,66049
차타니,66055
남태혁,66052
임도혁,66056
쿠로세,66061
김태오,66064
마츠모토,66066
서의태,66068
장현우,66069
카사야,66067
한지빈,66088
양효석,66094
김도영,66098
천원석,66103
홍창기,66108
이동규,66109
양효준,66111
김기연,66112
김태영,66114
이정윤,66115
김호은,66113
허프,66138
김대현,66145
코프랜드,66154
유재유,66160
김주성,66162
신창희,66202
고봉재,66201
구자욱,66205
오석,66206
이태민,66204
구강현,66200
서예일,66203
조수행,66209
정덕현,66208
후지오,66210
황경태,66207
김관일,66211
이찬기,66212
홍성호,66233
보우덴,66226
에반스,66244
양구열,66243
이영하,66291
최민섭,66301
김응수,66300
김진건,66304
김태완,66303
박승주,66305
채상현,66302
대니돈,66306
박근만,66307
배근용,66308
김홍빈,66309
안준모,66311
이동건,66312
박경택,66313
코엘로,66323
맥그레거,66324
주효상,66354
안현석,66357
유재훈,66359
안정훈,66367
도나치,66382
스펜서,66390
김종덕,66392
김성현,66397
조민성,66393
이찬석,66398
김성택,66399
안주형,66406
최승민,66403
전승현,66405
웹스터,66402
이성규,66409
안창하,66412
김결의,66410
플란데,66423
김영덕,66422
벨레스터,66440
이케빈,66444
레온,66446
최충연,66451
발디리스,66452
김성훈,66462
남기효,66464
황선도,66469
김승현,66492
임대한,66493
이윤효,66495
최주엽,66496
이준형,66501
이찬건,66504
나경민,66508
이진영,66512
최승훈,66518
이예찬,66517
맥스웰,66523
임지유,66558
한승혁,66557
박선우,66556
정종진,66564
김영일,66563
김성재,66565
안준영,66568
김남길,66569
조준영,66598
최원준,66606
전상현,66609
김규성,66614
류승현,66615
최재원,66621
문성우,66618
김기웅,66617
조재형,66624
유근상,66625
김현준,66630
신윤철,66629
지크,66628
권유식,66623
김성민,66627
이승우,66631
헥터,66643
이진영,66657
남하준,66660
정동현,66659
신범수,66662
서덕원,66663
김찬균,66701
이시원,66702
염진우,66703
김태연,66704
권용우,66705
신동성,66708
박상언,66707
장진혁,66706
강상원,66710
방윤준,66709
오경우,66713
박기환,66714
김인환,66715
송찬혁,66719
정경운,66716
장대한,66720
이용석,66718
로사리오,66740
서캠프,66742
김재영,66741
카스티요,66750
김주현,66749
마에스트리,66748
바바,66773
고바야시,66789
하성진,66802
노관현,66804
고메즈,66805
김찬호,66801
김민재,66803
박광명,66806
최수빈,66807
라라,66825
임석진,66833
김동엽,66838
정동윤,66858
김주한,66859
안상현,66864
이준우,66900
김찬형,66917
최성영,66920
박준영,66928
김준현,66943
김한별,66956
정수민,66960
최우재,66963
이재율,66968
도태훈,66965
임서준,66990
조원빈,66992
이민준,66998
문성용,66996
최재혁,66995
김민성,67001
박동건,67002
홍현빈,67005
김창권,67003
안치영,67006
송진우,67000
박진우,67004
이대은,67008
배광환,67007
김웅진,67009
김종성,67016
허률,67010
로하스,67025
모넬,67024
오오모토,67026
다나카,67027
로치,67033
타시로,67035
하세가와,67034
모리야마,67038
시미즈,67041
마츠모토,67042
조병욱,67045
한대겸,67049
후루야,67050
콜라스,67044
이정현,67048
문상인,67063
이종혁,67066
미모리,67068
쿠키,67065
이재근,67092
김민섭,67094
한기원,67095
이구름,67096
김광수,67118
오석주,67116
신경모,67117
고우석,67119
김태형,67122
전준호,67123
로니,67134
손주영,67143
이창율,67159
김성협,67169
박부성,67168
이찬혁,67164
박유연,67202
신민철,67201
김승현,67208
이유찬,67207
계정웅,67206
안준,67209
김명신,67246
지윤,67260
문원,67259
박찬범,67262
박성환,67264
최원준,67263
백민규,67265
전태준,67269
박치국,67266
김승후,67291
김혜성,67304
오설리반,67312
브리검,67313
정윤호,67335
최규보,67344
이정후,67341
이병규,67363
오윤성,67360
양지율,67365
김동우,67370
김재웅,67391
초이스,67394
김태수,67401
곽경문,67405
최종현,67412
임승빈,67414
문용익,67419
조유성,67415
박준철,67418
손건호,67416
정성훈,67422
최지광,67421
조현덕,67426
이은형,67425
레나도,67423
페트릭,67435
장지훈,67443
러프,67450
김성윤,67449
나원탁,67454
김시현,67467
시라사카,67471
김민수,67504
김종환,67519
고성우,67527
나균안,67539
박성민,67554
마켈,67558
홍지훈,67563
애디튼,67559
송창현,67564
이재욱,67568
이지원,67569
윤성빈,67588
강동호,67591
최민국,67592
번즈,67598
이승호,67603
강이준,67604
송후섭,67606
김용인,67608
박정우,67609
최승주,67611
김석환,67610
유승철,67640
이정훈,67644
이동희,67647
팻딘,67645
박진태,67646
버나디나,67650
정윤환,67668
배요한,67684
정상옥,67694
고영득,67695
박상원,67703
김기탁,67711
여인태,67709
김지훈,67708
김명서,67718
박진수,67716
이주형,67719
김진영,67737
오간도,67748
비야누에바,67742
김성훈,67762
원혁재,67760
김태욱,67768
나카시마,67781
김기태,67800
조문성,67801
이재록,67803
김표승,67806
김두환,67804
최현석,67802
정영광,67805
이정범,67807
다이아몬드,67815
워스,67827
김성민,67828
남윤성,67840
밴와트,67845
이원준,67863
로맥,67872
예이츠,67884
데이브존,67887
힐만,67888
남지훈,67890
권기영,67894
박성한,67893
김수윤,67900
조무성,67903
천재환,67905
강병무,67902
김호민,67901
김병재,67907
스크럭스,67935
신진호,67944
맨쉽,67948
김태현,67956
김진호,67954
소이현,67962
김현종,67984
김영중,67989
권법수,67991
이재용,67993
김달환,68000
양승혁,68002
박준혁,68003
박우혁,68001
오오타케,68013
슈토,68021
오가타,68020
요시즈미,68026
스나가와,68027
최이준,68036
마스다,68033
히구라시,68039
오스카,68044
김민,68043
강백호,68050
타우라,68056
신병률,68067
고명성,68069
박시윤,68068
조대현,68089
이창엽,68087
한두솔,68092
윤강찬,68093
백선기,68096
박주현,68097
최현준,68100
가르시아,68103
조선명,68107
이재원,68106
송찬의,68110
김의준,68109
이나현,68114
최우혁,68117
문성주,68119
최현성,68124
김영준,68130
윌슨,68135
이강욱,68157
성동현,68159
박성모,68201
권민석,68204
전민재,68205
김민규,68200
배창현,68207
신현수,68208
이승민,68211
정우석,68209
곽빈,68220
후랭코프,68240
정철원,68242
반슬라이크,68245
파레디스,68244
박신지,68249
현도훈,68260
김호준,68269
고토,68289
정동욱,68304
조병규,68300
이재승,68301
조재건,68303
배현호,68302
변상권,68305
이재영,68306
김한솔,68307
예진원,68330
안우진,68341
샌즈,68345
김수환,68346
추재현,68362
신효승,68391
보니야,68400
노윤상,68397
김윤수,68403
박용민,68406
맹성주,68409
공민규,68407
김동찬,68411
김선우,68416
양창섭,68415
채상준,68414
안도원,68413
최채흥,68419
아델만,68435
김용하,68453
김태우,68454
윤정빈,68463
서주원,68468
이태훈,68466
최하늘,68501
이호연,68504
장두성,68507
정보근,68518
한동희,68525
이승헌,68529
듀브론트,68526
정성종,68556
김성진,68588
김도규,68585
박지호,68594
김동우,68589
김현,68592
오정환,68614
박희주,68620
김승범,68616
문장은,68618
윤중현,68619
백미카엘,68617
신제왕,68625
하준영,68639
한준수,68646
김유신,68659
윤희영,68661
이원빈,68669
이원석,68700
김진욱,68701
강명준,68702
박성웅,68703
김민기,68707
양경민,68708
오흥진,68704
임지훈,68705
정문근,68709
이성원,68706
호잉,68730
정은원,68743
휠러,68742
샘슨,68748
이승관,68797
김형욱,68796
유호식,68801
김재민,68799
성시헌,68798
헤일,68794
장근령,68795
강동권,68803
최상민,68805
최경태,68802
이희재,68804
산체스,68815
김정우,68830
조성훈,68848
최민준,68856
전경원,68869
최준우,68868
이채호,68896
이동근,68895
김영규,68900
이도현,68905
오영수,68904
신민혁,68902
이인혁,68901
김철호,68906
김경년,68907
최보성,68909
이국필,68913
김재균,68908
이승헌,68910
노병훈,68911
김형준,68912
김시훈,68928
왕웨이중,68948
베렛,68953
공수빈,68968
고정환,69001
이진호,69003
노무라,69005
홍주성,69004
이상섭,69002
와타나베,69013
니시다,69022
스나가와,69027
요시즈미,69026
카사하라,69030
쿠에바스,69032
오카모토,69033
시게타,69038
마스다,69034
히구라시,69039
와타나베,69040
이정훈,69035
손동현,69041
전용주,69047
나카무라,69042
알칸타라,69045
반도,69050
이상동,69054
박민석,69056
고성민,69055
우에바야시,69051
미즈타니,69059
강민성,69064
이선우,69068
게레로,69089
지강혁,69093
박준호,69096
김성훈,69098
구본혁,69100
김성진,69105
문보경,69102
켈리,69103
남호,69104
이지강,69108
한선태,69111
임준형,69113
이정용,69134
조셉,69150
강정현,69158
정우영,69159
페게로,69165
이상영,69168
이권엽,69195
유현원,69196
김종욱,69199
안용완,69197
박종곤,69198
송승환,69203
전루건,69204
이교훈,69205
정현욱,69208
전형근,69211
김태근,69207
이민혁,69206
추종민,69212
페르난데스,69209
김문수,69210
윤산흠,69213
최지원,69214
최현준,69219
김대한,69238
정현민,69305
김주형,69306
박주성,69328
주성원,69332
요키시,69343
조영건,69360
김인범,69367
박준형,69363
이명기,69366
조범준,69391
이건우,69387
김준연,69394
김신회,69393
윤정현,69399
김준우,69404
양우현,69403
윌리엄슨,69405
서장민,69408
맥과이어,69413
박승규,69418
이해승,69416
김연준,69420
이병헌,69428
오상민,69430
헤일리,69435
라이블리,69439
김도환,69442
원태인,69446
이학주,69453
김민수,69500
오영욱,69501
박용욱,69502
박영완,69507
신윤후,69508
조현수,69512
김현수,69516
고승민,69517
김현우,69518
아수아헤,69530
서준원,69539
톰슨,69550
윌슨,69569
강민성,69585
김동규,69592
박진,69594
해즐베이커,69605
민경남,69601
장경호,69599
김기훈,69620
이태규,69623
김창용,69628
나용기,69630
김민수,69627
이호현,69629
박수용,69633
오선우,69636
터너,69640
양승철,69646
홍원빈,69643
장지수,69645
터커,69652
윌랜드,69656
김건,69702
조한민,69705
오동욱,69703
김영우,69709
김민석,69704
김관호,69708
박재형,69710
허관회,69706
이청현,69711
최준혁,69712
변우혁,69727
노시환,69737
서폴드,69744
김도현,69745
채드벨,69748
박윤철,69762
정이황,69767
유로결,69766
타나베,69775
김도엽,69799
서상준,69803
최우성,69797
최경모,69802
허민혁,69801
이영훈,69798
전진우,69805
채현우,69804
김규남,69810
강인호,69808
박준영,69809
하재훈,69813
김창평,69825
백승건,69839
김성민,69860
다익손,69861
최수호,69893
스몰린스키,69901
박주찬,69900
버틀러,69934
루친스키,69940
프리드릭,69953
베탄코트,69950
박수현,69965
송명기,69962
전사민,69969
배민서,69974
김범준,69980
최시혁,69984
최정원,69992
하준수,69991
박지한,69994
노시훈,69996
유영준,69997
서호철,69995
최경환,70117
경헌호,70121
최승환,70122
쿡슨,70124
테이텀,70123
장준관,70135
김광수,70142
해리거,70143
윤현식,70148
김성준,70154
박재형,70164
최철영,70168
이기중,70169
표성대,70212
파머,70220
강봉규,70224
문상호,70231
정원석,70240
장원영,70241
박찬협,70251
정진용,70249
장교성,70303
윌리엄스,70309
카펜터,70310
오윤,70312
퀸란,70317
신철인,70323
유인보,70324
마일영,70329
한동희,70332
브링클리,70335
김동성,70342
김성태,70345
윤인섭,70344
박승민,70349
이상현,70352
김지성,70358
이동학,70356
전근표,70364
박정환,70408
김주찬,70410
프랑코,70414
배영수,70425
남기헌,70427
박영진,70430
이용훈,70434
정경주,70432
가르시아,70441
이명호,70444
박수환,70448
백주한,70453
정승찬,70454
구민호,70464
우드,70503
차정국,70523
강민영,70531
김무성,70533
정진수,70540
화이트,70542
박창원,70543
박기혁,70553
전영삼,70546
임성택,70554
선성균,70559
박효순,70571
박정현,70604
김상훈,70612
양현석,70608
강영식,70615
홍세완,70626
조홍준,70625
최영완,70630
타바레스,70641
포조,70640
미첼,70644
배스,70643
김상현,70646
김원일,70648
최길성,70649
윤형진,70655
최동연,70706
조윤채,70723
김장백,70719
이상현,70738
허진석,70750
서도원,70749
장재혁,70754
조규수,70755
이범호,70756
박성진,70763
방진호,70766
손석만,70802
장재명,70806
신주일,70814
김민환,70819
이승호,70820
김교욱,70815
채종범,70833
배홍철,70832
브리또,70834
뮬렌,70831
혼즈,70837
신승현,70839
조병찬,70838
콜,70840
엄정욱,70855
김형규,70851
풀리엄,70865
박용진,71120
이동현,71118
발데스,71123
린튼,71125
최성현,71134
박만채,71136
신경석,71138
라경준,71148
김수환,71143
김재학,71150
박진형,71163
이성우,71184
최경훈,71201
이대현,71202
김원섭,71207
베넷,71220
김민성,71238
윤태수,71252
김태영,71255
황규택,71265
장인규,71263
이재우,71260
김덕용,71261
김태구,71267
니일,71299
필립스,71325
설의석,71334
테일러,71339
여승현,71343
장민석,71347
엔리케스,71353
이철기,71358
강의석,71396
바에르가,71412
리베라,71414
마르티네스,71419
박한이,71432
이성수,71429
이정호,71433
김덕윤,71440
토레스,71441
갈베스,71443
황영구,71454
정정오,71458
조정권,71463
신명철,71504
권오현,71509
칸세코,71522
레이,71536
얀,71543
이대일,71551
최준석,71552
김장현,71550
박상민,71558
박종윤,71562
이대호,71564
김제빈,71563
박영호,71569
이우민,71565
김민철,71609
김경언,71610
정원,71636
리치,71642
이윤학,71641
오우진,71638
산토스,71643
권민성,71650
루이스,71653
심제훈,71648
레스,71649
김주철,71661
젠슨,71663
박정규,71664
김백만,71708
워렌,71720
서창호,71713
에반스,71719
지승민,71715
차베스,71721
누네스,71727
리스,71728
윈스턴,71729
이송영,71744
고상천,71745
김태균,71752
박정근,71748
유영민,71753
정진원,71757
김대원,71761
김무성,71763
김기동,71765
정대현,71801
곽국희,71809
김동건,71806
박준서,71815
오승준,71827
조형식,71823
에르난데스,71829
조중근,71835
김강민,71837
정상호,71842
채병용,71845
윤영보,71849
이우인,71852
김건한,71851
한승진,71854
조동화,71848
에레라,71859
박재상,71857
김장준,71867
이준,71901
김우석,72108
만자니오,72123
케펜,72124
박용택,72133
김용우,72131
추승우,72139
김광희,72143
유광일,72155
손명래,72156
박도현,72154
서승화,72157
김세중,72160
안치용,72161
김광우,72163
오태근,72169
세이케,72177
이일의,72195
이민택,72202
고영민,72214
유재웅,72220
이재영,72216
구판진,72239
최인성,72244
김명효,72248
이경환,72253
유석호,72256
황덕균,72261
김학재,72268
김민우,72303
강귀태,72312
조재호,72313
박우호,72314
배힘찬,72321
폴,72322
강병식,72325
허웅,72324
이대환,72333
소중형,72336
프랭클린,72337
문정환,72339
최환인,72340
토레스,72342
베라스,72350
송선목,72353
조용준,72351
윤성귀,72356
최동진,72398
엘비라,72412
현재윤,72427
패트릭,72428
박봉수,72432
김현수,72442
이태호,72448
최형우,72443
최무영,72450
루크,72444
권혁,72447
임세업,72458
손주인,72456
권오원,72454
이준민,72452
김민수,72457
노병오,72461
조동찬,72466
안지만,72463
문정호,72503
매기,72513
고효준,72523
허일상,72522
이명우,72535
베로아,72543
문규현,72546
김정현,72548
해처,72553
이정민,72551
김풍철,72554
신원주,72556
전용종,72560
변인재,72562
신종길,72559
이현곤,72606
김규태,72608
홍찬영,72613
조민철,72623
강철민,72627
김진우,72641
박상중,72642
문수호,72643
장준영,72645
펨버튼,72650
신용운,72649
키퍼,72653
뉴선,72654
리오스,72659
유혜정,72720
가르시아,72736
채상병,72742
신주영,72739
정병희,72743
마정길,72749
조현수,72752
피코타,72756
송혁,72765
김민규,72767
제춘모,72801
박창근,72813
서성종,72822
박두일,72819
페르난데스,72824
러핀,72838
김지완,72840
곽철병,72846
김재구,72850
윤형국,72852
송정훈,72853
잉글린,72859
이대수,72860
윤길현,72862
손용수,72918
박경수,73113
우규민,73117
알칸트라,73123
이성열,73136
이중훈,73148
이경민,73156
이대형,73153
정재복,73166
김진유,73168
나주환,73209
노경은,73211
손시헌,73213
김만윤,73224
전병두,73228
김성배,73226
백승훈,73231
정종수,73232
이리키,73229
쿨바,73233
정재훈,73241
노기환,73239
백대운,73246
김승회,73248
권영석,73304
지석훈,73306
신동민,73317
브룸바,73324
바워스,73322
이종욱,73339
노환수,73343
이택근,73342
이유섭,73350
류상문,73357
권도영,73363
안상국,73402
강명구,73409
임동규,73413
권동식,73415
김태훈,73416
김문수,73419
라이언,73424
김형근,73421
김영복,73438
주재필,73440
윤석현,73441
허연철,73468
곽용섭,73455
보이,73503
이석만,73508
정보명,73513
김휘곤,73521
양성제,73537
박정준,73543
김영화,73540
모리,73553
페레즈,73559
이시온,73564
이인구,73563
김주용,73565
조인신,73567
이시이,73588
차일목,73602
김주호,73604
서동욱,73606
고우석,73629
임준혁,73632
박창열,73641
최재익,73648
이정상,73654
조태수,73657
존슨,73653
최건호,73650
최동락,73666
이케우치,73675
한상훈,73703
맹진국,73713
문용민,73720
이양기,73725
고지행,73732
안영명,73738
전경일,73745
장순천,73748
메히아,73747
에스트라다,73746
신민기,73736
윤규진,73750
최민준,73757
송은범,73801
한상준,73817
최경철,73824
스미스,73823
김형철,73827
이영욱,73825
정정호,73829
조진호,73830
디아즈,73848
송수근,73853
양승학,73856
김재천,73859
박기남,74103
후타도,74123
쿠퍼,74124
마틴,74125
민경수,74130
장진용,74139
손기현,74146
이시찬,74148
구인환,74154
강창주,74157
김태완,74158
송현우,74160
이용규,74163
심수창,74167
허용,74169
김재호,74206
윤석민,74215
이경민,74219
용덕한,74223
김수훈,74229
홍마태,74239
남찬섭,74240
방승재,74242
구명환,74244
김혜겸,74246
이원희,74247
구자민,74234
홍석균,74250
송수,74256
김무학,74260
최현종,74304
피어리,74336
박상진,74338
유한준,74339
이승주,74346
조평호,74358
장요상,74362
박건우,74363
오주원,74359
김선일,74366
김동건,74368
우원식,74391
이정식,74402
오상준,74404
정광섭,74412
로페즈,74430
오리어리,74429
허재인,74444
서홍준,74449
진종길,74456
호지스,74458
채형직,74453
이장희,74459
윤성환,74454
박석민,74465
안태영,74460
장원준,74513
김수화,74529
김태우,74536
라이온,74534
강민호,74540
최대성,74543
이정동,74548
곽주섭,74558
김종성,74560
허준혁,74556
황이갑,74559
성민국,74562
박진환,74565
서정호,74564
김주형,74605
이동현,74620
박근홍,74630
주창훈,74635
박강우,74643
권희석,74644
김성호,74642
이상화,74647
이영수,74650
마뇽,74653
김성계,74651
권영근,74704
엔젤,74723
조문기,74720
조영민,74726
최진행,74729
김창훈,74728
송창식,74731
고동진,74745
이창훈,74746
정재원,74748
박노민,74756
윤경영,74761
안용휘,74807
김종민,74817
임훈,74823
카브레라,74828
최혁길,74836
윤희상,74838
박권수,74840
박정권,74846
김원,74849
지훈,74858
정우람,74857
백자룡,75113
박병호,75125
손상정,75131
신재웅,75138
강병우,75143
홍성용,75149
정의윤,75151
클리어,75154
왈론드,75155
마테오,75156
이윤호,75164
박가람,75174
랜들,75230
이윤호,75236
윤형관,75238
스미스,75245
이호성,75244
박정배,75250
김하람,75253
김명제,75255
금민철,75258
강관식,75259
서동환,75261
윤승균,75266
조현근,75268
차화준,75307
손승락,75321
캘러웨이,75324
김기남,75326
서튼,75333
오재일,75334
이보근,75342
전유수,75340
오성민,75347
김동현,75349
허준,75344
이상우,75356
유덕형,75392
유용목,75404
박재민,75414
김현중,75419
오승환,75421
백준영,75427
바르가스,75429
곽동훈,75424
조영훈,75441
해크먼,75444
손승현,75442
하리칼라,75443
강유삼,75458
최재현,75462
김명규,75461
박성훈,75464
박병일,75465
코야마,75500
김진석,75504
최혁권,75523
조정훈,75537
이재율,75539
펠로우,75551
이동훈,75554
문왕식,75553
김범석,75560
황준영,75563
이원석,75566
윤현기,75567
이종우,75570
이준휘,75571
카토,75580
송산,75612
최훈락,75608
이기남,75613
윤석민,75620
이범석,75635
백정훈,75640
임성민,75648
블랭크,75653
김정수,75662
그레이싱어,75659
차정민,75663
곽정철,75668
백승룡,75705
전현태,75706
윤현민,75728
윤근영,75730
스미스,75734
오재필,75736
김동영,75739
양훈,75750
정희상,75762
조태훈,75757
서민욱,75763
문형천,75764
조성민,75799
원태진,75804
정근우,75808
최준원,75819
크루즈,75828
차바치,75830
김동규,75832
산체스,75831
권덕준,75843
최정,75847
장찬,75848
전준호,75853
김선규,75852
홍성수,75861
김태환,75859
김진성,75867
이병규,76100
원종현,76118
베로커,76120
김기표,76119
신창호,76140
윤동건,76146
텔레마코,76154
최승준,76158
아이바,76156
박영주,76164
민경재,76168
김영롱,76165
김회권,76169
카라이어,76199
홍병오,76220
김건국,76225
이승엽,76231
양의지,76232
유상우,76234
박진원,76235
정재훈,76240
민병헌,76249
송영찬,76253
박성남,76257
원용묵,76262
최주환,76267
송승민,76291
김현수,76290
신현철,76304
황재균,76313
유선정,76322
강정호,76325
이현승,76329
장태종,76338
김세현,76350
김기식,76349
조용훈,76357
장원삼,76355
조순권,76360
김동진,76363
유재신,76368
박민주,76393
고관성,76400
황선일,76404
세라노,76410
정홍준,76418
브라운,76429
김상수,76430
이여상,76435
현철민,76443
박세웅,76446
서남석,76449
장준환,76453
김효남,76454
차우찬,76455
양영동,76459
이상민,76460
박정현,76456
김기태,76461
김현준,76457
모상기,76469
강희성,76467
김문호,76509
마이로우,76512
홍유택,76515
서준호,76522
존갈,76525
김용강,76531
나승현,76529
손용석,76536
배장호,76540
김유신,76550
추경식,76556
이승재,76553
박상흠,76564
이진혁,76563
황동채,76562
김정환,76567
야나기타,76573
황연선,76604
한기주,76610
서브넥,76632
스캇,76633
박정규,76638
손영민,76639
진해수,76650
류은재,76656
김요한,76658
박경태,76653
이성준,76664
김준무,76667
변강득,76669
김성환,76704
정범모,76720
류현진,76715
김경선,76729
최주녕,76739
임기범,76742
연경흠,76743
김태완,76746
임재청,76749
송광민,76753
장병탁,76756
안영진,76758
유원상,76757
양승진,76759
신해수,76763
김성현,76802
시오타니,76810
이재원,76812
이한진,76822
김성훈,76829
김남영,76833
피커링,76836
이명기,76849
홍명찬,76854
이장환,76860
박희수,76858
김용태,76863
조용섭,76864
김용섭,76868
김재현,76869
남궁훈,76955
박용근,77104
김유선,77129
최유건,77126
김태식,77143
봉중근,77147
이승우,77154
발데스,77157
김준호,77156
윤성길,77166
옥스프링,77199
이용찬,77211
이원재,77229
이두환,77242
허도환,77243
오재원,77248
임태훈,77251
이용호,77253
조영민,77256
이승학,77257
김강률,77263
이정민,77268
권영준,77264
장시환,77318
김남형,77314
임태준,77326
곽동현,77412
김상준,77423
윌슨,77444
매존,77443
백정현,77446
이동걸,77452
김종호,77454
추승민,77456
김상걸,77457
김동욱,77462
정대욱,77460
채태인,77463
임익준,77464
최원제,77466
이병용,77468
이종훈,77496
리오스,77503
김이슬,77517
손아섭,77532
이창석,77552
박세진,77559
이웅한,77560
이상화,77563
이재곤,77566
김용진,77569
김민성,77564
송승준,77591
이강서,77600
박경진,77602
김연훈,77609
이인철,77621
최희섭,77623
권윤민,77632
양현종,77637
오준형,77641
이호신,77648
로드리게스,77649
이준수,77654
스코비,77658
에서튼,77659
성민규,77670
김주현,77669
강명구,77692
김동훈,77704
서정,77708
크루즈,77725
세드릭,77726
김강,77733
정민혁,77746
김혁민,77748
최연오,77754
최진호,77759
심장용,77823
김광현,77829
위대한,77844
박윤,77848
강승훈,77849
한윤기,77853
레이번,77860
이창욱,77854
로마노,77868
김기현,77869
가토,77880
오오타,77883
후쿠하라,77887
장필준,77927
한승엽,78001
이도윤,78007
김한상,78019
차기훈,78018
이범준,78119
김태군,78122
페타지니,78129
임도현,78128
이형종,78135
정찬헌,78148
노진용,78149
김수형,78164
서건창,78168
박종섭,78205
김용의,78217
김재환,78224
김선우,78232
윤요한,78237
박민석,78243
윤도경,78242
홍상삼,78247
고창성,78248
레이어,78256
진야곱,78257
최재훈,78288
이종선,78304
다카쓰,78333
조성원,78335
임창민,78352
김성현,78353
전민수,78361
이성재,78363
민태호,78366
김경모,78409
김주현,78413
에니스,78431
션,78430
오버뮬러,78435
김건필,78440
강명수,78442
안준형,78449
우동균,78454
허승민,78458
이영욱,78467
전준우,78513
하준호,78517
로이스터,78503
김대우,78536
김일엽,78543
장성우,78548
김수완,78550
강승현,78552
코르테스,78551
아로요,78560
황진수,78566
매클레리,78574
가르시아,78595
김선빈,78603
박진영,78606
나지완,78629
리마,78627
서재응,78640
백용환,78643
전우엽,78650
데이비스,78648
발데스,78649
최용규,78666
디아즈,78665
칸베,78675
박상신,78663
김웅비,78690
이명환,78694
토마스,78726
클락,78725
윤기호,78730
이희근,78739
정현석,78745
김지열,78753
오선진,78756
박상규,78758
정대훈,78760
한윤섭,78762
신석기,78763
김다원,78765
조성우,78767
이성호,78768
모창민,78813
백청훈,78819
김준,78823
이상훈,78847
임성헌,78843
오민철,78849
얀,78853
오현근,78850
권영진,78863
황건주,78861
전빈수,78864
레이,78869
쿠비얀,78868
이세,78882
윤요섭,78892
박현,78926
오지환,79109
문선재,79113
강지광,79130
최성민,79137
한희,79138
최동환,79140
정주현,79150
존슨,79156
변시영,79166
다카하시,79179
윤찬수,79181
김용일,79188
박정훈,79189
채은성,79192
이현우,79194
임도희,79195
차화준,79196
윤진호,79198
배우열,79191
바우어,79199
박건우,79215
성영훈,79222
왓슨,79225
정수빈,79231
유희관,79229
세데뇨,79230
김진형,79234
허경민,79240
조승수,79235
배건하,79246
안동현,79291
이현민,79289
국해성,79290
신효철,79292
김영재,79294
오현택,79293
김지수,79300
장영석,79334
전인환,79339
고원준,79349
박헌도,79356
강윤구,79358
김종민,79364
김종문,79360
박동원,79365
김상수,79402
나이트,79430
크루세타,79435
김지호,79443
이우선,79442
정인욱,79440
이성훈,79449
박민규,79448
오정복,79453
정형식,79459
이지영,79456
임익현,79460
에르난데스,79461
최천수,79462
배영섭,79465
양지훈,79468
나가시마,79473
허준혁,79535
양종민,79530
서성민,79543
오수호,79540
오장훈,79544
진명호,79545
민경수,79557
권영준,79565
애킨스,79596
손정훈,79604
안치홍,79608
정용운,79617
정성철,79621
로페즈,79644
장태성,79642
구톰슨,79650
윤효섭,79653
양동일,79656
박상혁,79657
조동현,79658
유휘봉,79664
유승룡,79662
김회성,79705
김강석,79704
강병수,79720
디아즈,79725
연지,79727
구본범,79748
허유강,79746
황재규,79758
박성호,79760
장민재,79764
김주,79761
김동호,79791
하지호,79804
박현준,79817
여건욱,79825
윤석주,79840
박정환,79844
김태훈,79847
김상록,79852
카도쿠라,79854
글로버,79858
박상현,79866
니코스키,79859
윤중환,79869
김정남,79868
코우조,79888
강성민,79901
윤정호,79908
김정혁,79903
홍순민,79933
김동영,79952
강정남,80002
강병선,80001
김구길,80006
김선훈,80008
김경호,80004
김기홍,80005
김성호,80013
김성수,80012
김성관,80010
김성호,80014
김승태,80015
김신,80016
김영신,80017
김우근,80021
김용달,80018
김일환,80024
김용희,80020
김용만,80019
김응용,80022
김이수,80023
김정태,80027
김종근,80028
김진우,80030
김정무,80026
김진홍,80031
김태업,80032
김진근,80029
김현택,80034
문주모,80038
박명운,80040
김휘욱,80036
김한조,80033
박기수,80039
박성현,80041
박재천,80043
박해종,80047
박전섭,80044
배원영,80049
박희찬,80048
박용성,80042
박종호,80045
박찬,80046
송영운,80056
사인상,80050
송상진,80054
송일수,80057
서정환,80053
송경섭,80052
송형석,80058
신성철,80059
안민석,80060
엄태섭,80071
오덕환,80072
유남호,80075
양현기,80070
유광진,80074
유고웅,80073
윤찬,80080
유성룡,80077
유제룡,80078
윤홍식,80082
윤동균,80079
이경수,80083
윤혁,80081
이군노,80084
이삼열,80090
이근식,80085
이동완,80088
이상훈,80091
이동수,80087
이병억,80089
이근식,80086
이석규,80092
이성득,80094
이영구,80097
이재호,80098
이성수,80095
이정은,80099
이성근,80093
이찬선,80111
이춘근,80112
임창호,80117
임정면,80116
임순태,80114
임신근,80115
이홍식,80113
장정기,80201
정문섭,80203
장훈,80202
정성만,80204
정학수,80502
정재훈,80500
정태관,80501
조만형,80531
조상헌,80532
조호,80535
조흥운,80536
차영석,80538
최광묵,80539
최순하,80561
최무영,80560
최영조,80562
김경훈,80574
최재은,80582
치멜리스,80585
최정기,80583
추상완,80584
쿨바,80587
탁재원,80589
허운,80612
하용석,80611
헤어,80614
홍신차,80618
황규봉,80620
홍순만,80615
홍순호,80617
홍희섭,80619
황윤태,80623
기세봉,81992
정구왕,82001
김유동,82004
함학수,82000
선우대영,82003
정종현,82005
이홍범,82006
박영진,82009
정혁진,82007
박준영,82046
김용운,82114
김바위,82110
김재박,82116
이광은,82121
이길환,82122
정영기,82153
차준섭,82156
유승안,82174
신언호,82173
유종겸,82175
김광수,82210
김경문,82211
방기만,82205
최옥규,82220
박철순,82234
구재서,82243
계형철,82271
구천서,82273
조범현,82279
양세종,82276
신경식,82275
김재현,82303
김진철,82318
양승관,82374
김한근,82410
이만수,82420
박정환,82432
장태수,82460
오대석,82477
허규옥,82480
성낙수,82499
천창호,82512
김용철,82514
김재상,82516
이종도,82559
노상수,82571
차동열,82574
최영환,82581
이재환,82583
김일권,82616
김성한,82612
김종모,82617
한상연,82646
이진우,82664
이윤섭,82665
이선희,82667
조충열,82673
김봉연,82690
이상윤,82698
이광권,82699
방수원,82700
신태중,82702
양일환,82703
김문영,82777
김봉기,82776
박석채,82778
박상열,82775
김대진,82798
김근석,82799
이해창,82873
감사용,82904
인호봉,82954
오문현,82966
김정수,82982
김현홍,82983
박경호,82984
강철원,82992
김문희,82997
김동철,82996
김덕열,82995
권영호,82993
김시철,82998
김용남,82999
김정수,83147
오영일,83171
장호연,83260
한대화,83270
정선두,83272
이광길,83320
이선웅,83321
이원국,83324
정구선,83350
임호균,83371
김동재,83411
김시진,83412
박승호,83431
정진호,83450
장효조,83460
박동경,83470
홍승규,83472
황병일,83473
김호근,83513
박영태,83530
김현재,83539
최동원,83540
엄평재,83561
심재원,83571
한문연,83574
유두열,83573
배경환,83570
안창완,83575
박정후,83588
주동식,83600
송일섭,83670
김명구,83700
신계석,83738
김무종,83800
김경표,83799
김석일,83899
유종천,83977
김상기,83992
장명부,83999
김영균,84113
김봉근,84111
김상훈,84112
김광림,84210
김진욱,84214
최일언,84240
한오종,84274
윤석환,84273
조용철,84393
진동한,84405
김성래,84410
정성룡,84450
전용권,84473
김민호,84510
이문한,84520
홍문종,84573
조성옥,84574
김윤환,84610
문희수,84671
신태순,84700
김명성,84799
김명성,84798
김재열,84993
권기홍,84992
박덕용,84995
김일융,84999
김용수,85110
박흥식,85130
정삼흠,85150
유지홍,85171
윤덕규,85172
김형석,85210
이승희,85220
정은배,85350
양후승,85370
김성갑,85410
김용국,85412
이종두,85420
박창언,85449
박동수,85531
한영준,85571
양상문,85570
우경하,85580
최상주,85617
이순철,85620
선동열,85672
도이석,85701
김기철,85992
김준희,85994
김정행,85993
이충우,85998
고광수,85999
안언학,86101
김건우,86111
김태원,86110
이재홍,86120
서효인,86171
예병준,86170
민경삼,86172
이복근,86220
박형열,86230
박노준,86231
박칠성,86246
최동창,86240
김기태,86303
김신부,86310
김동기,86312
이광근,86321
천성호,86346
조병천,86370
김훈기,86410
성준,86470
구윤,86472
김성현,86510
이창원,86520
최계영,86540
윤학길,86572
임경택,86571
오명록,86570
김평호,86611
김정수,86612
이건열,86620
이우상,86622
장채근,86660
차동철,86670
조도연,86669
강상진,86671
신동수,86672
김상국,86711
김종문,86712
김수길,86716
전대영,86718
이상군,86722
이강돈,86724
한희민,86770
유해덕,86774
고원부,86781
손문곤,86779
임재준,86778
강정길,86780
김경갑,86800
조호표,86799
민문식,86995
김대현,86993
김연철,86994
김강익,86992
김호인,87012
조종규,87013
김영직,87110
박현영,87230
안대환,87270
이연수,87322
최창호,87340
김종갑,87410
김정수,87412
김성길,87413
이척기,87420
최진영,87430
이현택,87421
장태수,87460
류중일,87470
김종석,87510
이재성,87520
박태호,87531
정국헌,87550
전종화,87570
김만후,87610
박철우,87630
송유석,87672
조재환,87671
백인수,87670
김대중,87710
이중화,87722
이동석,87720
이정훈,87721
정상진,87750
장종훈,87760
조용호,87771
김상호,88110
이국성,88120
이용철,88121
문병권,88170
김원식,88210
김용희,88211
정삼룡,88250
길홍규,88271
서일권,88272
하창우,88273
송재박,88274
강규성,88275
김일부,88308
김진규,88310
이상구,88320
박상국,88331
박상범,88330
박정현,88332
원원근,88374
유동효,88372
신완근,88371
곽권희,88373
여태구,88376
이주헌,88420
정윤수,88450
홍성연,88470
정용생,88478
김응국,88510
서정용,88572
고정식,88571
구명근,88570
김성규,88611
서창기,88670
김홍명,88711
김광윤,88710
장정순,88750
안성수,88751
한용덕,88770
조양근,88772
곽동열,88771
오효근,88773
지성규,88774
김기범,89111
김덕근,89110
이승범,89120
박성훈,89131
최훈재,89142
한명수,89170
나웅,89172
전태건,89173
배현우,89174
노찬엽,89175
김종석,89214
김동현,89211
김보선,89212
이진,89220
이명수,89221
김진규,89230
김형균,89269
홍길남,89271
구동우,89270
곽연수,89272
송명철,89273
김풍기,89311
김진한,89310
이희성,89321
박준태,89331
박은진,89330
정명진,89350
정명원,89351
노민승,89370
허정욱,89371
윤성훈,89372
조진구,89397
김상엽,89410
이종옥,89420
박정은,89431
박용준,89430
최해명,89440
정존수,89450
송광훈,89471
유명선,89470
강영수,89476
나광남,89477
강기웅,89475
강종필,89478
김청수,89511
김선일,89512
김인호,89513
김상우,89514
이상번,89520
이종운,89522
서호진,89570
현남수,89572
윤동배,89573
김정훈,89610
김태완,89611
이강철,89620
이광우,89621
이경복,89622
박병호,89630
정동해,89651
장호익,89660
조계현,89670
윤재호,89674
강태원,89672
유창균,89673
문승훈,89675
김용선,89712
김락기,89710
이은승,89720
이종호,89721
박선일,89730
손창현,89772
진정필,89771
성군철,89775
송진우,89770
원근호,89773
손경호,89776
황대연,89777
강석천,89778
정종헌,89784
최달호,90000
정인조,90001
구대진,90003
김기완,90002
김석기,90004
박종철,90012
최한림,90013
공봉구,90018
최해식,90020
김호,90025
김영운,90023
권영구,90211
김만조,90210
강형석,90212
김태형,90214
김상진,90213
손병희,90220
서준룡,90251
임형석,90250
조정수,90261
정재호,90272
최치용,90283
최재룡,90285
최덕현,90282
김력,90310
김민태,90311
김경기,90313
가내영,90312
권준헌,90315
강호규,90314
강광회,90347
임진수,90340
조영상,90351
조웅천,90350
최용철,90372
최광천,90371
김성일,90412
김성준,90416
김성재,90414
김선진,90415
김종철,90413
구동환,90418
김동수,90419
이병훈,90460
조필현,90475
장주덕,90480
최우석,90490
강민기,90510
김도형,90511
김창기,90512
김병수,90513
김종헌,90514
이지환,90521
이동채,90522
박동희,90532
전봉석,90550
손길호,90571
안명호,90574
공필성,90581
유충돌,90580
김형택,90615
김병두,90611
강대성,90613
박현수,90643
양민석,90656
이호성,90658
정회열,90660
조찬관,90671
정성훈,90673
서정필,90670
최태영,90685
최향남,90687
홍현우,90695
이효봉,90759
지화동,90761
임돈영,90771
진상봉,90768
유태완,90774
김인철,90811
이규창,90852
이태일,90850
이상훈,90851
이상목,90853
박홍철,90860
박인구,90869
최현준,90880
정경훈,90876
장진범,90911
송구홍,91006
이종열,91015
이병석,91011
소순배,91032
나진균,91044
서왕권,91059
김성기,91067
나성열,91066
김승남,91101
오희주,91106
문귀석,91104
김재덕,91112
이종택,91114
양회열,91113
이석구,91119
오종우,91138
문기영,91145
김기덕,91151
김태형,91153
김성식,91160
이승배,91168
권영일,91201
강병규,91206
김익재,91202
이종민,91210
김인철,91211
박천유,91212
최영술,91213
전일수,91314
김홍기,91323
정영진,91326
이용호,91328
주경업,91333
이근엽,91344
신상윤,91340
염경엽,91350
백성진,91351
정문언,91355
박일현,91403
이우수,91402
윤용하,91409
이영재,91416
최홍석,91444
최형현,91449
손영철,91448
전상렬,91465
허삼영,91466
신동주,91470
이상범,91471
전준호,91511
박정태,91514
김민재,91523
김태석,91536
박정훈,91542
전호근,91545
김효용,91556
강현철,91558
박재용,91608
최희창,91624
김우현,91699
김석연,91708
김기열,91719
김인권,91729
양용모,91734
임주택,91739
김원근,91750
임성우,91752
임규대,91763
김일훈,91764
공용우,91772
박상현,91778
장진성,91776
정학원,91806
김기태,91803
송인호,91809
강길용,91821
조규제,91818
김상재,91823
권영진,91819
박성기,91831
박기택,91835
김기덕,91833
김경수,91838
김원형,91848
노춘섭,91868
최준호,91871
고승훈,91872
강남규,91870
김형태,91879
유성기,91876
김정수,91875
김동수,91884
박진석,91899
임채섭,91960
조중석,92201
이전진,92206
안경현,92207
권명철,92202
조경택,92204
소상영,92209
장원진,92211
김정규,92210
이상현,92220
노석기,92271
정민태,92301
안병원,92302
장광호,92303
이재주,92304
황윤성,92306
서정민,92309
이경호,92308
장덕영,92310
유영환,92307
오상욱,92311
김흥만,92313
박철수,92402
김정민,92405
곽채진,92404
김태한,92401
오봉옥,92403
박철희,92406
전종진,92408
동봉철,92411
김태룡,92407
박광율,92410
한기철,92409
강두곤,92412
김상현,92502
이요섭,92503
윤형배,92506
배숙현,92504
가득염,92501
염종석,92508
김미호,92511
강성우,92509
박지환,92512
박계원,92510
이태환,92514
김행희,92515
곽재성,92517
김봉영,92602
양승철,92601
김병조,92607
김태동,92608
구한성,92609
신경호,92610
박재벌,92612
김재성,92702
지연규,92701
정민철,92704
김홍집,92708
서석기,92707
신일호,92712
김일혁,92711
방극천,92801
임창식,92802
신현대,92803
박경완,92809
황태호,92806
유태영,92812
이상대,92816
강효섭,92815
유영원,92818
우효동,92817
박종호,92906
김정준,92905
김상모,92904
차명석,92901
조병일,92907
노종우,92913
김유진,92914
민원기,92915
김정민,93112
당신상,93122
강봉수,93121
박재호,93125
김경하,93136
이상훈,93147
최규하,93150
김태민,93154
김혁섭,93155
조한철,93156
최승민,93166
황일권,93201
박상근,93217
김경원,93219
이도형,93225
김민호,93242
추성건,93240
김종성,93243
이용호,93245
공유선,93265
손차훈,93309
김갑중,93314
김홍집,93311
김성준,93332
공의식,93336
계기범,93339
장용대,93349
노승욱,93357
김선우,93362
김민범,93367
최홍주,93404
정영규,93411
박충식,93417
양준혁,93410
김종국,93425
강태윤,93424
최병국,93443
김현욱,93453
최한경,93475
이동수,93494
장재영,93495
정호진,93502
조규철,93525
송태일,93523
김경환,93547
김정훈,93550
박기복,93556
서정민,93551
고성범,93552
권재광,93557
이용석,93601
이종범,93607
김훈,93612
이우혁,93621
이대진,93626
박진철,93628
이재만,93642
이민호,93645
김지영,93656
지윤석,93662
오명종,93670
조용수,93677
허준,93705
구대성,93715
지화선,93720
고기성,93726
노장진,93728
우태원,93723
원현식,93732
김성열,93731
이민호,93748
김정윤,93751
정기창,93802
한혁수,93806
김충민,93812
최태원,93807
성영재,93817
박상수,93838
강희석,93862
박은우,94105
류지현,94106
김재현,94107
신윤호,94126
최동수,94132
인현배,94134
허문회,94145
박철홍,94161
서용빈,94162
박창현,94163
심정수,94204
한태균,94215
나영철,94230
윤기수,94232
김광현,94233
류택현,94228
홍우태,94227
함석원,94250
조연제,94252
김명호,94255
박종무,94258
길랑균,94260
마원성,94268
김성태,94312
이숭용,94310
최인선,94315
하득인,94323
최상덕,94330
곽병찬,94333
문창환,94338
임성주,94353
전준호,94364
최찬욱,94403
김실,94408
감병훈,94419
김태균,94415
최익성,94426
최용희,94429
임채영,94438
박종호,94444
김한수,94450
조문식,94476
김충,94488
하기룡,94490
이철성,94495
임수혁,94511
홍순기,94518
강진규,94532
주형광,94528
강상수,94526
김종훈,94539
박태웅,94541
박지철,94545
윤민철,94549
손동일,94558
한성곤,94562
유진우,94602
전성철,94604
이호준,94629
최재영,94641
배훈,94663
전형도,94706
정진식,94724
길배진,94727
최호원,94737
이요한,94742
김성한,94747
박지상,94745
신진수,94749
이승환,94801
김주성,94812
김민국,94821
이군옥,94827
유현승,94834
조원우,94836
오진희,94842
장재중,94843
고형욱,94841
김성,94845
유태준,94851
강석,94858
조현,95103
김성근,95100
정현발,95101
심재학,95114
신국환,95146
김상우,95157
권용관,95158
방동민,95159
강준기,95160
김정한,95169
이동우,95190
박노식,95199
정수근,95208
여준홍,95218
김유봉,95223
서석영,95233
진필중,95235
송재용,95236
최용호,95247
이보형,95269
양승호,95273
이용주,95316
김병철,95319
박상일,95322
도명진,95324
김억만,95327
위재영,95318
홍광천,95411
김재걸,95409
안윤호,95426
김영진,95422
이승엽,95436
김경호,95451
차상욱,95449
김진삼,95458
박석진,95459
김승관,95468
신성필,95469
장형석,95473
배대웅,95486
최계훈,95488
박보현,95511
박현승,95518
양종성,95544
마해영,95549
김정열,95552
장승익,95554
김옥일,95558
박종일,95557
김성철,95563
박부성,95565
나광호,95573
권두조,95576
이원식,95601
최철민,95650
임창용,95657
이용훈,95665
안상준,95666
김형성,95674
남상규,95670
추평호,95678
김승권,95710
강인권,95712
김영진,95716
신재웅,95728
정의성,95748
김경남,95777
김진철,95819
김인식,95821
심성보,95835
박성진,95838
하상도,95837
송진호,95853
장용,95858
금광옥,95901
류영수,95903
강만식,95906
김우열,95913
김준환,95914
김정훈,96113
김도완,96137
임노병,96139
손혁,96138
이경원,96142
오규택,96144
이정길,96149
이호균,96165
박철영,96172
김기진,96174
박석안,96213
최기문,96224
한명윤,96252
박명환,96251
홍재호,96253
강영수,96257
박진만,96307
양윤기,96330
설종진,96340
장정석,96346
최원호,96345
허유신,96343
김형남,96354
안명성,96356
김동현,96358
강해룡,96359
박재홍,96362
박규대,96408
전병호,96411
박태순,96426
정경배,96441
최재호,96447
임학수,96456
정현욱,96462
박근영,96460
권영철,96461
김헌수,96463
최창양,96470
정성훈,96465
하춘동,96467
이계성,96468
정순명,96471
김무관,96473
백인천,96480
김대익,96503
유필선,96513
김영복,96527
배정훈,96542
정학수,96546
이재섭,96566
차명주,96570
장성호,96610
김상진,96611
김종국,96616
박철웅,96631
황성기,96624
권오성,96635
지승준,96653
이동욱,96654
우승진,96666
김종윤,96673
신용균,96682
조효상,96704
오중석,96706
정영환,96713
심광호,96722
이상열,96720
홍원기,96723
김대헌,96725
이영우,96734
엄종수,96742
권오영,96750
임수민,96766
송지만,96761
김수연,96777
손상득,96786
김선섭,96804
석수철,96806
최정환,96824
정원배,96822
김현민,96825
박주언,96847
박경호,96852
임종수,96855
이봉우,96856
정수찬,96849
신영균,96851
진정민,96860
김형주,96869
손지환,97103
이병규,97109
김민기,97111
장문석,97126
임선동,97133
전승남,97140
이준용,97150
윤인수,97154
안재만,97157
신창수,97168
배수희,97198
진갑용,97202
강규철,97204
문희성,97219
이경필,97230
김영수,97236
김환조,97238
강신창,97249
김성환,97257
김도균,97259
김도형,97268
김일경,97300
최영필,97336
조승현,97335
최만호,97351
정수성,97350
이근용,97365
이득수,97366
김종수,97383
송재익,97404
황성관,97400
황두성,97423
변대수,97418
장성국,97424
정회선,97441
최승우,97442
이영주,97510
이동욱,97515
김상현,97527
정인석,97532
임봉춘,97531
김영일,97537
이정훈,97541
조유신,97559
손민한,97571
문동환,97575
장석희,97613
오철민,97621
조남기,97623
김동호,97629
김창희,97644
류기중,97659
정인교,97678
백재호,97709
노상진,97713
이성갑,97718
강대호,97754
김해님,97758
장순재,97762
오주상,97767
오상민,97815
이경태,97848
안세준,97849
한익희,97857
이상호,97865
정명수,97863
앤더슨,98116
박연수,98130
김경태,98128
정현택,98129
조현,98136
펠릭스,98142
조인성,98144
김윤일,98200
캐세레스,98213
김동주,98218
우즈,98233
이경수,98236
윤상무,98246
조은진,98248
이혜천,98259
오세학,98262
유병목,98267
송원국,98264
채종국,98315
홍민구,98316
김수경,98330
스트롱,98327
이정훈,98334
고호봉,98353
이학균,98363
안희봉,98369
정인호,98389
베이커,98423
강동우,98420
파라,98445
김진웅,98451
김수관,98455
김지훈,98457
문남열,98469
서한규,98504
브래디,98506
임경완,98521
조경환,98533
손인호,98538
김진수,98540
문재성,98548
홍의현,98558
엄정대,98569
방수환,98614
이우석,98615
곽현희,98617
엄병열,98639
김지웅,98662
소소경,98661
부시,98731
신경현,98742
김기성,98753
김경남,98760
심재윤,98762
임광규,98772
김재현,98776
이병수,98802
윤재국,98808
윤석권,98819
고승환,98813
오충원,98829
김상호,98845
강민규,98855
김경진,98869
이승호,99137
김상태,99151
대톨라,99145
신동건,99149
김광삼,99152
조재영,99153
이상훈,99156
김성균,99200
강혁,99210
홍성흔,99222
이승준,99229
장성진,99228
구자운,99245
박종윤,99244
김필중,99302
송신영,99314
정현희,99317
바워스,99323
카날리,99324
서성민,99327
강필선,99333
피어슨,99344
박기범,99347
박장희,99360
김익수,99399
조상수,99402
홀,99408
라형진,99423
이동은,99426
스미스,99433
정성열,99449
김민우,99442
권오준,99445
이성훈,99452
장영균,99459
이준호,99450
임재철,99507
호세,99534
길포일,99540
조성환,99543
박경진,99544
기론,99548
한규식,99554
김정호,99556
정원욱,99560
김사율,99563
이명수,99571
정성훈,99606
장일현,99607
김경진,99614
김기환,99636
브릭스,99640
유동훈,99639
샌더스,99643
류찬,99651
박경진,99657
로마이어,99724
윤근주,99719
데이비스,99725
황우구,99731
예상효,99730
박정진,99737
오창선,99738
김병준,99742
방재훈,99745
전하진,99767
이진영,99810
비아노,99846
