,이름,id,생년월일,연도,팀명,나이,P,G,타석,타수,득점,안타,2타,3타,홈런,루타,타점,도루,도실,볼넷,사구,고4,삼진,병살,희타,희비,타율,출루,장타,OPS,wOBA,wRC+,WAR*,WPA
41,문상준,50007,2001-03-14,2023,KT,22,2B,2,5,5,1,1,0,0,0,1,0,0,0,0,0,0,4,0,0,0,0.2,0.2,0.2,0.4,0.191,-5.2,-0.05,-0.04
45,강현우,50066,2001-04-13,2023,KT,22,C,53,111,103,11,20,6,0,1,29,11,0,1,6,1,0,17,3,1,0,0.194,0.246,0.282,0.527,0.249,42.6,-0.12,-0.99
49,손호영,50150,1994-08-23,2023,LG,29,SS,27,45,44,8,9,0,0,1,12,6,2,1,1,0,0,12,5,0,0,0.205,0.222,0.273,0.495,0.232,35.0,-0.13,-0.1
53,이주형,50167,2001-04-02,2023,"LG,키움",22,CF,69,243,215,32,70,13,4,6,109,36,3,1,19,5,2,53,4,2,2,0.326,0.39,0.507,0.897,0.405,151.8,2.6,1.39
54,이주형,50167,2001-04-02,2023,LG,22,CF,18,16,15,2,4,2,0,0,6,2,0,0,0,1,0,5,0,0,0,0.267,0.313,0.4,0.713,0.333,103.2,0.07,-0.05
55,이주형,50167,2001-04-02,2023,키움,22,CF,51,227,200,30,66,11,4,6,103,34,3,1,19,4,2,48,4,2,2,0.33,0.396,0.515,0.911,0.41,155.4,2.37,1.45
59,안권수,50202,1993-04-19,2023,롯데,30,LF,95,309,268,42,72,6,1,2,86,29,16,7,30,1,1,40,4,7,3,0.269,0.341,0.321,0.662,0.311,85.3,0.74,-0.29
64,박지훈,50204,2000-09-07,2023,두산,23,1B,22,21,19,2,4,1,0,0,5,2,1,0,2,0,0,7,0,0,0,0.211,0.286,0.263,0.549,0.269,58.1,-0.09,0.03
69,양찬열,50293,1997-05-25,2023,두산,26,RF,44,99,88,15,21,2,2,0,27,6,3,2,9,1,0,23,1,0,1,0.239,0.313,0.307,0.62,0.299,76.0,0.02,-1.14
73,김병휘,50304,2001-02-16,2023,키움,22,2B,10,21,21,0,3,1,0,0,4,1,0,0,0,0,0,8,0,0,0,0.143,0.143,0.19,0.333,0.154,-19.3,-0.2,-0.25
76,러셀,50350,1994-01-23,2023,키움,29,SS,59,239,220,20,63,11,1,4,88,42,1,0,17,1,1,39,5,0,1,0.286,0.339,0.4,0.739,0.345,110.6,1.36,1.45
80,박주홍,50357,2001-04-16,2023,키움,22,1B,27,57,50,5,6,0,1,0,8,2,1,0,5,0,0,26,0,0,2,0.12,0.193,0.16,0.353,0.177,-3.7,-0.58,-0.55
82,김동혁,50360,2001-12-27,2023,키움,22,P,2,0,0,0,0,0,0,0,0,0,0,0,0,0,0,0,0,0,0,,,,,,,0.0,0.0
87,신준우,50312,2001-06-21,2023,키움,22,SS,24,19,18,4,2,0,0,0,2,0,0,0,0,1,0,5,0,0,0,0.111,0.158,0.111,0.269,0.14,-28.5,-0.17,-0.23
94,김지찬,50458,2001-03-08,2023,삼성,22,2B,99,355,291,59,85,4,2,1,96,18,13,1,48,9,0,36,1,7,0,0.292,0.408,0.33,0.738,0.358,116.8,2.51,0.3
98,황성빈,50500,1997-12-19,2023,롯데,26,LF,74,191,170,22,36,5,2,0,45,8,9,5,12,1,0,27,1,8,0,0.212,0.268,0.265,0.533,0.247,41.0,-0.61,-0.86
102,홍종표,50600,2000-05-02,2023,KIA,23,2B,40,12,7,10,0,0,0,0,0,0,0,0,3,1,0,1,0,1,0,0.0,0.364,0.0,0.364,0.245,41.1,0.03,0.08
107,정해영,50662,2001-08-23,2023,KIA,22,P,2,0,0,0,0,0,0,0,0,0,0,0,0,0,0,0,0,0,0,,,,,,,0.0,0.0
114,박정현,50709,2001-07-27,2023,한화,22,SS,53,113,105,12,19,6,0,2,31,4,0,0,3,2,0,36,2,3,0,0.181,0.218,0.295,0.513,0.234,34.6,-0.31,-1.52
116,강재민,50705,1997-04-03,2023,한화,26,P,1,0,0,0,0,0,0,0,0,0,0,0,0,0,0,0,0,0,0,,,,,,,0.0,0.0
119,최인호,50707,2000-01-30,2023,한화,23,LF,41,148,131,23,39,5,3,2,56,11,1,0,10,4,0,22,2,2,1,0.298,0.363,0.427,0.791,0.364,124.5,1.0,0.33
124,전의산,50820,2000-11-25,2023,SSG,23,1B,56,153,134,11,27,6,0,4,45,21,0,2,15,3,0,40,1,0,1,0.201,0.294,0.336,0.63,0.299,77.3,-0.14,0.19
130,최지훈,50854,1997-07-23,2023,SSG,26,CF,117,503,462,65,124,19,8,2,165,30,21,2,29,3,0,50,3,8,1,0.268,0.315,0.357,0.672,0.312,90.5,2.03,-1.13
133,류효승,50868,1996-07-16,2023,SSG,27,DH,3,4,3,0,0,0,0,0,0,0,0,0,0,1,0,0,1,0,0,0.0,0.25,0.0,0.25,0.19,0.9,-0.04,-0.12
136,김한별,50902,2001-01-18,2023,NC,22,SS,79,105,97,8,21,0,1,0,23,4,0,3,4,2,0,23,6,2,0,0.216,0.262,0.237,0.499,0.24,39.6,-0.41,-0.55
137,박영빈,50906,1997-07-16,2023,NC,26,DH,41,17,14,11,1,1,0,0,2,0,4,2,1,0,0,6,0,2,0,0.071,0.133,0.143,0.276,0.121,-43.1,-0.27,-0.19
150,김영현,51097,2002-08-18,2023,KT,21,P,1,0,0,0,0,0,0,0,0,0,0,0,0,0,0,0,0,0,0,,,,,,,0.0,0.0
158,안재석,51203,2002-02-15,2023,두산,21,SS,27,68,64,8,12,2,1,1,19,5,2,0,3,0,0,12,0,0,1,0.188,0.221,0.297,0.518,0.239,39.1,-0.15,-0.96
160,최승용,51264,2001-05-11,2023,두산,22,P,2,0,0,0,0,0,0,0,0,0,0,0,0,0,0,0,0,0,0,,,,,,,0.0,0.0
165,김성진,51301,1997-11-14,2023,키움,26,P,2,0,0,0,0,0,0,0,0,0,0,0,0,0,0,0,0,0,0,,,,,,,0.0,0.0
169,김시앙,51303,2001-10-31,2023,키움,22,C,33,82,76,6,17,1,0,0,18,7,0,0,3,3,0,18,4,0,0,0.224,0.281,0.237,0.517,0.257,50.7,-0.08,-1.51
175,김휘집,51344,2002-01-01,2023,키움,21,SS,110,435,369,46,92,22,0,8,138,51,0,0,48,5,0,97,8,6,7,0.249,0.338,0.374,0.712,0.331,101.9,2.26,-0.79
177,김준형,51393,2002-07-12,2023,키움,21,P,1,0,0,0,0,0,0,0,0,0,0,0,0,0,0,0,0,0,0,,,,,,,0.0,0.0
179,김동진,51403,1996-12-18,2023,삼성,27,2B,44,137,122,14,32,7,0,0,39,8,3,0,9,1,0,26,4,3,2,0.262,0.313,0.32,0.633,0.296,74.9,0.21,-0.86
182,김현준,51417,2002-10-11,2023,삼성,21,CF,109,479,433,62,119,10,6,3,150,46,5,5,30,5,0,84,5,8,3,0.275,0.327,0.346,0.673,0.315,87.1,1.26,0.31
183,이승현,51454,2002-05-19,2023,삼성,21,P,2,0,0,0,0,0,0,0,0,0,0,0,0,0,0,0,0,0,0,,,,,,,0.0,0.0
186,피렐라,51463,1989-11-21,2023,삼성,34,LF,139,605,557,66,159,28,1,16,237,80,6,4,42,4,5,69,20,0,2,0.285,0.339,0.425,0.764,0.352,110.8,2.44,0.03
188,손성빈,51528,2002-01-14,2023,롯데,21,C,45,80,76,13,20,3,0,1,26,15,0,0,2,0,0,10,3,2,0,0.263,0.282,0.342,0.624,0.285,68.2,0.13,0.04
194,김선우,51604,2001-01-18,2023,KIA,22,C,5,7,7,0,1,0,0,0,1,0,0,0,0,0,0,2,0,0,0,0.143,0.143,0.143,0.286,0.136,-31.2,-0.07,-0.2
197,조현진,51701,2002-09-10,2023,NC,21,SS,10,5,5,0,1,0,0,0,1,0,0,0,0,0,0,1,1,0,0,0.2,0.2,0.2,0.4,0.191,7.0,-0.03,-0.19
199,장지승,51706,1998-07-04,2023,한화,25,,3,3,3,0,0,0,0,0,0,0,0,0,0,0,0,0,0,0,0,0.0,0.0,0.0,0.0,0.0,-123.9,-0.07,-0.02
206,박형준,51803,2001-06-28,2023,롯데,22,,1,1,1,0,0,0,0,0,0,0,0,0,0,0,0,1,0,0,0,0.0,0.0,0.0,0.0,0.0,,0.0,0.0
211,추신수,51817,1982-07-13,2023,SSG,41,DH,112,462,382,65,96,17,1,12,151,40,6,4,65,13,1,79,8,0,2,0.251,0.377,0.395,0.772,0.367,123.0,1.96,0.89
213,조형우,51865,2002-04-04,2023,SSG,21,C,62,133,119,9,22,4,1,2,34,12,0,0,8,1,0,25,2,4,1,0.185,0.24,0.286,0.526,0.241,39.9,-0.21,-0.49
215,고명준,51868,2002-07-08,2023,SSG,21,1B,2,4,4,0,0,0,0,0,0,0,0,0,0,0,0,3,0,0,0,0.0,0.0,0.0,0.0,0.0,-123.9,-0.1,-0.05
219,김주원,51907,2002-07-30,2023,NC,21,SS,127,474,403,56,94,9,2,10,137,54,15,3,44,15,1,106,6,8,4,0.233,0.328,0.34,0.668,0.314,88.1,1.96,-0.27
222,오장한,51991,2002-05-20,2023,NC,21,RF,3,8,7,2,1,0,0,0,1,0,0,0,1,0,0,5,0,0,0,0.143,0.25,0.143,0.393,0.21,18.6,-0.04,-0.06
225,오태양,51996,2002-04-25,2023,NC,21,CF,21,3,3,4,0,0,0,0,0,0,3,3,0,0,0,3,0,0,0,0.0,0.0,0.0,0.0,0.0,,-0.09,-0.09
227,한재승,51994,2001-11-21,2023,NC,22,P,1,0,0,0,0,0,0,0,0,0,0,0,0,0,0,0,0,0,0,,,,,,,0.0,0.0
228,김병준,52002,2003-07-03,2023,KT,20,CF,3,2,2,0,0,0,0,0,0,0,0,0,0,0,0,2,0,0,0,0.0,0.0,0.0,0.0,0.0,,-0.0,-0.08
230,알포드,52009,1994-07-20,2023,KT,29,LF,133,547,491,83,142,31,3,15,224,70,17,4,47,6,1,140,6,0,3,0.289,0.357,0.456,0.813,0.375,126.9,3.28,0.61
233,박영현,52060,2003-10-11,2023,KT,20,P,3,0,0,0,0,0,0,0,0,0,0,0,0,0,0,0,0,0,0,,,,,,,0.0,0.0
238,박수종,52305,1999-02-25,2023,키움,24,RF,23,50,45,7,19,1,2,0,24,3,0,0,3,1,0,6,1,0,1,0.422,0.46,0.533,0.993,0.458,184.6,0.73,0.2
241,박찬혁,52348,2003-04-25,2023,키움,20,LF,48,167,154,13,31,7,0,1,41,8,0,0,10,3,0,41,1,0,0,0.201,0.264,0.266,0.53,0.257,50.8,-0.56,-1.55
244,이명종,52397,2002-12-05,2023,키움,21,P,3,0,0,0,0,0,0,0,0,0,0,0,0,0,0,0,0,0,0,,,,,,,0.0,0.0
245,김상민,52402,2003-12-06,2023,삼성,20,LF,8,13,12,3,1,0,0,0,1,0,0,0,1,0,0,3,0,0,0,0.083,0.154,0.083,0.237,0.129,-36.5,-0.15,-0.13
247,이재현,52415,2003-02-04,2023,삼성,20,SS,143,538,458,61,114,19,2,12,173,60,5,4,52,6,0,89,9,16,6,0.249,0.33,0.378,0.707,0.323,91.8,1.85,0.57
250,김영웅,52430,2003-08-24,2023,삼성,20,3B,55,103,91,11,17,6,0,2,29,12,1,0,8,0,0,28,2,3,1,0.187,0.25,0.319,0.569,0.258,48.8,-0.11,-0.49
252,김서준,52460,2003-09-01,2023,삼성,20,P,1,0,0,0,0,0,0,0,0,0,0,0,0,0,0,0,0,0,0,,,,,,,0.0,0.0
253,김동혁,52504,2000-09-15,2023,롯데,23,RF,15,9,7,3,0,0,0,0,0,0,1,0,2,0,0,3,0,0,0,0.0,0.222,0.0,0.222,0.162,-15.0,-0.05,-0.08
258,렉스,52547,1993-11-12,2023,롯데,30,RF,55,234,203,20,50,4,2,4,70,30,0,1,28,1,2,54,3,0,2,0.246,0.338,0.345,0.682,0.323,94.0,0.34,0.59
261,윤동희,52591,2003-09-18,2023,롯데,20,RF,107,423,387,45,111,18,1,2,137,41,3,6,28,1,0,69,10,2,5,0.287,0.333,0.354,0.687,0.324,93.0,0.95,-1.05
263,김도영,52605,2003-10-02,2023,KIA,20,3B,84,385,340,72,103,20,5,7,154,47,25,4,38,1,1,62,14,2,4,0.303,0.371,0.453,0.824,0.378,133.4,3.7,0.35
265,소크라테스,52630,1992-09-06,2023,KIA,31,CF,142,608,547,91,156,31,3,20,253,96,15,6,52,1,4,80,13,0,8,0.285,0.344,0.463,0.806,0.366,125.7,4.58,1.92
266,황동하,52641,2002-07-30,2023,KIA,21,P,1,0,0,0,0,0,0,0,0,0,0,0,0,0,0,0,0,0,0,,,,,,,0.0,0.0
267,윤도현,52667,2003-05-07,2023,KIA,20,3B,1,1,1,0,0,0,0,0,0,0,0,0,0,0,0,1,0,0,0,0.0,0.0,0.0,0.0,0.0,,0.01,-0.01
268,이상혁,52704,2001-09-14,2023,한화,22,CF,7,2,2,0,0,0,0,0,0,0,1,1,0,0,0,1,0,0,0,0.0,0.0,0.0,0.0,0.0,-123.9,-0.07,0.04
270,유상빈,52705,2000-05-09,2023,한화,23,DH,3,8,6,1,0,0,0,0,0,0,0,0,1,1,0,1,0,0,0,0.0,0.25,0.0,0.25,0.186,0.4,-0.08,-0.11
272,박준영,52731,2003-03-02,2023,한화,20,P,1,0,0,0,0,0,0,0,0,0,0,0,0,0,0,0,0,0,0,,,,,,,0.0,0.0
275,권광민,52769,1997-12-12,2023,한화,26,LF,66,81,73,11,11,1,1,2,20,9,2,0,6,1,0,24,2,1,0,0.151,0.225,0.274,0.499,0.235,36.1,-0.3,-0.84
280,류현인,53036,2000-11-08,2023,KT,23,3B,17,24,23,6,3,0,0,0,3,3,0,0,1,0,0,4,0,0,0,0.13,0.167,0.13,0.297,0.15,-24.0,-0.22,-0.41
281,정준영,53058,2004-01-26,2023,KT,19,CF,34,55,48,6,14,2,0,0,16,6,0,0,3,0,0,11,1,4,0,0.292,0.333,0.333,0.667,0.296,73.6,0.07,-0.36
282,손민석,53057,2004-06-21,2023,KT,19,2B,9,12,10,2,1,0,0,0,1,1,0,0,1,1,0,3,0,0,0,0.1,0.25,0.1,0.35,0.204,12.6,-0.06,-0.14
283,송대현,53105,2000-02-03,2023,LG,23,SS,4,3,3,0,0,0,0,0,0,0,0,0,0,0,0,2,0,0,0,0.0,0.0,0.0,0.0,0.0,-123.9,-0.07,0.0
284,오스틴,53123,1993-10-14,2023,LG,30,1B,139,583,520,87,163,29,4,23,269,95,7,3,53,3,2,75,11,0,7,0.313,0.376,0.517,0.893,0.405,154.4,5.22,2.92
285,박명근,53139,2004-03-27,2023,LG,19,P,2,0,0,0,0,0,0,0,0,0,0,0,0,0,0,0,0,0,0,,,,,,,0.0,0.0
286,김범석,53144,2004-05-21,2023,LG,19,1B,10,29,27,3,3,1,0,1,7,4,0,0,1,0,0,5,1,0,1,0.111,0.138,0.259,0.397,0.176,-0.2,-0.27,-0.08
287,김동규,53164,2004-07-09,2023,LG,19,P,1,0,0,0,0,0,0,0,0,0,0,0,0,0,0,0,0,0,0,,,,,,,0.0,0.0
288,로하스,53211,1993-02-24,2023,두산,30,LF,122,464,403,52,102,24,4,19,191,65,0,1,55,3,2,68,5,0,3,0.253,0.345,0.474,0.819,0.372,134.3,3.04,1.21
289,송재선,53303,2000-06-30,2023,키움,23,RF,5,3,3,0,1,0,0,0,1,0,0,0,0,0,0,1,0,0,0,0.333,0.333,0.333,0.667,0.318,93.7,0.0,-0.01
290,이승원,53302,2004-07-02,2023,키움,19,SS,4,5,5,0,0,0,0,0,0,0,0,0,0,0,0,2,0,0,0,0.0,0.0,0.0,0.0,0.0,-123.9,-0.11,-0.08
291,김건희,53312,2004-11-07,2023,키움,19,1B,9,13,11,0,2,0,0,0,2,0,0,0,2,0,0,4,1,0,0,0.182,0.308,0.182,0.49,0.259,52.6,-0.04,-0.14
292,도슨,53327,1995-05-19,2023,키움,28,CF,57,261,229,37,77,14,2,3,104,29,9,2,18,9,0,41,3,0,5,0.336,0.399,0.454,0.853,0.397,145.3,2.44,1.23
293,김동헌,53344,2004-07-15,2023,키움,19,C,102,242,211,22,51,5,2,2,66,17,0,0,17,8,0,55,7,3,3,0.242,0.318,0.313,0.631,0.301,80.4,0.74,-1.18
294,후라도,53375,1996-01-30,2023,키움,27,P,1,0,0,0,0,0,0,0,0,0,0,0,0,0,0,0,0,0,0,,,,,,,0.0,0.0
295,김재상,53400,2004-07-26,2023,삼성,19,,17,22,20,1,3,0,0,1,6,2,0,0,2,0,0,4,1,0,0,0.15,0.227,0.3,0.527,0.248,40.5,-0.04,-0.26
296,류승민,53404,2004-10-11,2023,삼성,19,RF,24,57,52,5,11,3,0,0,14,5,0,0,2,1,0,19,0,2,0,0.212,0.255,0.269,0.524,0.243,39.6,-0.28,-0.26
297,강준서,53460,2000-10-13,2023,삼성,23,LF,10,15,14,2,3,1,0,0,4,0,0,1,1,0,0,2,0,0,0,0.214,0.267,0.286,0.552,0.265,54.0,-0.06,-0.15
298,구드럼,53506,1992-02-28,2023,롯데,31,3B,50,201,173,16,51,14,1,0,67,28,0,0,23,1,1,46,6,0,4,0.295,0.373,0.387,0.76,0.357,114.6,1.33,0.06
299,윤수녕,53505,2000-03-01,2023,롯데,23,RF,3,4,4,0,1,0,0,0,1,1,0,0,0,0,0,1,0,0,0,0.25,0.25,0.25,0.5,0.239,35.9,-0.02,-0.05
300,김민석,53554,2004-05-09,2023,롯데,19,CF,129,454,400,53,102,24,0,3,135,39,16,3,31,6,1,112,6,12,5,0.255,0.315,0.338,0.652,0.301,77.7,1.01,-2.04
301,정대선,53568,2004-11-16,2023,롯데,19,2B,19,47,40,5,6,1,0,0,7,6,0,0,2,2,0,8,0,1,2,0.15,0.217,0.175,0.392,0.193,5.4,-0.33,-0.27
302,서동욱,53569,2000-03-24,2023,롯데,23,RF,13,20,17,2,2,1,0,0,3,0,0,0,3,0,0,5,1,0,0,0.118,0.25,0.176,0.427,0.224,25.5,-0.12,-0.12
303,배영빈,53587,2000-06-26,2023,롯데,23,SS,18,18,16,2,5,2,0,0,7,0,1,0,1,0,0,2,0,1,0,0.313,0.353,0.438,0.79,0.348,107.8,0.18,0.03
304,오그레디,53712,1992-05-17,2023,한화,31,LF,22,86,80,3,10,3,0,0,13,8,1,0,5,0,0,40,0,0,1,0.125,0.174,0.163,0.337,0.167,-10.4,-0.9,-1.42
305,윌리엄스,53716,1993-09-08,2023,한화,30,LF,68,273,258,29,63,14,0,9,104,45,1,1,8,4,0,63,6,0,3,0.244,0.275,0.403,0.678,0.31,86.0,0.32,0.0
306,김서현,53754,2004-05-31,2023,한화,19,P,1,0,0,0,0,0,0,0,0,0,0,0,0,0,0,0,0,0,0,,,,,,,0.0,0.0
307,문현빈,53764,2004-04-20,2023,한화,19,CF,137,481,428,47,114,22,2,5,155,49,5,1,33,6,2,84,7,9,5,0.266,0.324,0.362,0.686,0.316,90.8,1.55,-0.21
308,이민준,53795,2004-02-02,2023,한화,19,SS,4,2,1,0,0,0,0,0,0,0,0,0,1,0,0,0,0,0,0,0.0,0.5,0.0,0.5,0.364,121.2,0.02,0.03
309,에레디아,53827,1991-01-31,2023,SSG,32,LF,122,523,473,76,153,29,0,12,218,76,12,8,39,9,4,75,13,1,1,0.323,0.385,0.461,0.846,0.391,140.7,4.12,3.78
310,김건웅,53844,2000-05-08,2023,SSG,23,1B,1,3,3,0,0,0,0,0,0,0,0,0,0,0,0,2,0,0,0,0.0,0.0,0.0,0.0,0.0,-123.9,-0.08,-0.02
311,김정민,53865,2004-03-07,2023,SSG,19,RF,8,2,2,1,1,0,0,0,1,0,0,0,0,0,0,1,0,0,0,0.5,0.5,0.5,1.0,0.477,199.3,0.03,-0.0
312,마틴,53955,1995-09-05,2023,NC,28,CF,118,503,435,55,123,20,2,17,198,90,15,3,57,1,2,107,8,0,10,0.283,0.36,0.455,0.815,0.373,126.5,3.48,1.0
313,박한결,53992,2004-04-26,2023,NC,19,LF,12,18,15,3,5,1,0,1,9,5,0,0,3,0,0,7,0,0,0,0.333,0.444,0.6,1.044,0.471,191.8,0.25,0.31
323,이승현,60146,1991-11-20,2023,삼성,32,P,2,0,0,0,0,0,0,0,0,0,0,0,0,0,0,0,0,0,0,,,,,,,0.0,0.0
351,문성현,60336,1991-11-09,2023,키움,32,P,2,0,0,0,0,0,0,0,0,0,0,0,0,0,0,0,0,0,0,,,,,,,0.0,0.0
394,정훈,60523,1987-07-18,2023,롯데,36,1B,80,233,201,40,56,14,0,6,88,31,2,0,26,0,1,39,4,4,2,0.279,0.358,0.438,0.796,0.361,120.4,1.3,0.48
413,오태곤,60558,1991-11-18,2023,SSG,32,1B,123,305,272,37,65,14,1,7,102,28,20,1,18,4,0,67,6,8,3,0.239,0.293,0.375,0.668,0.302,80.4,0.43,-0.38
423,이상호,60566,1989-02-05,2023,KT,34,2B,63,60,54,15,8,1,0,0,9,5,2,0,2,0,0,9,2,4,0,0.148,0.179,0.167,0.345,0.158,-18.6,-0.57,-0.22
479,이태양,60768,1990-07-03,2023,한화,33,P,1,0,0,0,0,0,0,0,0,0,0,0,0,0,0,0,0,0,0,,,,,,,0.0,0.0
515,유강남,61102,1992-07-15,2023,롯데,31,C,121,403,352,45,92,13,0,10,135,55,1,1,37,8,1,64,13,2,4,0.261,0.342,0.384,0.725,0.339,106.1,2.3,0.65
537,이천웅,61186,1988-10-20,2023,LG,35,,4,3,3,0,3,0,0,0,3,1,0,0,0,0,0,0,0,0,0,1.0,1.0,1.0,2.0,0.955,519.2,0.16,0.23
575,양현,61268,1992-08-23,2023,키움,31,P,2,0,0,0,0,0,0,0,0,0,0,0,0,0,0,0,0,0,0,,,,,,,0.0,0.0
598,고종욱,61353,1989-01-11,2023,KIA,34,LF,114,286,270,35,80,17,0,3,106,39,2,2,14,0,0,58,3,0,2,0.296,0.329,0.393,0.721,0.337,104.3,0.91,0.48
609,김대우,61365,1988-11-21,2023,삼성,35,P,1,0,0,0,0,0,0,0,0,0,0,0,0,0,0,0,0,0,0,,,,,,,0.0,0.0
625,김헌곤,61404,1988-11-09,2023,삼성,35,,6,4,4,0,0,0,0,0,0,0,0,0,0,0,0,1,0,0,0,0.0,0.0,0.0,0.0,0.0,-123.9,-0.1,-0.04
669,홍건희,61643,1992-09-29,2023,두산,31,P,4,0,0,0,0,0,0,0,0,0,0,0,0,0,0,0,0,0,0,,,,,,,0.0,0.0
734,서진용,61895,1992-10-02,2023,SSG,31,P,3,0,0,0,0,0,0,0,0,0,0,0,0,0,0,0,0,0,0,,,,,,,0.0,0.0
783,류지혁,62234,1994-01-13,2023,"KIA,삼성",29,3B,132,522,455,63,122,11,1,2,141,45,26,2,46,6,1,73,12,10,5,0.268,0.34,0.31,0.65,0.309,84.4,1.38,-1.92
784,류지혁,62234,1994-01-13,2023,KIA,29,3B,66,253,220,28,59,6,1,0,67,17,4,2,27,3,1,43,5,2,1,0.268,0.355,0.305,0.659,0.32,92.6,0.82,-1.37
785,류지혁,62234,1994-01-13,2023,삼성,29,3B,66,269,235,35,63,5,0,2,74,28,22,0,19,3,0,30,7,8,4,0.268,0.326,0.315,0.641,0.299,76.6,0.68,-0.55
798,박세혁,62244,1990-01-09,2023,NC,33,C,88,283,242,35,51,9,3,6,84,32,1,1,30,4,0,43,3,6,1,0.211,0.307,0.347,0.654,0.304,80.2,0.92,-1.37
816,김재현,62332,1993-03-18,2023,키움,30,C,8,10,9,0,1,0,0,0,1,0,0,0,0,0,0,3,1,1,0,0.111,0.111,0.111,0.222,0.095,-58.7,-0.21,-0.33
833,김태훈,62360,1992-03-02,2023,삼성,31,P,2,0,0,0,0,0,0,0,0,0,0,0,0,0,0,0,0,0,0,,,,,,,0.0,0.0
845,구자욱,62404,1993-02-12,2023,삼성,30,RF,119,515,453,65,152,37,1,11,224,71,12,4,53,4,2,81,5,2,3,0.336,0.407,0.494,0.902,0.414,153.2,4.78,3.58
867,박해민,62415,1990-02-24,2023,LG,33,CF,144,558,485,80,138,14,2,6,174,59,26,12,45,3,0,74,7,24,1,0.285,0.348,0.359,0.707,0.323,95.7,1.92,-0.26
876,김원중,62528,1993-06-14,2023,롯데,30,P,3,0,0,0,0,0,0,0,0,0,0,0,0,0,0,0,0,0,0,,,,,,,0.0,0.0
888,신본기,62556,1989-03-21,2023,KT,34,SS,40,75,54,8,11,2,0,1,16,7,0,1,14,2,0,8,3,1,4,0.204,0.365,0.296,0.661,0.322,92.1,0.19,-0.34
898,김준태,62558,1994-07-31,2023,KT,29,C,69,136,115,10,24,4,0,3,37,23,1,0,19,1,0,32,3,1,0,0.209,0.326,0.322,0.648,0.312,85.2,0.37,-0.43
906,임준섭,62611,1989-07-16,2023,SSG,34,P,1,0,0,0,0,0,0,0,0,0,0,0,0,0,0,0,0,0,0,,,,,,,0.0,0.0
934,하주석,62700,1994-02-25,2023,한화,29,SS,25,38,35,4,4,1,0,0,5,2,0,0,2,1,0,10,0,0,0,0.114,0.184,0.143,0.327,0.169,-9.6,-0.27,-0.36
962,박승욱,62802,1992-12-04,2023,롯데,31,2B,123,338,290,37,83,18,3,0,107,30,15,4,35,1,0,87,5,11,1,0.286,0.364,0.369,0.733,0.339,101.9,1.83,0.45
975,김민식,62864,1989-06-28,2023,SSG,34,C,122,318,266,28,58,9,1,5,84,34,0,0,31,2,1,57,6,17,2,0.218,0.302,0.316,0.618,0.279,65.1,0.43,-1.23
976,문승원,62869,1989-11-28,2023,SSG,34,P,1,0,0,0,0,0,0,0,0,0,0,0,0,0,0,0,0,0,0,,,,,,,0.0,0.0
984,최항,62884,1994-01-03,2023,SSG,29,1B,21,35,28,3,8,1,0,1,12,6,0,0,5,0,0,12,1,1,1,0.286,0.382,0.429,0.811,0.366,121.6,0.13,0.06
996,한유섬,62895,1989-08-09,2023,SSG,34,RF,109,388,333,29,91,15,2,7,131,55,2,1,34,12,1,81,3,2,7,0.273,0.355,0.393,0.748,0.349,112.5,1.59,1.14
1016,박민우,62907,1993-02-06,2023,NC,30,2B,124,509,452,76,143,20,7,2,183,46,26,7,40,9,3,57,13,5,3,0.316,0.381,0.405,0.786,0.366,124.2,4.05,1.52
1042,강진성,62925,1993-10-19,2023,"두산,SSG",30,1B,58,145,134,10,35,6,1,3,52,17,0,0,6,3,0,20,2,1,1,0.261,0.306,0.388,0.694,0.32,93.4,0.25,-0.52
1043,강진성,62925,1993-10-19,2023,SSG,30,1B,55,142,131,10,34,6,1,3,51,17,0,0,6,3,0,20,2,1,1,0.26,0.305,0.389,0.694,0.321,93.3,0.43,-0.52
1044,강진성,62925,1993-10-19,2023,두산,30,1B,3,3,3,0,1,0,0,0,1,0,0,0,0,0,0,0,0,0,0,0.333,0.333,0.333,0.667,0.318,90.3,0.01,-0.0
1062,노진혁,62931,1989-07-15,2023,롯데,34,SS,113,390,334,43,86,26,1,4,126,51,7,2,45,3,1,84,3,4,4,0.257,0.347,0.377,0.724,0.338,103.0,2.15,2.31
1073,김성욱,62934,1993-05-01,2023,NC,30,LF,93,204,179,28,40,10,0,6,68,16,6,1,16,5,0,63,7,3,1,0.223,0.304,0.38,0.683,0.315,87.5,0.6,-0.52
1084,나성범,62947,1989-10-03,2023,KIA,34,RF,58,253,222,51,81,12,1,18,149,57,0,0,26,1,0,36,1,0,4,0.365,0.427,0.671,1.098,0.485,208.2,3.69,2.26
1087,이형범,62951,1994-02-27,2023,두산,29,P,2,0,0,0,0,0,0,0,0,0,0,0,0,0,0,0,0,0,0,,,,,,,0.0,0.0
1115,강승호,63123,1994-02-09,2023,두산,29,2B,127,458,418,51,111,18,6,7,162,59,13,6,27,6,0,109,12,4,3,0.266,0.317,0.388,0.705,0.326,97.9,1.66,0.63
1124,장승현,63202,1994-03-07,2023,두산,29,C,76,158,139,11,22,1,0,3,32,9,1,0,6,8,0,36,2,5,0,0.158,0.235,0.23,0.466,0.223,30.0,-0.26,-1.42
1138,김인태,63257,1994-07-03,2023,두산,29,RF,47,115,98,8,25,5,0,1,33,14,2,1,15,1,0,26,1,1,0,0.255,0.36,0.337,0.696,0.335,104.4,0.36,-0.17
1150,이우성,63260,1994-07-17,2023,KIA,29,RF,126,400,355,39,107,17,0,8,148,58,8,1,31,5,4,81,10,6,3,0.301,0.363,0.417,0.78,0.356,118.3,1.99,1.56
1176,이흥련,63440,1989-05-16,2023,SSG,34,C,16,17,14,1,1,0,0,1,4,2,0,0,2,0,0,6,0,1,0,0.071,0.188,0.286,0.473,0.209,11.2,-0.06,-0.22
1196,윤대경,63464,1994-04-09,2023,한화,29,P,1,0,0,0,0,0,0,0,0,0,0,0,0,0,0,0,0,0,0,,,,,,,0.0,0.0
1198,이재익,63492,1994-03-18,2023,삼성,29,P,1,0,0,0,0,0,0,0,0,0,0,0,0,0,0,0,0,0,0,,,,,,,0.0,0.0
1245,박준표,63638,1992-06-26,2023,KIA,31,P,1,0,0,0,0,0,0,0,0,0,0,0,0,0,0,0,0,0,0,,,,,,,0.0,0.0
1254,장운호,63700,1994-02-20,2023,한화,29,RF,4,11,9,1,2,0,0,0,2,1,0,0,2,0,0,2,0,0,0,0.222,0.364,0.222,0.586,0.306,83.5,0.03,-0.2
1271,노수광,63704,1990-08-06,2023,한화,33,LF,30,94,77,6,17,5,0,0,22,4,2,1,13,0,0,27,3,2,2,0.221,0.326,0.286,0.612,0.293,75.3,0.01,-0.83
1280,한승택,63722,1994-06-21,2023,KIA,29,C,49,104,85,6,11,2,0,0,13,3,0,0,11,2,0,32,1,6,0,0.129,0.245,0.153,0.398,0.2,11.0,-0.45,-1.36
1295,윤형준,63905,1994-01-31,2023,NC,29,1B,82,236,218,17,55,12,1,5,84,27,1,1,10,3,0,58,6,2,3,0.252,0.291,0.385,0.676,0.309,84.6,0.1,-0.39
1313,김준완,63920,1991-01-20,2023,키움,32,LF,76,225,189,25,42,7,0,0,49,14,0,0,26,1,0,57,2,6,3,0.222,0.315,0.259,0.574,0.277,64.4,-0.39,-0.25
1322,이상민,63960,1990-11-04,2023,삼성,33,P,1,1,1,0,0,0,0,0,0,0,0,0,0,0,0,0,0,0,0,0.0,0.0,0.0,0.0,0.0,-123.9,-0.02,-0.0
1332,권희동,63963,1990-12-30,2023,NC,33,LF,96,373,309,33,88,16,0,7,125,63,2,0,49,6,0,50,4,4,5,0.285,0.388,0.405,0.792,0.371,126.3,2.16,1.25
1349,김민혁,64004,1995-11-21,2023,KT,28,RF,113,448,397,68,118,20,3,3,153,41,11,4,36,3,0,48,4,7,5,0.297,0.356,0.385,0.741,0.344,106.9,1.88,0.91
1364,문상철,64007,1991-04-06,2023,KT,32,DH,112,330,304,30,79,20,0,9,126,46,3,1,16,3,1,81,4,1,6,0.26,0.298,0.414,0.712,0.324,92.4,0.19,0.86
1372,송민섭,64012,1991-08-02,2023,KT,32,CF,69,25,23,6,3,0,0,0,3,0,3,1,1,1,0,8,0,0,0,0.13,0.2,0.13,0.33,0.174,-7.9,-0.26,-0.04
1377,김병희,64014,1990-12-06,2023,KT,33,3B,5,9,8,0,0,0,0,0,0,0,0,0,1,0,0,4,0,0,0,0.0,0.111,0.0,0.111,0.081,-69.4,-0.15,-0.07
1380,안승한,64011,1992-01-25,2023,두산,31,C,22,27,24,1,5,0,0,0,5,1,1,0,2,1,0,10,0,0,0,0.208,0.296,0.208,0.505,0.259,50.2,0.0,-0.13
1389,안중열,64022,1995-09-01,2023,NC,28,C,77,177,154,15,30,6,0,4,48,17,0,0,16,2,0,45,6,3,2,0.195,0.276,0.312,0.588,0.275,60.8,0.13,-0.88
1412,신성현,64086,1990-10-19,2023,두산,33,1B,12,15,12,1,1,0,0,0,1,1,0,1,3,0,0,4,0,0,0,0.083,0.267,0.083,0.35,0.209,17.5,-0.14,-0.2
1416,한석현,64101,1994-05-17,2023,NC,29,LF,27,66,60,5,12,1,0,0,13,2,2,1,4,0,0,20,2,2,0,0.2,0.25,0.217,0.467,0.223,28.1,-0.4,-0.66
1426,장준원,64115,1995-11-21,2023,KT,28,SS,69,104,87,10,15,2,1,1,22,10,3,0,12,1,0,25,1,3,1,0.172,0.277,0.253,0.53,0.254,46.9,-0.06,-0.16
1437,양석환,64153,1991-07-15,2023,두산,32,1B,140,581,524,73,147,28,0,21,238,89,4,0,40,6,2,133,9,0,11,0.281,0.332,0.454,0.786,0.358,124.1,2.65,1.64
1448,배정대,64166,1995-06-12,2023,KT,28,CF,97,361,311,48,86,16,0,2,108,38,13,3,38,3,1,76,2,4,5,0.277,0.356,0.347,0.703,0.332,98.0,1.77,1.15
1468,이성곤,64266,1992-03-25,2023,한화,31,DH,8,16,14,2,2,0,0,0,2,0,0,0,1,0,0,3,0,1,0,0.143,0.2,0.143,0.343,0.165,-12.0,-0.21,-0.04
1480,임지열,64340,1995-08-22,2023,키움,28,1B,72,246,212,22,55,8,0,5,78,35,1,0,28,3,0,64,3,2,1,0.259,0.353,0.368,0.72,0.341,109.5,0.85,0.93
1487,임병욱,64346,1995-09-30,2023,키움,28,RF,80,223,208,30,54,11,1,6,85,36,4,0,10,1,0,75,1,1,3,0.26,0.293,0.409,0.701,0.32,95.5,0.47,-0.59
1490,하영민,64350,1995-05-07,2023,키움,28,P,3,0,0,0,0,0,0,0,0,0,0,0,0,0,0,0,0,0,0,,,,,,,0.0,0.0
1500,김호재,64407,1995-05-31,2023,삼성,28,3B,75,127,116,6,25,7,0,0,32,9,2,0,6,0,0,17,4,5,0,0.216,0.254,0.276,0.53,0.243,39.5,-0.38,-0.85
1509,박계범,64468,1996-01-11,2023,두산,27,SS,77,194,169,18,37,6,0,2,49,15,2,2,15,2,1,44,4,5,3,0.219,0.286,0.29,0.576,0.267,58.4,0.03,-0.96
1515,송준석,64469,1994-05-04,2023,삼성,29,LF,7,8,8,0,2,0,0,0,2,1,0,0,0,0,0,0,0,0,0,0.25,0.25,0.25,0.5,0.239,35.9,-0.04,-0.11
1539,오윤석,64504,1992-02-24,2023,KT,31,1B,82,223,199,24,50,13,1,4,77,17,3,1,13,5,1,44,7,6,0,0.251,0.313,0.387,0.7,0.317,88.7,0.44,-0.72
1552,이창진,64560,1991-03-04,2023,KIA,32,LF,104,284,244,35,66,11,3,4,95,29,9,2,34,2,1,44,6,2,2,0.27,0.362,0.389,0.751,0.351,115.0,1.66,-0.32
1566,강한울,64610,1991-09-12,2023,삼성,32,3B,72,240,212,30,46,7,2,0,57,10,1,3,20,0,1,54,4,6,2,0.217,0.282,0.269,0.551,0.259,50.0,-0.6,-1.8
1575,박찬호,64646,1995-06-05,2023,KIA,28,SS,130,507,452,73,136,18,4,3,171,52,30,8,40,2,0,56,13,7,6,0.301,0.356,0.378,0.734,0.342,108.4,3.69,1.25
1583,박준태,64657,1991-07-26,2023,키움,32,RF,14,15,14,0,2,0,0,0,2,1,0,0,1,0,0,7,0,0,0,0.143,0.2,0.143,0.343,0.176,-3.3,-0.14,-0.1
1600,지시완,64717,1994-04-10,2023,롯데,29,C,6,10,8,0,1,0,0,0,1,0,0,0,0,0,0,5,0,2,0,0.125,0.125,0.125,0.25,0.095,-60.3,-0.15,-0.19
1603,최영환,64718,1992-02-20,2023,롯데,31,P,1,0,0,0,0,0,0,0,0,0,0,0,0,0,0,0,0,0,0,,,,,,,0.0,0.0
1618,김민수,64793,1991-03-02,2023,삼성,32,C,2,1,1,0,0,0,0,0,0,0,0,0,0,0,0,1,0,0,0,0.0,0.0,0.0,0.0,0.0,,0.01,-0.05
1626,이건욱,64861,1995-02-13,2023,SSG,28,P,1,0,0,0,0,0,0,0,0,0,0,0,0,0,0,0,0,0,0,,,,,,,0.0,0.0
1634,조용호,64868,1989-09-09,2023,KT,34,RF,63,184,161,20,40,2,0,0,42,7,4,0,23,0,0,25,3,0,0,0.248,0.342,0.261,0.603,0.303,78.4,0.05,-0.75
1664,박대온,64944,1995-08-28,2023,NC,28,C,23,27,23,4,6,2,0,0,8,2,0,0,3,0,0,7,0,0,1,0.261,0.333,0.348,0.681,0.321,93.1,0.11,-0.17
1677,김태진,64984,1995-10-07,2023,키움,28,3B,74,212,200,17,55,6,0,0,61,16,0,0,5,1,0,23,1,3,3,0.275,0.292,0.305,0.597,0.279,65.3,-0.02,-1.33
1688,김태훈,65040,1996-03-31,2023,삼성,27,LF,11,22,21,0,2,1,0,0,3,1,0,1,0,0,0,9,1,1,0,0.095,0.095,0.143,0.238,0.104,-54.0,-0.4,-0.42
1715,김재윤,65062,1990-09-16,2023,KT,33,P,5,0,0,0,0,0,0,0,0,0,0,0,0,0,0,0,0,0,0,,,,,,,0.0,0.0
1741,안익훈,65115,1996-02-12,2023,LG,27,RF,11,23,22,1,7,1,0,0,8,2,0,0,0,1,0,2,0,0,0,0.318,0.348,0.364,0.712,0.34,106.3,-0.07,-0.13
1749,김재성,65132,1996-10-30,2023,삼성,27,C,57,125,99,7,19,3,0,1,25,7,0,1,19,5,1,31,4,2,0,0.192,0.35,0.253,0.602,0.301,78.6,0.32,-0.34
1762,신민재,65207,1996-01-21,2023,LG,27,2B,122,331,282,47,78,5,2,0,87,28,37,17,29,1,0,34,5,17,2,0.277,0.344,0.309,0.653,0.301,79.3,0.68,0.95
1766,채지선,65241,1995-07-11,2023,LG,28,P,1,0,0,0,0,0,0,0,0,0,0,0,0,0,0,0,0,0,0,,,,,,,0.0,0.0
1771,김민혁,65269,1996-05-03,2023,두산,27,1B,21,36,29,2,4,1,0,0,5,3,0,0,4,1,0,9,3,0,2,0.138,0.25,0.172,0.422,0.219,24.1,-0.21,-0.29
1785,송성문,65357,1996-08-29,2023,키움,27,3B,104,438,388,43,102,16,3,5,139,60,1,0,39,0,5,38,9,4,7,0.263,0.325,0.358,0.683,0.314,89.2,1.33,-0.21
1814,최정용,65464,1996-10-24,2023,KIA,27,2B,56,41,36,17,6,1,0,0,7,1,4,0,2,0,0,9,0,3,0,0.167,0.211,0.194,0.405,0.184,0.7,-0.17,-0.29
1848,전병우,65586,1992-10-24,2023,키움,31,1B,41,75,62,6,9,3,0,1,15,6,0,0,10,1,0,28,0,2,0,0.145,0.274,0.242,0.516,0.252,48.4,-0.3,-0.98
1855,황대인,65610,1996-02-10,2023,KIA,27,1B,60,199,174,19,37,4,0,5,56,26,0,0,18,4,2,50,6,0,3,0.213,0.297,0.322,0.618,0.291,74.2,-0.23,0.31
1862,박정수,65639,1996-01-29,2023,두산,27,P,2,0,0,0,0,0,0,0,0,0,0,0,0,0,0,0,0,0,0,,,,,,,0.0,0.0
1873,김호령,65653,1992-04-30,2023,KIA,31,CF,76,107,95,16,17,7,0,0,24,6,1,0,8,1,0,38,1,3,0,0.179,0.25,0.253,0.503,0.238,36.4,-0.26,-0.79
1880,이도윤,65703,1996-10-07,2023,한화,27,SS,106,346,309,36,78,13,2,1,98,13,11,3,18,4,1,55,6,15,0,0.252,0.302,0.317,0.619,0.282,68.1,0.82,-1.72
1904,김웅빈,65898,1996-02-09,2023,키움,27,1B,29,74,64,2,12,3,0,0,15,9,0,0,6,2,0,20,1,0,2,0.188,0.27,0.234,0.505,0.25,45.2,-0.45,-1.24
1908,최승민,65905,1996-07-01,2023,LG,27,CF,38,15,14,10,1,0,0,0,1,1,8,3,1,0,0,4,1,0,0,0.071,0.133,0.071,0.205,0.112,-48.1,-0.17,0.01
1912,류진욱,65949,1996-10-10,2023,NC,27,P,2,0,0,0,0,0,0,0,0,0,0,0,0,0,0,0,0,0,0,,,,,,,0.0,0.0
1915,김선기,66018,1991-09-01,2023,키움,32,P,2,0,0,0,0,0,0,0,0,0,0,0,0,0,0,0,0,0,0,,,,,,,0.0,0.0
1929,홍창기,66108,1993-11-21,2023,LG,30,RF,141,643,524,109,174,35,2,1,216,65,23,23,88,22,3,83,6,3,6,0.332,0.444,0.412,0.856,0.407,152.0,5.17,4.72
1932,김기연,66112,1997-09-07,2023,LG,26,C,28,40,34,3,4,0,0,0,4,2,1,0,5,0,0,10,0,1,0,0.118,0.231,0.118,0.348,0.187,2.0,-0.27,-0.08
1936,김대현,66145,1997-03-08,2023,LG,26,P,2,0,0,0,0,0,0,0,0,0,0,0,0,0,0,0,0,0,0,,,,,,,0.0,0.0
1941,김주성,66162,1998-01-30,2023,LG,25,SS,11,7,5,1,1,0,0,0,1,0,0,0,1,1,0,2,0,0,0,0.2,0.429,0.2,0.629,0.349,112.0,0.0,0.0
1949,서예일,66203,1993-06-19,2023,두산,30,2B,5,10,9,2,2,0,0,0,2,1,0,0,0,0,0,2,0,0,1,0.222,0.2,0.222,0.422,0.191,4.4,-0.07,-0.07
1956,조수행,66209,1993-08-30,2023,두산,30,RF,126,249,219,41,48,2,1,1,55,17,26,6,23,2,0,38,2,4,1,0.219,0.298,0.251,0.549,0.268,57.2,-0.32,-0.14
1961,홍성호,66233,1997-07-15,2023,두산,26,RF,21,51,48,6,14,4,0,0,18,5,0,1,2,1,0,14,0,0,0,0.292,0.333,0.375,0.708,0.335,103.0,0.2,-0.09
1978,주효상,66354,1997-11-11,2023,KIA,26,C,19,36,32,2,2,0,0,0,2,1,0,0,2,0,0,10,1,2,0,0.063,0.118,0.063,0.18,0.094,-60.7,-0.5,-0.46
1984,안주형,66406,1993-08-14,2023,삼성,30,2B,53,91,79,12,19,2,0,1,24,10,0,0,10,0,0,20,3,1,1,0.241,0.322,0.304,0.626,0.3,77.5,0.11,-0.26
1990,이성규,66409,1993-08-03,2023,삼성,30,CF,109,162,145,23,30,10,1,1,45,18,4,3,8,3,0,42,4,4,2,0.207,0.26,0.31,0.57,0.262,51.7,-0.37,-0.31
2010,최원준,66606,1997-03-23,2023,KIA,26,1B,67,274,238,37,60,11,2,1,78,23,13,5,31,0,0,39,5,5,0,0.252,0.338,0.328,0.666,0.316,90.2,0.69,0.53
2016,김규성,66614,1997-03-08,2023,KIA,26,2B,99,177,158,29,37,6,1,2,51,11,6,2,13,1,0,43,2,5,0,0.234,0.297,0.323,0.619,0.287,71.2,0.34,-1.01
2029,이진영,66657,1997-07-21,2023,한화,26,RF,121,422,358,57,89,22,0,10,141,50,5,0,53,2,0,127,4,4,5,0.249,0.345,0.394,0.738,0.343,108.8,1.93,1.58
2033,신범수,66662,1998-01-25,2023,KIA,25,C,36,100,88,7,15,3,0,2,24,10,0,0,7,2,0,19,3,2,1,0.17,0.245,0.273,0.518,0.244,41.6,-0.15,-1.0
2041,이시원,66702,1996-07-24,2023,KT,27,RF,29,32,29,4,4,0,0,0,4,1,0,1,2,0,0,6,0,1,0,0.138,0.194,0.138,0.332,0.165,-13.9,-0.41,-0.13
2047,김태연,66704,1997-06-10,2023,한화,26,RF,91,280,245,25,64,13,0,4,89,26,5,1,27,3,1,59,3,1,4,0.261,0.337,0.363,0.7,0.329,99.2,0.75,0.03
2053,박상언,66707,1997-03-03,2023,한화,26,C,86,161,145,13,29,5,1,1,39,13,1,2,10,1,0,38,6,3,2,0.2,0.253,0.269,0.522,0.245,43.0,-0.23,-1.48
2058,장진혁,66706,1993-09-30,2023,한화,30,CF,68,178,162,24,36,5,1,0,43,12,5,4,15,0,0,41,3,0,1,0.222,0.287,0.265,0.552,0.269,59.3,-0.18,-0.69
2066,김인환,66715,1994-01-28,2023,한화,29,1B,112,365,325,34,73,16,0,7,110,42,1,0,35,2,2,91,4,0,3,0.225,0.301,0.338,0.64,0.301,80.2,-0.33,-0.92
2086,김동엽,66838,1990-07-24,2023,삼성,33,DH,69,182,165,20,42,7,0,5,64,18,1,1,13,2,0,29,8,0,2,0.255,0.313,0.388,0.701,0.327,94.0,0.21,-0.48
2094,안상현,66864,1997-01-27,2023,SSG,26,2B,58,66,58,10,14,3,0,0,17,2,3,1,5,0,0,15,1,3,0,0.241,0.302,0.293,0.595,0.275,64.0,0.07,-0.35
2102,김찬형,66917,1997-12-29,2023,SSG,26,3B,36,53,48,6,11,3,0,1,17,5,0,0,2,1,0,10,1,2,0,0.229,0.275,0.354,0.629,0.283,67.6,0.06,0.32
2109,박준영,66928,1997-08-05,2023,두산,26,3B,51,138,127,16,28,7,2,4,51,17,2,1,9,2,1,53,0,0,0,0.22,0.283,0.402,0.684,0.312,90.5,0.48,0.76
2125,도태훈,66965,1993-03-18,2023,NC,30,3B,117,302,239,41,56,6,0,5,77,23,2,1,38,17,1,48,8,7,1,0.234,0.376,0.322,0.698,0.337,103.4,1.36,-0.31
2132,홍현빈,67005,1997-08-29,2023,KT,26,CF,44,86,73,15,17,2,0,0,19,1,2,0,13,0,0,21,2,0,0,0.233,0.349,0.26,0.609,0.308,81.3,0.31,-0.55
2135,안치영,67006,1998-05-29,2023,KT,25,RF,76,136,124,20,36,3,1,0,41,9,7,1,6,2,0,35,1,3,1,0.29,0.331,0.331,0.662,0.31,82.6,0.28,-0.78
2148,문상인,67063,1998-01-31,2023,KT,25,C,1,1,0,0,0,0,0,0,0,0,0,0,1,0,0,0,0,0,0,,1.0,,,0.728,,0.01,0.0
2151,오석주,67116,1998-04-14,2023,LG,25,P,1,0,0,0,0,0,0,0,0,0,0,0,0,0,0,0,0,0,0,,,,,,,0.0,0.0
2156,고우석,67119,1998-08-06,2023,LG,25,P,1,0,0,0,0,0,0,0,0,0,0,0,0,0,0,0,0,0,0,,,,,,,0.0,0.0
2158,전준호,67123,1998-07-01,2023,LG,25,C,2,1,1,0,0,0,0,0,0,1,0,0,0,0,0,0,0,0,0,0.0,0.0,0.0,0.0,0.0,-123.9,-0.02,-0.0
2165,박유연,67202,1998-12-20,2023,두산,25,C,10,16,15,3,4,2,0,0,6,1,0,0,0,0,0,4,0,1,0,0.267,0.267,0.4,0.667,0.286,70.8,0.04,-0.07
2169,이유찬,67207,1998-08-05,2023,두산,25,2B,103,239,210,31,51,7,2,1,65,16,12,5,20,3,0,51,0,5,1,0.243,0.316,0.31,0.626,0.296,76.1,0.45,-0.58
2174,박치국,67266,1998-03-10,2023,두산,25,P,1,0,0,0,0,0,0,0,0,0,0,0,0,0,0,0,0,0,0,,,,,,,0.0,0.0
2181,김혜성,67304,1999-01-27,2023,키움,24,2B,137,621,556,104,186,29,6,7,248,57,25,3,57,3,3,77,6,0,5,0.335,0.396,0.446,0.842,0.392,142.1,6.19,2.5
2189,이정후,67341,1998-08-20,2023,키움,25,CF,86,387,330,50,105,23,2,6,150,45,6,3,49,3,7,23,1,0,5,0.318,0.406,0.455,0.86,0.395,143.8,3.7,1.04
2191,이병규,67363,1994-10-05,2023,키움,29,1B,7,17,17,3,4,0,0,0,4,2,0,0,0,0,0,4,0,0,0,0.235,0.235,0.235,0.471,0.225,29.3,-0.09,-0.21
2195,김재웅,67391,1998-10-22,2023,키움,25,P,1,0,0,0,0,0,0,0,0,0,0,0,0,0,0,0,0,0,0,,,,,,,0.0,0.0
2209,김성윤,67449,1999-02-02,2023,삼성,24,RF,101,272,245,40,77,4,6,2,99,28,20,4,14,4,0,35,2,4,5,0.314,0.355,0.404,0.759,0.349,109.7,1.61,0.82
2218,김민수,67504,1998-03-18,2023,롯데,25,3B,25,51,43,4,9,1,1,0,12,2,0,0,7,0,0,17,2,1,0,0.209,0.32,0.279,0.599,0.29,69.2,-0.01,-0.48
2226,박정우,67609,1998-02-01,2023,KIA,25,RF,21,12,9,2,3,0,0,0,3,0,0,0,0,0,0,1,0,3,0,0.333,0.333,0.333,0.667,0.239,38.1,-0.03,0.2
2230,김석환,67610,1999-02-28,2023,KIA,24,1B,12,26,23,1,3,1,0,0,4,3,0,0,2,0,0,9,1,1,0,0.13,0.2,0.174,0.374,0.181,-2.1,-0.27,-0.12
2237,이정훈,67644,1994-12-07,2023,롯데,29,DH,59,171,152,17,45,7,0,1,55,17,1,1,13,3,0,28,1,0,3,0.296,0.357,0.362,0.719,0.342,105.6,0.43,0.14
2243,박상원,67703,1994-09-09,2023,한화,29,P,3,0,0,0,0,0,0,0,0,0,0,0,0,0,0,0,0,0,0,,,,,,,0.0,0.0
2248,이정범,67807,1998-04-10,2023,SSG,25,DH,15,33,29,2,5,0,0,0,5,4,0,0,2,0,0,6,1,0,2,0.172,0.212,0.172,0.385,0.189,4.2,-0.32,-0.22
2263,박성한,67893,1998-03-30,2023,SSG,25,SS,128,529,459,53,122,19,0,9,168,47,4,1,58,1,1,56,7,7,4,0.266,0.347,0.366,0.713,0.334,101.8,2.8,1.53
2265,김수윤,67900,1998-07-16,2023,NC,25,3B,16,15,14,0,3,0,0,0,3,2,0,0,1,0,0,4,0,0,0,0.214,0.267,0.214,0.481,0.24,39.4,-0.04,-0.01
2267,천재환,67905,1994-04-01,2023,NC,29,CF,78,179,163,12,39,7,1,2,54,17,2,3,9,3,0,44,5,2,2,0.239,0.288,0.331,0.619,0.289,71.4,0.05,-0.91
2275,이재용,67993,1999-02-28,2023,한화,24,C,2,2,2,1,1,0,0,0,1,0,0,0,0,0,0,1,0,0,0,0.5,0.5,0.5,1.0,0.477,202.8,0.02,0.0
2279,김민,68043,1999-04-14,2023,KT,24,P,1,0,0,0,0,0,0,0,0,0,0,0,0,0,0,0,0,0,0,,,,,,,0.0,0.0
2285,강백호,68050,1999-07-29,2023,KT,24,DH,71,271,238,32,63,10,1,8,99,39,3,0,31,0,4,55,1,0,2,0.265,0.347,0.416,0.763,0.35,110.7,0.76,-0.53
2296,이재원,68106,1999-07-17,2023,LG,24,LF,57,129,112,15,24,5,0,4,41,18,4,2,12,2,2,40,1,0,3,0.214,0.295,0.366,0.661,0.301,82.8,0.16,0.09
2298,송찬의,68110,1999-02-20,2023,LG,24,1B,19,22,18,2,1,1,0,0,2,1,1,0,4,0,0,6,0,0,0,0.056,0.227,0.111,0.338,0.193,7.8,-0.24,-0.25
2302,문성주,68119,1997-02-20,2023,LG,26,LF,136,534,449,77,132,21,4,2,167,57,24,14,67,8,0,34,10,6,4,0.294,0.392,0.372,0.764,0.363,122.3,2.98,0.59
2307,권민석,68204,1999-02-20,2023,두산,24,SS,1,2,2,0,0,0,0,0,0,0,0,0,0,0,0,1,0,0,0,0.0,0.0,0.0,0.0,0.0,-123.9,-0.05,-0.0
2312,전민재,68205,1999-06-30,2023,두산,24,3B,19,18,17,3,4,2,0,0,6,1,0,3,0,0,0,3,2,1,0,0.235,0.235,0.353,0.588,0.254,49.3,-0.14,-0.44
2315,김민규,68200,1999-05-07,2023,두산,24,P,1,0,0,0,0,0,0,0,0,0,0,0,0,0,0,0,0,0,0,,,,,,,0.0,0.0
2318,정철원,68242,1999-03-27,2023,두산,24,P,3,0,0,0,0,0,0,0,0,0,0,0,0,0,0,0,0,0,0,,,,,,,0.0,0.0
2322,박신지,68249,1999-07-16,2023,두산,24,P,1,0,0,0,0,0,0,0,0,0,0,0,0,0,0,0,0,0,0,,,,,,,0.0,0.0
2329,예진원,68330,1999-03-16,2023,키움,24,LF,16,36,34,2,8,1,0,1,12,4,0,0,0,0,0,7,0,2,0,0.235,0.235,0.353,0.588,0.254,51.1,-0.1,-0.24
2336,김수환,68346,1998-03-20,2023,키움,25,1B,50,114,97,8,21,4,0,2,31,15,0,0,11,4,0,36,1,1,1,0.216,0.319,0.32,0.638,0.306,85.5,0.12,-0.06
2344,공민규,68407,1999-09-27,2023,삼성,24,3B,22,33,31,0,6,1,1,0,9,2,0,0,2,0,0,13,1,0,0,0.194,0.242,0.29,0.533,0.251,44.8,-0.16,-0.02
2347,윤정빈,68463,1999-06-24,2023,삼성,24,1B,28,43,34,5,5,0,0,1,8,3,1,0,7,2,0,12,1,0,0,0.147,0.326,0.235,0.561,0.291,71.7,-0.07,0.13
2350,이태훈,68466,1995-04-03,2023,삼성,28,1B,12,14,13,1,3,1,0,0,4,0,0,0,1,0,0,7,0,0,0,0.231,0.286,0.308,0.593,0.284,67.2,-0.04,-0.07
2354,이호연,68504,1995-06-03,2023,KT,28,2B,85,234,212,28,59,5,1,3,75,17,4,2,16,4,0,41,6,1,1,0.278,0.339,0.354,0.693,0.329,96.5,0.79,0.78
2357,장두성,68507,1999-09-16,2023,롯데,24,CF,25,15,13,7,2,0,0,0,2,1,2,0,1,0,0,3,1,1,0,0.154,0.214,0.154,0.368,0.176,-5.9,-0.08,-0.14
2362,정보근,68518,1999-08-31,2023,롯데,24,C,55,101,81,11,27,6,1,1,38,13,1,0,14,1,0,13,2,4,1,0.333,0.433,0.469,0.902,0.405,147.4,1.19,0.47
2368,한동희,68525,1999-06-01,2023,롯데,24,3B,108,353,319,30,71,11,0,5,97,32,1,3,26,1,0,58,16,2,5,0.223,0.279,0.304,0.583,0.276,62.1,-0.37,-2.91
2372,윤중현,68619,1995-04-25,2023,KIA,28,P,1,0,0,0,0,0,0,0,0,0,0,0,0,0,0,0,0,0,0,,,,,,,0.0,0.0
2376,한준수,68646,1999-02-13,2023,KIA,24,C,48,94,86,9,22,4,0,2,32,12,0,0,7,0,0,26,2,1,0,0.256,0.312,0.372,0.684,0.318,92.2,0.49,-0.43
2381,이원석,68700,1999-03-31,2023,한화,24,CF,81,138,116,20,22,1,1,0,25,8,13,3,21,1,0,33,3,0,0,0.19,0.319,0.216,0.534,0.276,64.2,0.04,-1.11
2392,정은원,68743,2000-01-17,2023,한화,23,2B,122,459,388,50,86,12,0,2,104,30,6,3,62,3,1,73,4,5,1,0.222,0.333,0.268,0.601,0.296,76.8,0.84,-1.3
2394,최상민,68805,1999-08-20,2023,SSG,24,CF,51,41,34,5,8,0,0,0,8,3,2,2,4,0,0,7,0,2,1,0.235,0.308,0.235,0.543,0.257,50.6,-0.13,-0.46
2395,김정우,68830,1999-05-15,2023,두산,24,P,1,0,0,0,0,0,0,0,0,0,0,0,0,0,0,0,0,0,0,,,,,,,0.0,0.0
2397,최민준,68856,1999-06-11,2023,SSG,24,P,1,0,0,0,0,0,0,0,0,0,0,0,0,0,0,0,0,0,0,,,,,,,0.0,0.0
2402,최준우,68868,1999-03-25,2023,SSG,24,2B,38,69,60,5,16,1,0,0,17,6,0,1,8,0,0,10,3,0,1,0.267,0.348,0.283,0.631,0.311,87.7,0.13,-0.47
2403,이채호,68896,1998-11-23,2023,KT,25,P,1,0,0,0,0,0,0,0,0,0,0,0,0,0,0,0,0,0,0,,,,,,,0.0,0.0
2409,오영수,68904,2000-01-30,2023,NC,23,1B,70,238,208,21,49,9,1,4,72,24,3,3,17,5,1,55,5,5,3,0.236,0.305,0.346,0.651,0.299,77.9,-0.17,-0.9
2416,최보성,68909,1998-10-16,2023,NC,25,3B,12,21,19,2,5,0,0,0,5,0,0,0,2,0,0,2,1,0,0,0.263,0.333,0.263,0.597,0.297,78.4,0.05,-0.01
2420,김형준,68912,1999-11-02,2023,NC,24,C,26,82,72,10,17,2,0,6,37,13,0,0,8,1,0,24,3,1,0,0.236,0.321,0.514,0.835,0.371,123.1,0.71,0.17
2421,김시훈,68928,1999-02-24,2023,NC,24,P,1,0,0,0,0,0,0,0,0,0,0,0,0,0,0,0,0,0,0,,,,,,,0.0,0.0
2423,이상동,69054,1995-11-24,2023,KT,28,P,1,0,0,0,0,0,0,0,0,0,0,0,0,0,0,0,0,0,0,,,,,,,0.0,0.0
2425,박민석,69056,2000-04-13,2023,KT,23,SS,4,4,4,1,1,0,0,0,1,0,0,0,0,0,0,3,0,0,0,0.25,0.25,0.25,0.5,0.239,27.2,-0.0,-0.03
2426,강민성,69064,1999-12-08,2023,KT,24,3B,12,27,22,2,4,1,0,0,5,0,0,0,4,0,0,10,0,1,0,0.182,0.308,0.227,0.535,0.263,51.3,-0.02,-0.31
2427,이선우,69068,2000-09-19,2023,KT,23,P,1,0,0,0,0,0,0,0,0,0,0,0,0,0,0,0,0,0,0,,,,,,,0.0,0.0
2434,문보경,69102,2000-07-19,2023,LG,23,3B,131,542,469,77,141,29,5,10,210,72,9,9,58,2,2,83,5,9,4,0.301,0.377,0.448,0.825,0.376,132.4,4.13,1.7
2439,이정용,69134,1996-03-26,2023,LG,27,P,1,0,0,0,0,0,0,0,0,0,0,0,0,0,0,0,0,0,0,,,,,,,0.0,0.0
2449,송승환,69203,2000-10-28,2023,두산,23,LF,30,76,70,10,16,3,1,0,21,4,0,1,4,0,0,16,2,2,0,0.229,0.27,0.3,0.57,0.264,53.3,-0.25,-0.41
2453,김태근,69207,1996-08-10,2023,두산,27,RF,41,55,52,9,11,3,0,0,14,3,0,3,0,1,0,21,0,2,0,0.212,0.226,0.269,0.496,0.225,28.5,-0.43,-0.6
2460,김대한,69238,2000-12-06,2023,두산,23,RF,33,89,81,10,16,3,1,1,24,7,1,3,7,1,0,21,0,0,0,0.198,0.27,0.296,0.566,0.271,60.4,-0.22,-0.61
2465,김주형,69306,1996-03-05,2023,키움,27,SS,46,81,69,5,10,2,0,0,12,4,0,0,9,1,0,27,2,2,0,0.145,0.253,0.174,0.427,0.217,23.8,-0.36,-0.76
2467,주성원,69332,2000-08-30,2023,키움,23,RF,25,72,69,7,15,2,1,0,19,2,0,0,1,0,0,18,1,1,1,0.217,0.225,0.275,0.501,0.229,31.1,-0.43,-0.55
2474,윤정현,69399,1993-05-17,2023,키움,30,P,3,0,0,0,0,0,0,0,0,0,0,0,0,0,0,0,0,0,0,,,,,,,0.0,0.0
2483,이해승,69416,2000-08-01,2023,삼성,23,3B,9,4,4,0,1,1,0,0,2,0,0,0,0,0,0,1,0,0,0,0.25,0.25,0.5,0.75,0.333,99.8,0.03,-0.02
2485,이병헌,69428,1999-10-26,2023,삼성,24,C,23,33,28,3,4,0,0,0,4,2,0,0,3,0,0,11,0,1,1,0.143,0.219,0.143,0.362,0.182,-1.2,-0.19,-0.41
2490,김도환,69442,2000-04-14,2023,삼성,23,C,9,8,7,0,1,0,0,0,1,0,0,0,1,0,0,0,0,0,0,0.143,0.25,0.143,0.393,0.21,18.0,-0.04,-0.07
2495,이학주,69453,1990-11-04,2023,롯데,33,SS,104,122,110,22,23,2,0,3,34,13,4,1,11,1,0,31,2,0,0,0.209,0.287,0.309,0.596,0.286,70.3,0.21,-0.26
2497,신윤후,69508,1996-01-05,2023,롯데,27,LF,28,27,25,2,1,0,0,0,1,1,1,0,0,2,0,8,0,0,0,0.04,0.111,0.04,0.151,0.092,-62.5,-0.4,-0.12
2500,고승민,69517,2000-08-11,2023,롯데,23,1B,94,307,254,35,57,14,2,2,81,24,8,3,42,1,3,64,2,6,4,0.224,0.332,0.319,0.651,0.305,80.4,0.15,-0.53
2504,김기훈,69620,2000-01-03,2023,KIA,23,P,1,0,0,0,0,0,0,0,0,0,0,0,0,0,0,0,0,0,0,,,,,,,0.0,0.0
2508,오선우,69636,1996-12-13,2023,KIA,27,1B,33,31,28,2,5,0,0,2,11,5,0,0,3,0,0,15,0,0,0,0.179,0.258,0.393,0.651,0.298,82.0,-0.01,-0.09
2514,김건,69702,2000-02-23,2023,한화,23,DH,7,12,12,1,2,0,0,0,2,0,0,0,0,0,0,8,0,0,0,0.167,0.167,0.167,0.333,0.159,-14.1,-0.14,-0.12
2520,허관회,69706,1999-02-12,2023,한화,24,C,10,7,7,1,0,0,0,0,0,0,0,0,0,0,0,2,0,0,0,0.0,0.0,0.0,0.0,0.0,-123.9,-0.16,-0.09
2523,변우혁,69727,2000-03-18,2023,KIA,23,1B,83,226,200,23,45,4,0,7,70,24,0,0,23,3,1,74,4,0,0,0.225,0.314,0.35,0.664,0.315,90.8,0.45,-0.1
2528,노시환,69737,2000-12-03,2023,한화,23,3B,131,595,514,85,153,30,1,31,278,101,2,1,74,4,5,118,13,0,3,0.298,0.388,0.541,0.929,0.418,159.3,6.93,4.25
2531,유로결,69766,2000-05-30,2023,한화,23,RF,27,53,48,5,7,1,0,0,8,5,1,0,1,1,0,10,3,1,2,0.146,0.173,0.167,0.34,0.161,-14.5,-0.55,-0.63
2534,최경모,69802,1996-06-17,2023,SSG,27,3B,28,20,20,6,3,0,0,0,3,1,2,0,0,0,0,5,0,0,0,0.15,0.15,0.15,0.3,0.143,-26.7,-0.13,-0.09
2537,채현우,69804,1995-11-21,2023,SSG,28,,1,0,0,1,0,0,0,0,0,0,0,0,0,0,0,0,0,0,0,,,,,,,0.0,0.0
2543,하재훈,69813,1990-10-29,2023,SSG,33,LF,77,229,201,35,61,10,1,7,94,35,11,0,19,5,1,53,0,2,2,0.303,0.374,0.468,0.842,0.384,135.2,2.02,0.51
2547,백승건,69839,2000-10-29,2023,SSG,23,P,1,0,0,0,0,0,0,0,0,0,0,0,0,0,0,0,0,0,0,,,,,,,0.0,0.0
2550,박주찬,69900,1996-01-11,2023,NC,27,3B,5,14,14,1,2,0,0,0,2,0,0,0,0,0,0,2,0,0,0,0.143,0.143,0.143,0.286,0.136,-30.4,-0.16,-0.13
2554,전사민,69969,1999-07-06,2023,NC,24,P,1,1,1,0,0,0,0,0,0,0,0,0,0,0,0,0,0,0,0,0.0,0.0,0.0,0.0,0.0,-123.9,-0.02,-0.05
2559,최정원,69992,2000-06-24,2023,NC,23,2B,39,56,50,12,13,3,2,0,20,5,4,1,1,3,0,13,1,2,0,0.26,0.315,0.4,0.715,0.321,92.8,0.24,0.18
2563,서호철,69995,1996-10-16,2023,NC,27,3B,114,435,397,50,114,17,3,5,152,41,4,5,20,8,0,51,9,6,4,0.287,0.331,0.383,0.714,0.33,99.9,1.78,0.15
3157,김강민,71837,1982-09-13,2023,SSG,41,CF,70,166,137,20,31,3,0,2,40,7,2,1,23,1,1,38,2,2,3,0.226,0.335,0.292,0.627,0.302,79.8,0.16,-0.64
3406,최형우,72443,1983-12-16,2023,KIA,40,DH,121,508,431,64,130,27,1,17,210,81,0,0,65,8,1,83,5,0,4,0.302,0.4,0.487,0.887,0.409,153.8,3.68,4.06
3459,고효준,72523,1983-02-08,2023,SSG,40,P,2,0,0,0,0,0,0,0,0,0,0,0,0,0,0,0,0,0,0,,,,,,,0.0,0.0
3602,박경수,73113,1984-03-31,2023,KT,39,2B,107,221,185,12,37,13,0,1,53,12,0,0,30,1,1,46,2,5,0,0.2,0.315,0.286,0.601,0.288,68.3,-0.03,0.6
3679,노경은,73211,1984-03-11,2023,SSG,39,P,1,0,0,0,0,0,0,0,0,0,0,0,0,0,0,0,0,0,0,,,,,,,0.0,0.0
4013,이용규,74163,1985-08-26,2023,키움,38,LF,50,178,154,19,36,0,3,0,42,11,2,1,19,1,0,22,3,2,2,0.234,0.318,0.273,0.591,0.287,70.3,-0.19,-0.23
4037,김재호,74206,1985-03-21,2023,두산,38,SS,91,302,248,32,70,13,0,3,92,29,4,0,30,8,2,24,11,14,2,0.282,0.375,0.371,0.746,0.339,107.0,1.83,0.57
4137,박석민,74465,1985-06-22,2023,NC,38,3B,30,107,88,9,17,1,0,1,21,8,0,0,14,3,0,22,4,1,1,0.193,0.321,0.239,0.559,0.282,67.1,-0.08,-0.82
4165,강민호,74540,1985-08-18,2023,삼성,38,C,125,495,434,60,126,19,0,16,193,77,6,1,49,6,4,65,17,1,5,0.29,0.366,0.445,0.811,0.373,124.6,3.8,1.34
4298,정우람,74857,1985-06-01,2023,한화,38,P,1,0,0,0,0,0,0,0,0,0,0,0,0,0,0,0,0,0,0,,,,,,,0.0,0.0
4315,박병호,75125,1986-07-10,2023,KT,37,1B,132,493,431,53,122,15,0,18,191,87,2,0,46,8,2,114,9,0,8,0.283,0.357,0.443,0.8,0.368,122.7,2.39,2.79
4406,오재일,75334,1986-10-29,2023,삼성,37,1B,106,364,315,31,64,15,0,11,112,54,1,0,43,3,1,110,1,0,3,0.203,0.302,0.356,0.658,0.309,82.4,-0.06,1.27
4436,오승환,75421,1982-07-15,2023,삼성,41,P,3,0,0,0,0,0,0,0,0,0,0,0,0,0,0,0,0,0,0,,,,,,,0.0,0.0
4482,이원석,75566,1986-10-21,2023,"삼성,키움",37,1B,89,345,305,22,75,10,0,2,91,30,0,1,34,3,1,67,9,1,2,0.246,0.326,0.298,0.624,0.302,81.0,-0.07,-0.48
4483,이원석,75566,1986-10-21,2023,키움,37,1B,70,273,247,16,54,6,0,1,63,20,0,0,20,3,1,59,8,1,2,0.219,0.283,0.255,0.538,0.261,53.8,-0.67,-0.87
4484,이원석,75566,1986-10-21,2023,삼성,37,1B,19,72,58,6,21,4,0,1,28,10,0,1,14,0,0,8,1,0,0,0.362,0.486,0.483,0.969,0.457,182.7,0.87,0.39
4578,최정,75847,1987-02-28,2023,SSG,36,3B,128,552,471,94,140,31,0,29,258,87,7,3,59,15,6,87,12,1,6,0.297,0.388,0.548,0.936,0.418,155.8,5.78,2.8
4612,원종현,76118,1987-07-31,2023,키움,36,P,2,0,0,0,0,0,0,0,0,0,0,0,0,0,0,0,0,0,0,,,,,,,0.0,0.0
4642,양의지,76232,1987-06-05,2023,두산,36,C,129,509,438,56,134,23,0,17,208,68,8,0,57,11,8,56,20,0,3,0.306,0.397,0.475,0.872,0.399,151.9,5.4,0.59
4676,최주환,76267,1988-02-28,2023,SSG,35,2B,134,478,426,48,100,24,0,20,184,63,0,0,43,5,4,94,6,1,3,0.235,0.31,0.432,0.742,0.337,101.4,1.62,1.6
4692,김현수,76290,1988-01-12,2023,LG,35,DH,133,556,488,53,143,22,2,6,187,88,2,1,58,1,4,53,10,1,8,0.293,0.364,0.383,0.747,0.35,114.1,1.69,1.61
4715,황재균,76313,1987-07-28,2023,KT,36,3B,109,457,407,62,120,26,2,6,168,49,3,3,45,1,1,64,15,3,1,0.295,0.366,0.413,0.778,0.363,119.2,3.18,1.89
4771,김상수,76430,1988-01-02,2023,롯데,35,P,1,0,0,0,0,0,0,0,0,0,0,0,0,0,0,0,0,0,0,,,,,,,0.0,0.0
4928,김성현,76802,1987-03-09,2023,SSG,36,2B,112,354,310,35,83,14,0,1,100,27,4,1,29,0,1,36,6,13,2,0.268,0.328,0.323,0.651,0.3,81.0,0.95,-0.94
4946,이재원,76812,1988-02-24,2023,SSG,35,C,27,48,44,3,4,1,0,0,5,2,0,0,2,0,0,8,4,1,1,0.091,0.128,0.114,0.241,0.118,-43.3,-0.56,-1.08
4966,이명기,76849,1987-12-26,2023,한화,36,DH,14,42,40,2,7,1,0,0,8,5,1,0,2,0,0,9,0,0,0,0.175,0.214,0.2,0.414,0.203,13.9,-0.36,-0.28
5015,이용찬,77211,1989-01-02,2023,NC,34,P,2,0,0,0,0,0,0,0,0,0,0,0,0,0,0,0,0,0,0,,,,,,,0.0,0.0
5033,허도환,77243,1984-07-31,2023,LG,39,C,47,81,64,8,9,3,0,2,18,10,0,0,3,6,0,20,3,7,1,0.141,0.243,0.281,0.525,0.231,36.3,-0.1,0.12
5124,손아섭,77532,1988-03-18,2023,NC,35,DH,140,609,551,97,187,36,3,5,244,65,14,3,50,2,2,67,10,1,5,0.339,0.393,0.443,0.836,0.39,140.0,4.39,2.67
5146,김민성,77564,1988-12-17,2023,LG,35,2B,112,316,273,34,68,11,0,8,103,41,2,1,25,7,0,58,7,9,2,0.249,0.326,0.377,0.703,0.322,96.9,1.21,-1.44
5231,김태군,78122,1989-12-30,2023,"삼성,KIA",34,C,114,346,311,24,80,10,1,1,95,42,2,1,15,8,1,30,17,8,4,0.257,0.305,0.305,0.61,0.285,68.4,0.24,-1.94
5232,김태군,78122,1989-12-30,2023,삼성,34,C,49,143,125,7,32,4,1,1,41,18,0,0,10,4,1,11,8,3,1,0.256,0.329,0.328,0.657,0.306,81.5,0.12,-0.75
5233,김태군,78122,1989-12-30,2023,KIA,34,C,65,203,186,17,48,6,0,0,54,24,2,1,5,4,0,19,9,5,3,0.258,0.288,0.29,0.578,0.27,58.6,-0.42,-1.19
5246,이형종,78135,1989-06-07,2023,키움,34,RF,99,374,316,35,68,22,1,3,101,37,0,0,39,14,2,78,11,3,2,0.215,0.326,0.32,0.646,0.309,85.3,0.23,-1.6
5265,서건창,78168,1989-08-22,2023,LG,34,2B,44,126,110,14,22,5,2,0,31,12,3,3,10,0,0,14,5,3,3,0.2,0.26,0.282,0.542,0.251,45.7,-0.46,-1.28
5291,김재환,78224,1988-09-22,2023,두산,35,DH,132,484,405,40,89,15,0,10,134,46,3,1,72,5,4,100,8,0,2,0.22,0.343,0.331,0.674,0.324,98.4,0.83,1.41
5321,최재훈,78288,1989-08-27,2023,한화,34,C,125,417,327,23,81,12,0,1,96,33,1,1,56,23,1,48,9,9,2,0.248,0.392,0.294,0.686,0.338,104.7,2.8,0.28
5331,임창민,78352,1985-08-25,2023,키움,38,P,2,0,0,0,0,0,0,0,0,0,0,0,0,0,0,0,0,0,0,,,,,,,0.0,0.0
5384,전준우,78513,1986-02-25,2023,롯데,37,DH,138,559,493,80,154,21,3,17,232,77,9,2,52,7,4,65,12,0,7,0.312,0.381,0.471,0.852,0.391,140.8,3.6,2.65
5395,하준호,78517,1989-04-29,2023,KT,34,P,1,0,0,0,0,0,0,0,0,0,0,0,0,0,0,0,0,0,0,,,,,,,0.0,0.0
5417,장성우,78548,1990-01-17,2023,KT,33,C,131,464,410,37,118,22,0,11,173,65,1,1,42,2,1,70,12,3,7,0.288,0.351,0.422,0.773,0.356,114.6,3.35,0.19
5448,김선빈,78603,1989-12-18,2023,KIA,34,2B,119,472,418,41,134,16,0,0,150,48,3,1,38,5,0,26,10,8,3,0.321,0.382,0.359,0.74,0.351,113.0,2.59,1.24
5515,오선진,78756,1989-07-07,2023,한화,34,SS,90,199,165,17,38,6,0,0,44,15,2,0,24,5,0,34,7,3,2,0.23,0.342,0.267,0.609,0.301,79.8,0.46,-0.29
5583,오지환,79109,1990-03-12,2023,LG,33,SS,126,502,422,65,113,24,3,8,167,62,16,7,64,8,0,82,4,4,4,0.268,0.372,0.396,0.767,0.36,121.9,3.89,1.95
5608,최동환,79140,1989-09-19,2023,LG,34,P,3,0,0,0,0,0,0,0,0,0,0,0,0,0,0,0,0,0,0,,,,,,,0.0,0.0
5620,정주현,79150,1990-10-13,2023,LG,33,1B,89,101,88,17,24,2,0,1,29,12,1,5,9,0,0,16,1,2,1,0.273,0.337,0.33,0.666,0.311,87.0,0.08,-0.21
5630,채은성,79192,1990-02-06,2023,한화,33,1B,137,596,521,71,137,17,0,23,223,84,0,0,52,20,8,102,16,0,3,0.263,0.351,0.428,0.779,0.358,118.6,2.64,2.17
5654,박건우,79215,1990-09-08,2023,NC,33,RF,130,533,458,70,146,34,2,12,220,85,7,5,56,9,0,71,14,1,9,0.319,0.397,0.48,0.877,0.403,148.0,4.25,2.5
5670,정수빈,79231,1990-10-07,2023,두산,33,CF,137,583,498,75,143,14,11,2,185,33,39,8,64,7,1,63,2,12,2,0.287,0.375,0.371,0.746,0.349,111.0,3.89,1.33
5686,허경민,79240,1990-08-26,2023,두산,33,3B,130,475,429,44,114,22,1,7,159,48,9,3,35,6,3,26,6,0,5,0.266,0.326,0.371,0.697,0.326,98.9,2.08,-0.83
5698,국해성,79290,1989-10-08,2023,롯데,34,DH,6,10,8,0,2,0,0,0,2,1,0,0,2,0,0,3,0,0,0,0.25,0.4,0.25,0.65,0.337,101.9,0.03,-0.13
5755,박동원,79365,1990-04-07,2023,LG,33,C,130,481,409,54,102,17,1,20,181,75,0,1,49,7,3,90,7,8,8,0.249,0.334,0.443,0.777,0.348,116.0,3.41,1.09
5770,김상수,79402,1990-03-23,2023,KT,33,SS,129,512,443,58,120,19,1,3,150,56,5,6,55,3,0,68,9,8,3,0.271,0.353,0.339,0.692,0.329,96.0,2.29,-0.21
5802,이지영,79456,1986-02-27,2023,키움,37,C,81,237,217,23,54,8,1,0,64,8,1,1,12,1,0,39,2,7,0,0.249,0.291,0.295,0.586,0.273,61.1,0.4,-1.87
5843,안치홍,79608,1990-07-02,2023,롯데,33,2B,121,494,425,57,124,20,1,8,170,63,3,3,49,10,3,53,14,5,5,0.292,0.374,0.4,0.774,0.36,119.1,2.85,1.97
