이름,id,연도,팀명,평균자책점,경기,완투,완봉,승리,패배,세이브,홀드,승률,타자수,이닝,피안타,피홈런,볼넷,사구,삼진,실점,자책점,생년월일,포지션,WAR,폭투,ERA,FIP,WHIP,ERA+,FIP+,WPA
유영찬,50106,2023,LG,3.44,67,0,0,6,3,1,12,0.667,305,68.0,55,4,40,7,55,27,26,1997-03-07,중계,1.55,8.0,3.44,4.58,1.4,118.6,89.5,-0.12
이민호,50126,2023,LG,5.03,5,0,0,0,2,0,0,0.0,91,19.7,22,1,10,0,7,13,11,2001-08-30,선발,-0.2,0.0,5.03,4.92,1.63,81.1,83.4,-0.43
김윤식,50157,2023,LG,4.22,17,0,0,6,4,0,0,0.6,320,74.7,86,4,25,3,42,35,35,2000-04-03,선발,1.0,4.0,4.22,4.14,1.49,96.7,98.9,0.4
이종민,50354,2023,키움,7.24,11,0,0,0,1,0,0,0.0,72,13.7,22,0,6,1,10,13,11,2001-06-04,중계,-0.36,0.0,7.24,3.52,2.05,56.7,117.1,-0.71
김동혁,50360,2023,키움,7.32,35,0,0,1,7,0,6,0.125,192,39.3,51,1,18,6,24,34,32,2001-12-27,선발,-0.81,0.0,7.55,4.38,1.75,54.4,93.7,-1.16
뷰캐넌,50404,2023,삼성,2.54,30,1,0,12,8,0,0,0.6,784,188.0,174,4,43,6,139,71,53,1989-05-11,선발,5.1,7.0,2.54,3.01,1.15,166.9,138.1,2.12
황동재,50441,2023,삼성,7.11,7,0,0,0,5,0,0,0.0,155,31.7,40,6,21,2,27,27,25,2001-11-03,선발,-0.58,0.0,7.11,6.38,1.93,59.6,66.0,-0.83
허윤동,50449,2023,삼성,10.13,7,0,0,0,1,0,0,0.0,60,10.7,16,0,12,0,8,12,12,2001-06-19,선발,-0.26,0.0,10.13,5.32,2.63,41.8,77.5,-0.44
최준용,50556,2023,롯데,2.45,47,0,0,2,3,0,14,0.4,210,47.7,50,2,18,1,40,15,13,2001-10-10,중계,1.56,1.0,2.45,3.44,1.43,169.5,119.7,-0.22
스트레일리,50558,2023,롯데,4.37,16,0,0,3,5,0,0,0.375,364,80.3,82,6,37,10,70,43,39,1988-12-01,선발,0.81,4.0,4.37,4.43,1.48,95.2,92.8,-0.27
정해영,50662,2023,KIA,2.92,52,0,0,3,4,23,1,0.429,218,49.3,53,3,20,1,30,18,16,2001-08-23,중계,1.76,0.0,2.92,4.11,1.48,141.5,99.9,0.7
강재민,50705,2023,한화,6.44,43,0,0,1,3,0,12,0.25,189,43.3,35,5,19,8,42,31,31,1997-04-03,중계,-0.37,0.0,6.44,4.87,1.25,64.5,85.2,-1.03
남지민,50720,2023,한화,6.45,16,0,0,1,7,0,0,0.125,186,37.7,54,0,13,6,23,31,27,2001-02-12,선발,-0.52,3.0,6.45,3.66,1.78,64.4,113.6,-1.29
한승주,50726,2023,한화,3.95,47,0,0,1,4,0,2,0.2,320,70.7,81,6,31,4,55,34,31,2001-03-17,선발,1.02,5.0,3.95,4.39,1.59,105.2,94.5,-0.76
오원석,50859,2023,SSG,5.23,28,1,0,8,10,0,0,0.444,648,144.7,158,11,69,9,88,92,84,2001-04-23,선발,-0.03,11.0,5.23,4.83,1.57,80.1,87.3,-1.2
정구범,50995,2023,NC,7.82,4,0,0,0,1,0,0,0.0,64,12.7,16,3,12,0,6,11,11,2000-06-16,선발,-0.23,0.0,7.82,8.42,2.21,53.3,50.2,-0.26
강효종,51143,2023,LG,6.23,7,0,0,1,2,0,0,0.333,103,21.7,25,1,12,2,14,18,15,2002-10-14,선발,-0.45,0.0,6.23,4.69,1.71,65.5,87.5,-0.6
김동주,51230,2023,두산,4.14,18,0,0,3,6,0,0,0.333,334,78.3,73,5,35,4,59,37,36,2002-02-14,선발,1.29,4.0,4.14,4.26,1.38,98.5,95.2,0.25
최승용,51264,2023,두산,3.97,34,0,0,3,6,1,0,0.333,479,111.0,116,9,34,4,82,54,49,2001-05-11,선발,1.56,3.0,3.97,4.05,1.35,102.5,99.5,0.44
김성진,51301,2023,키움,3.64,55,0,0,3,3,0,7,0.5,208,47.0,44,5,25,1,38,19,19,1997-11-14,중계,1.11,0.0,3.64,4.74,1.47,112.9,85.4,-0.47
장재영,51359,2023,키움,5.53,23,0,0,1,5,0,0,0.167,339,71.7,63,4,66,8,67,46,44,2002-05-10,선발,-0.04,8.0,5.53,5.4,1.8,74.3,75.6,-0.78
이승현,51454,2023,삼성,4.98,48,0,0,1,5,5,7,0.167,199,43.3,41,6,29,2,37,26,24,2002-05-19,중계,0.12,2.0,4.98,5.61,1.62,85.0,74.9,-1.6
김진욱,51516,2023,롯데,6.44,50,0,0,2,1,0,8,0.667,177,36.3,37,4,29,2,35,27,26,2002-07-05,중계,-0.32,3.0,6.44,5.51,1.82,64.6,74.4,-0.76
이의리,51648,2023,KIA,3.96,28,0,0,11,7,0,0,0.611,598,131.7,103,4,93,8,156,64,58,2002-06-16,선발,1.74,10.0,3.96,3.75,1.49,104.2,110.4,0.05
김규연,51713,2023,한화,2.75,23,0,0,0,1,1,0,0.0,85,19.7,16,0,10,2,20,7,6,2002-08-23,중계,0.54,2.0,2.75,3.24,1.32,151.2,127.9,0.02
김기중,51715,2023,한화,4.63,37,0,0,1,3,0,1,0.25,253,56.3,58,4,29,9,46,33,29,2002-11-16,선발,0.28,2.0,4.63,4.7,1.54,89.6,88.3,0.2
이용준,51948,2023,NC,4.3,24,0,0,3,4,0,0,0.429,304,67.0,60,5,44,2,50,39,32,2002-05-08,선발,0.23,1.0,4.3,4.98,1.55,96.9,84.5,-0.99
한재승,51994,2023,NC,4.66,11,0,0,0,1,0,0,0.0,44,9.7,9,2,5,0,10,5,5,2001-11-21,중계,0.1,1.0,3.72,5.62,1.45,111.8,75.6,-0.24
박영현,52060,2023,KT,2.75,68,0,0,3,3,4,32,0.5,308,75.3,63,3,23,2,79,25,23,2003-10-11,중계,2.75,1.0,2.75,2.7,1.14,153.7,155.9,1.8
벤자민,52043,2023,KT,3.54,29,0,0,15,6,0,0,0.714,684,160.0,149,12,45,3,157,79,63,1993-07-26,선발,2.39,11.0,3.54,3.34,1.21,119.2,125.5,0.37
플럿코,52145,2023,LG,2.41,21,0,0,11,3,0,0,0.786,510,123.3,115,5,31,3,101,37,33,1991-10-03,선발,3.86,2.0,2.41,3.13,1.18,169.5,131.0,1.61
최지강,52206,2023,두산,5.32,25,0,0,2,1,0,2,0.667,102,22.0,16,0,20,1,14,13,13,2001-07-23,중계,0.09,0.0,5.32,5.03,1.68,76.6,82.4,0.41
브랜든,52257,2023,두산,2.49,18,0,0,11,3,0,0,0.786,427,104.7,80,4,30,12,100,34,29,1994-06-03,선발,3.19,3.0,2.49,3.23,1.05,163.3,126.3,1.88
주승우,52330,2023,키움,9.56,11,0,0,0,1,0,0,0.0,90,16.0,20,1,21,2,8,18,17,2000-01-30,선발,-0.53,3.0,9.56,7.57,2.56,42.9,54.2,-0.43
윤석원,52395,2023,키움,4.5,21,0,0,2,0,0,2,1.0,110,24.0,29,2,8,0,8,17,12,2003-07-04,중계,-0.07,1.0,4.5,4.73,1.54,91.3,86.2,-0.03
이명종,52397,2023,키움,5.21,45,0,0,5,5,0,1,0.5,260,57.0,66,5,24,6,26,34,33,2002-12-05,선발,0.16,0.0,5.21,5.25,1.58,78.8,77.7,-1.16
수아레즈,52457,2023,삼성,3.92,19,0,0,4,7,0,0,0.364,479,108.0,129,3,32,2,88,54,47,1989-10-08,선발,1.46,6.0,3.92,3.12,1.49,108.1,133.1,0.51
김서준,52460,2023,삼성,7.04,8,0,0,0,1,0,1,0.0,39,7.7,9,0,6,2,2,6,6,2003-09-01,선발,-0.09,3.0,7.04,6.05,1.96,60.1,68.2,-0.41
반즈,52528,2023,롯데,3.28,30,0,0,11,10,0,0,0.524,734,170.3,171,6,56,15,147,68,62,1995-10-01,선발,3.6,7.0,3.28,3.41,1.33,127.0,121.3,1.54
진승현,52558,2023,롯데,5.86,24,0,0,2,2,0,1,0.5,129,27.7,34,2,16,0,25,20,18,2003-09-05,중계,-0.1,1.0,5.86,3.98,1.81,71.1,102.4,-0.14
파노니,52606,2023,KIA,4.26,16,0,0,6,3,0,0,0.667,351,82.3,86,6,23,2,66,41,39,1994-04-28,선발,0.84,0.0,4.26,3.7,1.32,96.9,111.0,0.04
황동하,52641,2023,KIA,6.61,13,0,0,0,3,0,0,0.0,149,31.3,35,5,21,1,19,25,23,2002-07-30,선발,-0.42,1.0,6.61,6.41,1.79,62.5,64.0,-0.97
최지민,52639,2023,KIA,2.12,58,0,0,6,3,3,12,0.667,244,59.3,45,4,26,4,44,17,14,2003-09-10,중계,2.18,5.0,2.12,4.3,1.2,194.5,95.6,0.25
문동주,52701,2023,한화,3.72,23,0,0,8,8,0,0,0.5,503,118.7,113,6,42,4,95,52,49,2003-12-23,선발,2.51,5.0,3.72,3.66,1.31,111.7,113.2,-0.08
페냐,52720,2023,한화,3.6,32,0,0,11,11,0,0,0.5,751,177.3,149,14,59,18,147,82,71,1990-01-25,선발,3.53,16.0,3.6,4.1,1.17,115.2,101.3,-0.27
조민석,52903,2023,NC,4.06,35,0,0,1,0,0,4,1.0,137,31.0,33,2,14,3,28,15,14,1998-12-21,중계,0.44,1.0,4.06,4.12,1.52,102.5,102.0,0.1
슐서,53040,2023,KT,5.62,9,0,0,1,7,0,0,0.125,221,49.7,66,6,14,0,35,32,31,1994-05-05,선발,-0.08,2.0,5.62,4.39,1.61,75.2,94.8,-0.89
박명근,53139,2023,LG,5.08,57,0,0,4,3,5,9,0.571,236,51.3,49,4,28,6,40,31,29,2004-03-27,중계,-0.09,1.0,5.08,4.77,1.5,80.3,85.6,-0.58
김동규,53164,2023,키움,22.85,4,0,0,0,1,0,0,0.0,31,4.3,6,1,12,2,1,12,11,2004-07-09,중계,-0.45,4.0,22.5,13.69,3.75,18.3,29.8,-0.44
딜런,53233,2023,두산,8.0,2,0,0,0,1,0,0,0.0,45,9.0,10,2,5,0,2,9,8,1996-06-04,선발,-0.32,1.0,8.0,7.55,1.67,50.9,52.5,-0.34
맥키니,53322,2023,키움,6.52,12,0,0,1,9,0,0,0.1,268,59.3,61,10,36,1,39,46,43,1994-11-18,선발,-0.77,3.0,6.52,6.19,1.64,63.0,65.2,-1.7
후라도,53375,2023,키움,2.65,30,0,0,11,8,0,0,0.579,763,183.7,164,7,41,9,147,64,54,1996-01-30,선발,6.03,5.0,2.65,3.15,1.12,155.2,129.1,3.2
이호성,53455,2023,삼성,2.65,5,0,0,1,0,0,0,1.0,71,17.0,11,1,10,0,11,5,5,2004-08-14,중계,0.53,1.0,2.65,4.68,1.24,160.0,89.0,0.13
윌커슨,53546,2023,롯데,2.26,13,0,0,7,2,0,0,0.778,327,79.7,67,3,20,2,81,28,20,1989-05-24,선발,2.17,3.0,2.26,2.73,1.09,184.1,151.4,1.51
윤영철,53613,2023,KIA,4.04,25,0,0,8,7,0,0,0.533,528,122.7,124,10,48,1,74,59,55,2004-04-20,선발,1.48,4.0,4.04,4.47,1.4,102.4,92.0,0.63
메디나,53645,2023,KIA,6.05,12,0,0,2,6,0,0,0.25,269,58.0,64,6,29,9,36,42,39,1996-12-18,선발,-0.62,5.0,6.05,5.51,1.6,68.3,74.6,-1.67
산체스,53665,2023,KIA,5.94,12,1,0,4,4,0,0,0.5,285,63.7,79,7,15,4,59,46,42,1994-10-31,선발,-0.57,1.0,5.94,3.87,1.48,69.6,105.5,-0.93
앤더슨,53664,2023,KIA,3.76,14,0,0,4,7,0,0,0.364,336,79.0,76,6,26,2,64,42,33,1994-10-29,선발,0.63,10.0,3.76,3.87,1.29,109.9,106.0,-0.03
산체스,53714,2023,한화,3.79,24,0,0,7,8,0,0,0.467,540,126.0,136,13,28,6,99,62,53,1997-04-11,선발,1.79,3.0,3.79,3.97,1.3,109.7,104.4,0.0
엘리아스,53825,2023,SSG,3.7,22,0,0,8,6,0,0,0.571,548,131.3,140,12,33,6,93,58,54,1988-08-01,선발,2.64,0.0,3.77,4.08,1.32,111.0,104.0,1.25
맥카티,53833,2023,SSG,3.39,24,0,0,9,5,0,0,0.643,543,130.0,124,10,45,1,116,58,49,1995-10-12,선발,2.31,4.0,3.39,3.72,1.3,123.4,114.0,0.59
이로운,53892,2023,SSG,5.62,50,0,0,6,1,0,5,0.857,268,57.7,67,7,29,1,52,39,36,2004-09-11,중계,-0.04,3.0,5.62,4.67,1.67,74.5,91.1,-0.04
태너,53909,2023,NC,2.92,11,0,0,5,2,0,0,0.714,265,64.7,58,6,13,1,47,26,21,1994-11-30,선발,1.47,0.0,2.92,3.84,1.1,142.5,109.6,0.55
송영진,53898,2023,SSG,5.7,17,0,0,3,3,0,0,0.5,220,47.3,46,3,31,2,38,35,30,2004-05-28,선발,-0.27,8.0,5.7,4.75,1.63,73.4,88.6,-1.06
페디,53913,2023,NC,2.0,30,0,0,20,6,0,0,0.769,708,180.3,137,9,35,4,209,46,40,1993-02-25,선발,7.29,5.0,2.0,2.42,0.95,208.6,174.2,4.53
와이드너,53927,2023,삼성,4.54,21,0,0,7,5,0,0,0.583,495,115.0,112,7,40,6,99,65,58,1994-10-24,선발,0.4,2.0,4.56,3.72,1.46,93.0,112.0,-0.13
이준호,53996,2023,NC,4.83,17,0,0,3,2,0,0,0.6,144,31.7,32,3,15,4,19,22,17,2000-03-27,중계,-0.13,2.0,4.83,5.27,1.48,86.2,79.7,0.03
이승현,60146,2023,삼성,3.6,60,0,0,4,4,0,14,0.5,264,60.0,68,5,15,0,42,29,24,1991-11-20,중계,1.03,2.0,3.6,3.83,1.38,117.6,109.8,-0.04
신정락,60140,2023,롯데,4.66,34,0,0,4,0,0,1,1.0,128,29.0,32,4,11,3,28,15,15,1987-05-13,중계,0.43,0.0,4.66,4.44,1.48,89.4,90.9,-0.52
이재학,60263,2023,NC,4.54,15,0,0,5,5,0,0,0.5,293,67.3,55,6,33,5,43,36,34,1990-10-04,선발,0.67,7.0,4.54,5.02,1.31,91.6,83.8,-0.23
문성현,60336,2023,키움,4.45,32,0,0,2,2,0,2,0.5,134,28.3,26,2,20,2,21,16,14,1991-11-09,중계,0.13,2.0,4.13,5.0,1.59,99.4,81.7,-0.7
김대유,60337,2023,KIA,5.11,41,0,0,0,2,0,4,0.0,110,24.7,26,2,8,6,20,15,14,1991-05-08,중계,0.1,0.0,5.11,4.46,1.38,80.9,91.9,-0.55
이태양,60768,2023,한화,3.23,50,0,0,3,3,0,2,0.5,422,100.3,100,7,21,3,72,44,36,1990-07-03,선발,2.01,1.0,3.23,3.57,1.2,128.6,116.1,0.65
박종훈,60841,2023,SSG,6.19,18,0,0,2,6,0,0,0.25,382,80.0,77,8,60,19,56,57,55,1991-08-13,선발,-0.55,2.0,6.19,6.31,1.71,67.6,67.0,-1.45
이우찬,61145,2023,LG,3.52,38,0,0,1,3,0,5,0.25,157,38.3,35,1,18,2,30,15,15,1992-08-04,중계,0.8,2.0,3.52,3.78,1.38,115.9,109.0,0.35
임찬규,61101,2023,LG,3.42,30,0,0,14,3,0,1,0.824,632,144.7,142,10,54,5,103,63,55,1992-11-20,선발,2.37,1.0,3.42,4.12,1.36,119.3,99.1,1.01
양현,61268,2023,키움,5.05,54,0,0,0,5,0,8,0.0,262,57.0,83,5,21,0,16,38,32,1992-08-23,중계,-0.23,0.0,5.05,5.07,1.83,81.3,80.4,-1.25
김대우,61365,2023,삼성,4.5,44,0,0,0,2,0,4,0.0,277,64.0,66,7,22,3,49,37,32,1988-11-21,선발,0.5,1.0,4.5,4.46,1.38,94.1,94.3,-1.38
심창민,61411,2023,NC,2.7,5,0,0,0,1,0,0,0.0,18,3.3,2,0,5,1,5,2,1,1993-02-01,중계,0.02,0.0,2.7,5.84,2.1,154.2,71.8,0.05
홍건희,61643,2023,두산,3.06,64,0,0,1,5,22,5,0.167,277,61.7,67,4,24,0,62,28,21,1992-09-29,중계,1.18,8.0,3.06,3.3,1.48,132.9,122.7,-1.08
한승혁,61666,2023,한화,6.44,21,0,0,0,3,0,1,0.0,176,36.3,48,3,21,3,28,27,26,1993-01-03,선발,-0.34,4.0,6.44,4.96,1.9,64.5,83.8,-1.69
서진용,61895,2023,SSG,2.59,69,0,0,5,4,42,0,0.556,325,73.0,63,3,49,4,64,22,21,1992-10-02,중계,3.63,5.0,2.48,4.19,1.51,169.0,100.3,2.73
윤명준,62242,2023,롯데,6.52,21,0,0,0,1,0,5,0.0,98,19.3,31,4,10,4,11,14,14,1989-06-18,중계,-0.17,5.0,6.52,6.86,2.12,63.8,58.9,-1.07
한현희,62363,2023,롯데,5.45,38,0,0,6,12,0,3,0.333,476,104.0,123,11,44,11,74,69,63,1993-06-25,선발,-0.22,6.0,5.45,4.95,1.61,76.3,82.5,-1.78
김태훈,62360,2023,삼성,7.11,71,0,0,6,7,3,11,0.462,306,63.3,74,8,43,3,40,54,50,1992-03-02,중계,-1.36,1.0,7.28,5.78,1.83,58.2,72.7,-2.05
김원중,62528,2023,롯데,2.97,63,0,0,5,6,30,0,0.455,265,63.7,51,2,25,5,82,24,21,1993-06-14,중계,1.95,3.0,2.97,2.55,1.19,140.1,162.2,-0.21
임준섭,62611,2023,SSG,5.79,41,0,0,0,2,0,4,0.0,155,32.7,44,1,19,1,26,25,21,1989-07-16,중계,-0.24,2.0,5.79,3.99,1.93,72.3,104.9,-0.04
임기영,62754,2023,KIA,2.96,64,0,0,4,4,3,16,0.5,324,82.0,56,6,19,6,57,29,27,1993-04-16,중계,2.19,1.0,2.96,3.88,0.92,139.4,105.7,0.38
문승원,62869,2023,SSG,5.23,50,0,0,5,8,1,9,0.385,479,105.0,138,12,35,6,65,67,61,1989-11-28,선발,0.24,3.0,5.23,4.83,1.65,80.0,87.9,-1.88
노건우,62920,2023,삼성,7.3,16,0,0,0,1,0,1,0.0,65,12.3,22,3,5,1,12,11,10,1989-10-22,중계,-0.2,1.0,7.3,6.12,2.19,58.0,69.4,-0.53
이형범,62951,2023,두산,6.51,23,0,0,1,0,0,1,1.0,134,27.7,40,2,12,3,13,23,20,1994-02-27,중계,-0.25,2.0,6.51,5.07,1.88,62.6,80.0,-0.32
함덕주,63248,2023,LG,1.62,57,0,0,4,0,4,16,1.0,222,55.7,32,1,22,2,59,12,10,1995-01-13,중계,2.63,0.0,1.62,2.8,0.97,252.5,148.0,2.27
윤대경,63464,2023,한화,2.45,47,0,0,5,1,0,2,0.833,199,47.7,36,4,19,6,28,18,13,1994-04-09,중계,1.11,2.0,2.45,4.93,1.15,169.2,84.2,0.58
이재익,63492,2023,삼성,3.95,51,0,0,1,3,0,11,0.25,181,41.0,46,3,17,0,26,19,18,1994-03-18,중계,0.77,3.0,3.95,4.15,1.54,107.2,101.3,-0.71
구승민,63543,2023,롯데,3.96,67,0,0,2,6,3,22,0.25,289,63.7,65,4,29,5,66,32,28,1990-06-12,중계,0.86,2.0,3.96,3.79,1.48,105.1,108.6,-0.45
박준표,63638,2023,KIA,4.5,33,0,0,1,0,0,3,1.0,118,28.0,28,3,9,0,13,16,14,1992-06-26,중계,0.18,1.0,4.5,4.76,1.32,91.8,86.0,-0.2
장현식,63950,2023,KIA,4.06,56,0,0,2,2,3,5,0.5,226,51.0,58,6,26,1,44,26,23,1995-02-24,중계,0.52,1.0,4.06,4.78,1.65,101.8,85.7,-0.62
이상민,63960,2023,삼성,8.5,23,0,0,2,1,0,1,0.667,83,18.0,32,2,3,0,17,17,17,1990-11-04,중계,-0.54,0.0,8.5,3.5,1.94,49.8,120.6,-0.63
임정호,63959,2023,NC,4.68,65,0,0,4,4,0,15,0.5,216,50.0,51,3,17,4,49,30,26,1990-04-16,중계,0.08,4.0,4.68,3.52,1.36,89.0,119.4,-0.29
고영표,64001,2023,KT,2.78,28,0,0,12,7,0,0,0.632,706,174.7,181,7,19,9,114,57,54,1991-09-16,선발,6.14,6.0,2.78,3.12,1.15,151.8,133.7,3.34
심재민,64017,2023,롯데,3.78,33,1,0,3,1,0,6,0.75,218,47.7,57,2,18,1,29,23,20,1994-02-18,선발,1.13,1.0,2.96,3.84,1.42,140.7,107.3,0.23
박세웅,64021,2023,롯데,3.45,27,0,0,9,7,0,0,0.563,657,154.0,145,8,59,4,129,70,59,1995-11-30,선발,3.11,10.0,3.45,3.65,1.33,120.7,112.8,0.84
이영준,64051,2023,키움,21.6,2,0,0,0,1,0,0,0.0,10,1.7,4,0,1,0,0,4,4,1991-10-10,중계,-0.42,1.0,21.6,5.24,3.0,19.0,79.0,-0.46
하영민,64350,2023,키움,4.64,57,0,0,3,1,0,5,0.75,247,52.3,67,4,25,1,51,36,27,1995-05-07,중계,-0.46,6.0,4.64,3.81,1.76,88.4,106.4,-0.94
이인복,64565,2023,롯데,6.48,10,0,0,1,4,0,0,0.2,168,33.3,54,3,10,5,15,32,24,1991-06-18,선발,-0.8,4.0,6.48,4.97,1.92,64.2,82.2,-1.39
최영환,64718,2023,롯데,9.9,8,0,0,0,1,0,0,0.0,54,10.0,15,0,7,1,7,14,11,1992-02-20,중계,-0.51,0.0,9.9,4.44,2.2,42.0,93.9,-0.38
조이현,64768,2023,KT,6.69,18,0,0,2,1,0,1,0.667,170,35.0,61,3,6,2,17,27,26,1995-06-27,선발,-0.17,1.0,6.69,4.27,1.91,63.2,97.3,-0.38
이건욱,64861,2023,SSG,2.09,27,0,0,1,0,0,0,1.0,169,38.7,31,0,25,2,31,13,9,1995-02-13,중계,0.93,2.0,2.33,3.78,1.45,179.8,110.1,-0.09
김민수,65048,2023,KT,6.92,14,0,0,0,1,0,3,0.0,58,13.0,17,1,5,0,4,10,10,1992-07-24,중계,-0.07,0.0,6.92,4.98,1.69,61.0,83.3,-0.23
엄상백,65056,2023,KT,3.63,20,0,0,7,6,0,0,0.538,454,111.7,100,6,29,2,89,46,45,1996-10-04,선발,2.45,1.0,3.63,3.38,1.16,116.4,123.6,0.86
김재윤,65062,2023,KT,2.6,59,0,0,5,5,32,0,0.5,262,65.7,54,2,13,1,60,21,19,1990-09-16,중계,2.86,3.0,2.6,2.42,1.02,162.2,173.7,2.31
주권,65060,2023,KT,4.4,42,0,0,1,2,0,5,0.333,205,47.0,49,4,19,2,17,23,23,1995-05-31,선발,0.75,0.0,4.4,5.04,1.45,95.9,82.4,-0.47
백승현,65109,2023,LG,1.58,42,0,0,2,0,3,11,1.0,162,40.0,28,2,18,0,30,7,7,1995-05-26,중계,2.07,1.0,1.58,3.87,1.15,259.1,106.0,1.9
최원태,65320,2023,LG,4.3,26,0,0,9,7,0,0,0.563,632,146.7,149,12,46,7,118,73,70,1997-01-07,선발,-0.61,1.0,6.7,4.25,1.71,60.9,95.1,-0.72
홍정우,65496,2023,삼성,7.5,36,0,0,2,3,0,3,0.4,166,36.0,36,5,21,3,22,31,30,1996-03-16,중계,-0.81,2.0,7.5,5.86,1.58,56.5,71.8,-1.07
배제성,65516,2023,KT,4.49,26,0,0,8,10,0,0,0.444,596,130.3,144,6,77,2,79,72,65,1996-09-29,선발,1.03,9.0,4.49,4.65,1.7,94.1,89.7,-0.97
이민우,65616,2023,한화,2.63,17,0,0,2,1,0,2,0.667,57,13.7,8,2,6,0,11,6,4,1993-02-09,중계,0.26,1.0,2.63,5.05,1.02,157.6,82.1,0.07
박정수,65639,2023,두산,4.17,25,0,0,1,0,1,0,1.0,165,36.7,37,1,18,6,28,22,17,1996-01-29,중계,0.23,2.0,4.17,4.15,1.5,97.6,99.0,0.13
문경찬,65643,2023,롯데,27.0,2,0,0,0,1,0,0,0.0,12,2.0,6,3,0,0,2,6,6,1992-07-08,중계,-0.45,0.0,27.0,20.94,3.0,15.4,18.7,-0.8
이준영,65665,2023,KIA,3.21,64,0,0,1,0,0,10,1.0,149,33.7,26,0,23,2,30,12,12,1992-08-10,중계,0.97,1.0,3.21,3.71,1.46,128.8,111.6,-0.02
주현상,65707,2023,한화,1.96,55,0,0,2,2,0,12,0.5,228,59.7,35,2,15,3,45,13,13,1992-08-10,중계,2.58,0.0,1.96,3.22,0.84,211.7,128.5,1.41
김민우,65764,2023,한화,6.97,12,0,0,1,6,0,0,0.143,243,51.7,65,6,28,2,43,43,40,1995-07-25,선발,-1.06,5.0,6.97,5.03,1.8,59.6,82.5,-1.61
김범수,65769,2023,한화,4.19,76,0,0,5,5,1,18,0.5,283,62.3,64,3,33,3,52,33,29,1995-10-03,중계,0.77,4.0,4.19,3.89,1.56,99.2,106.5,-0.32
류진욱,65949,2023,NC,2.15,70,0,0,1,4,0,22,0.2,268,67.0,41,1,32,1,62,19,16,1996-10-10,중계,2.62,5.0,2.15,3.22,1.09,193.8,130.3,1.13
구창모,65933,2023,NC,2.96,11,0,0,1,3,0,0,0.25,205,51.7,38,4,16,0,56,19,17,1997-02-17,선발,1.55,0.0,2.96,3.21,1.05,140.6,131.7,1.05
김선기,66018,2023,키움,5.98,17,0,0,1,3,1,0,0.25,200,43.7,56,2,15,1,29,37,29,1991-09-01,선발,-0.73,0.0,5.98,3.81,1.63,68.7,107.1,-0.99
박세진,66047,2023,KT,3.86,16,0,0,0,1,0,1,0.0,66,11.7,15,1,14,0,10,8,5,1997-06-27,중계,0.02,2.0,3.86,6.44,2.49,109.5,64.7,-0.2
이영하,66291,2023,두산,5.49,36,0,0,5,3,0,4,0.625,184,39.3,40,2,21,4,28,27,24,1997-11-01,중계,-0.2,2.0,5.49,4.51,1.55,74.2,90.5,-1.15
박승주,66305,2023,키움,3.5,18,0,0,0,3,0,0,0.0,91,18.0,19,2,13,2,15,11,7,1994-02-12,중계,0.09,5.0,3.5,5.72,1.78,117.3,70.9,-0.77
전상현,66609,2023,KIA,2.15,64,0,0,8,3,1,13,0.727,250,58.7,50,1,26,1,50,20,14,1996-04-18,중계,1.97,3.0,2.15,3.14,1.3,192.4,131.3,1.8
최성영,66920,2023,NC,4.86,18,0,0,5,4,0,0,0.556,303,66.7,77,6,32,5,38,37,36,1997-04-28,선발,0.68,1.0,4.86,5.14,1.64,85.7,81.8,-0.73
고우석,67119,2023,LG,3.68,44,0,0,3,8,15,0,0.273,190,44.0,38,2,22,4,59,19,18,1998-08-06,중계,0.98,5.0,3.68,3.06,1.36,110.9,134.3,-0.75
손주영,67143,2023,LG,5.19,3,0,0,1,0,0,0,1.0,46,8.7,12,0,6,0,5,7,5,1998-12-02,선발,0.0,0.0,5.19,4.37,2.08,78.6,95.0,-0.0
김명신,67246,2023,두산,3.65,70,0,0,3,3,1,24,0.5,334,79.0,72,3,27,6,65,34,32,1993-11-29,중계,1.59,3.0,3.65,3.43,1.25,111.7,119.3,1.62
최원준,67263,2023,두산,4.93,26,0,0,3,10,0,0,0.231,465,107.7,119,11,28,12,71,60,59,1994-12-21,선발,0.64,1.0,4.93,4.57,1.37,82.6,87.8,-0.31
박치국,67266,2023,두산,3.59,62,0,0,5,3,2,11,0.625,236,52.7,54,3,21,5,48,22,21,1998-03-10,중계,1.16,2.0,3.59,3.78,1.42,113.5,107.3,0.0
김재웅,67391,2023,키움,4.22,67,0,0,2,3,6,18,0.4,250,59.7,56,2,24,0,46,29,28,1998-10-22,중계,1.0,0.0,4.22,3.49,1.34,97.2,116.9,1.35
문용익,67419,2023,삼성,4.15,14,0,0,1,0,0,0,1.0,59,13.0,8,0,12,2,12,6,6,1995-02-04,중계,0.23,5.0,4.15,4.83,1.54,102.0,85.3,-0.13
최지광,67421,2023,삼성,5.19,22,0,0,2,0,0,1,1.0,82,17.3,17,4,9,1,18,10,10,1998-03-13,중계,0.1,0.0,5.19,6.1,1.5,81.6,69.5,-0.69
나균안,67539,2023,롯데,3.8,23,0,0,6,8,0,0,0.429,569,130.3,140,8,42,5,114,61,55,1998-03-16,선발,1.75,6.0,3.8,3.55,1.4,109.5,115.7,0.46
박상원,67703,2023,한화,3.65,55,0,0,5,3,16,0,0.625,277,61.7,63,2,29,3,57,35,25,1994-09-09,중계,0.37,2.0,3.65,3.38,1.49,113.8,122.6,0.92
김태현,67956,2023,NC,4.43,16,0,0,1,0,0,0,1.0,90,20.3,17,4,13,1,14,13,10,1998-03-21,중계,0.13,0.0,4.43,6.69,1.48,94.1,63.2,-0.01
김진호,67954,2023,NC,2.76,19,0,0,2,1,0,9,0.667,73,16.3,15,0,10,1,22,5,5,1998-06-07,중계,0.6,3.0,2.76,2.77,1.53,151.2,151.7,0.27
최이준,68036,2023,롯데,6.83,28,0,0,1,0,0,1,1.0,143,29.0,37,1,21,0,20,22,22,1999-04-10,중계,-0.15,4.0,6.83,4.58,2.0,60.9,90.2,0.23
김민,68043,2023,KT,6.83,16,0,0,1,2,0,0,0.333,145,29.0,40,3,16,4,22,26,22,1999-04-14,선발,-0.64,4.0,6.83,5.34,1.93,61.8,78.0,-1.13
김영준,68130,2023,LG,27.0,1,0,0,1,0,0,0,1.0,3,0.3,1,0,1,0,0,1,1,1999-01-12,중계,-0.05,0.0,27.0,12.44,6.0,15.1,33.2,-0.03
곽빈,68220,2023,두산,2.9,23,0,0,12,7,0,0,0.632,526,127.3,96,7,58,5,106,44,41,1999-05-28,선발,4.18,4.0,2.9,3.98,1.21,140.6,102.2,2.46
정철원,68242,2023,두산,3.96,67,0,0,7,6,13,11,0.538,315,72.7,66,8,32,2,55,36,32,1999-03-27,중계,1.13,6.0,3.96,4.68,1.35,102.8,85.6,0.2
안우진,68341,2023,키움,2.39,24,0,0,9,7,0,0,0.563,608,150.7,121,5,38,1,164,44,40,1999-08-30,선발,5.2,8.0,2.39,2.45,1.06,171.9,164.8,3.46
양창섭,68415,2023,삼성,9.1,15,0,0,0,3,0,2,0.0,141,28.7,45,7,16,1,12,29,29,1999-09-22,선발,-0.77,2.0,9.1,7.45,2.13,46.5,56.8,-0.92
최채흥,68419,2023,삼성,6.68,15,0,0,1,7,0,0,0.125,295,63.3,90,9,16,3,33,52,47,1995-01-22,선발,-0.79,1.0,6.68,5.1,1.67,63.4,82.7,-1.62
최하늘,68501,2023,삼성,19.89,3,0,0,0,2,0,0,0.0,40,6.3,14,2,5,2,3,14,14,1999-03-26,중계,-0.71,0.0,19.89,9.92,3.0,21.3,42.6,-0.71
정성종,68556,2023,롯데,5.32,12,0,0,0,1,0,1,0.0,98,22.0,21,1,15,1,10,14,13,1995-11-16,선발,-0.05,1.0,5.32,5.17,1.64,78.2,79.7,-0.17
김도규,68585,2023,롯데,4.55,36,0,0,0,3,1,1,0.0,132,29.7,29,1,13,1,26,16,15,1998-07-11,중계,0.32,6.0,4.85,3.54,1.42,85.7,116.7,-1.28
하준영,68639,2023,NC,4.59,57,0,0,1,0,0,2,1.0,215,49.0,52,4,19,2,49,25,25,1999-09-06,중계,0.59,0.0,4.59,3.73,1.45,90.7,113.2,-1.15
윤중현,68619,2023,KIA,3.86,31,0,0,2,1,0,0,0.667,115,28.0,29,2,10,1,8,13,12,1995-04-25,중계,0.42,0.0,3.86,4.87,1.39,107.1,84.5,0.2
김유신,68659,2023,KIA,5.64,27,0,0,0,1,0,2,0.0,141,30.3,34,2,19,3,12,19,19,1999-06-14,중계,0.1,0.0,5.64,5.68,1.75,73.3,72.7,-0.64
조성훈,68848,2023,SSG,6.43,2,0,0,0,1,0,0,0.0,34,7.0,10,0,4,2,4,5,5,1999-03-22,선발,-0.09,0.0,6.43,4.87,2.0,65.1,85.7,-0.1
최민준,68856,2023,SSG,4.2,53,0,0,5,3,1,7,0.625,262,60.0,75,7,19,1,37,29,28,1999-06-11,중계,0.96,2.0,4.2,4.68,1.57,99.6,90.9,-0.59
이채호,68896,2023,KT,6.93,25,0,0,0,1,0,1,0.0,110,24.7,26,6,9,3,8,19,19,1998-11-23,중계,-0.11,1.0,6.93,7.42,1.42,60.9,55.8,-0.57
김영규,68900,2023,NC,3.06,63,0,0,2,4,0,24,0.333,247,61.7,45,2,23,1,48,22,21,2000-02-10,중계,1.82,5.0,3.06,3.43,1.1,135.9,122.4,1.08
신민혁,68902,2023,NC,3.98,29,0,0,5,5,0,0,0.5,519,122.0,122,14,25,6,97,63,54,1999-02-04,선발,1.22,3.0,3.98,4.11,1.21,104.5,102.8,-0.36
김시훈,68928,2023,NC,4.44,61,0,0,4,3,3,12,0.571,245,52.7,57,3,34,1,49,32,26,1999-02-24,중계,0.05,3.0,4.44,4.32,1.73,93.7,97.5,-1.51
쿠에바스,69032,2023,KT,2.6,18,0,0,12,0,0,0,1.0,460,114.3,95,4,24,2,100,33,33,1990-10-14,선발,4.08,5.0,2.6,2.8,1.04,162.6,149.5,2.49
손동현,69041,2023,KT,3.42,64,0,0,8,5,1,15,0.615,301,73.7,68,5,20,2,40,31,28,2001-01-23,중계,1.83,2.0,3.42,4.09,1.2,123.4,101.6,1.11
전용주,69047,2023,KT,4.35,15,0,0,0,1,0,1,0.0,43,10.3,6,0,6,1,9,5,5,2000-02-12,중계,0.15,4.0,4.35,3.73,1.16,97.0,112.2,0.04
이상동,69054,2023,KT,3.98,36,0,0,4,1,0,1,0.8,179,40.7,45,4,15,0,43,19,18,1995-11-24,중계,0.72,1.0,3.98,3.57,1.48,106.0,117.5,0.43
알칸타라,69045,2023,두산,2.67,31,0,0,13,9,0,0,0.591,777,192.0,171,16,35,5,162,67,57,1992-12-04,선발,5.51,3.0,2.67,3.45,1.07,152.5,116.2,2.85
이선우,69068,2023,KT,4.34,22,0,0,0,2,0,0,0.0,169,37.3,47,5,9,4,24,20,18,2000-09-19,선발,0.13,0.0,4.34,4.94,1.5,97.3,84.0,-0.66
켈리,69103,2023,LG,3.83,30,0,0,10,7,0,0,0.588,746,178.7,183,10,39,6,129,87,76,1989-10-04,선발,1.95,6.0,3.83,3.47,1.24,106.6,118.0,0.35
이지강,69108,2023,LG,3.97,22,0,0,2,5,0,2,0.286,299,68.0,60,4,28,9,38,45,30,1999-07-02,선발,-0.33,3.0,3.97,4.72,1.29,102.8,86.7,-0.56
이정용,69134,2023,LG,4.15,37,0,0,7,2,3,1,0.778,382,86.7,100,5,19,2,50,45,40,1996-03-26,선발,0.81,3.0,4.15,3.77,1.37,98.3,108.5,-0.67
정우영,69159,2023,LG,4.7,60,0,0,5,6,0,11,0.455,245,51.7,63,1,17,15,41,39,27,1999-08-19,중계,-0.88,2.0,4.7,3.91,1.55,86.8,105.5,-1.82
이상영,69168,2023,LG,3.27,6,0,0,0,1,0,0,0.0,54,11.0,12,0,8,3,4,5,4,2000-12-03,선발,0.1,0.0,3.27,5.72,1.82,124.7,72.3,-0.14
요키시,69343,2023,키움,4.39,12,0,0,5,3,0,0,0.625,286,65.7,82,3,14,3,51,37,32,1989-07-29,선발,0.47,1.0,4.39,3.21,1.46,93.6,126.6,-0.13
원태인,69446,2023,삼성,3.24,26,0,0,7,7,0,0,0.5,634,150.0,157,15,34,6,102,61,54,2000-04-06,선발,3.47,6.0,3.18,4.14,1.27,133.2,101.5,0.67
김기훈,69620,2023,KIA,4.6,29,0,0,2,0,0,0,1.0,156,31.3,28,0,37,2,26,22,16,2000-01-03,중계,-0.18,5.0,4.6,5.42,2.07,89.9,76.7,-0.99
백승건,69839,2023,SSG,4.97,25,0,0,2,2,0,3,0.5,170,38.0,41,7,17,0,29,24,21,2000-10-29,선발,0.14,0.0,4.97,5.65,1.53,84.1,75.8,0.18
송명기,69962,2023,NC,4.83,35,0,0,4,9,0,0,0.308,474,104.3,106,12,47,11,65,64,56,2000-08-09,선발,0.3,6.0,4.92,5.36,1.47,84.7,78.5,-1.33
전사민,69969,2023,NC,4.76,9,0,0,0,2,1,0,0.0,81,17.0,17,1,14,2,6,10,9,1999-07-06,중계,0.14,1.0,4.76,6.15,1.82,87.4,68.2,-0.17
고효준,72523,2023,SSG,4.5,73,0,0,4,1,0,13,0.8,262,58.0,49,3,42,3,66,31,29,1983-02-08,중계,0.43,4.0,4.5,4.17,1.57,93.0,101.1,0.08
우규민,73117,2023,삼성,4.81,56,0,0,3,1,0,13,0.75,188,43.0,55,3,5,3,28,25,23,1985-01-21,중계,0.34,0.0,4.81,3.61,1.4,88.0,116.2,-0.26
노경은,73211,2023,SSG,3.58,76,0,0,9,5,2,30,0.643,357,83.0,78,4,36,4,65,33,33,1984-03-11,중계,2.35,8.0,3.58,3.77,1.37,117.0,111.8,1.75
장원준,74513,2023,두산,5.27,11,0,0,3,5,0,0,0.375,183,41.0,53,4,11,2,24,27,24,1985-07-31,선발,-0.17,2.0,5.27,4.49,1.56,77.3,89.4,-0.64
정우람,74857,2023,한화,5.36,52,0,0,0,1,0,8,0.0,183,40.3,45,3,17,2,30,24,24,1985-06-01,중계,0.24,3.0,5.36,4.34,1.54,77.5,95.7,0.24
오승환,75421,2023,삼성,3.45,58,0,0,4,5,30,2,0.444,264,62.7,57,9,15,2,44,26,24,1982-07-15,선발,1.81,0.0,3.45,4.67,1.15,122.9,90.5,0.63
김진성,75867,2023,LG,2.18,80,0,0,5,1,4,21,0.833,270,70.3,41,8,26,0,69,17,17,1985-03-07,중계,2.96,0.0,2.18,4.07,0.95,187.6,99.4,1.81
원종현,76118,2023,키움,5.79,20,0,0,1,1,0,6,0.5,87,18.7,24,3,5,1,17,16,12,1987-07-31,중계,-0.64,2.0,5.79,4.51,1.55,71.0,88.7,-0.53
김건국,76225,2023,KIA,6.75,6,0,0,0,1,0,0,0.0,70,16.0,18,0,4,1,9,12,12,1988-02-02,선발,-0.07,0.0,6.75,3.26,1.38,61.2,127.4,-0.24
김상수,76430,2023,롯데,3.12,67,0,0,4,2,1,18,0.667,218,52.0,45,1,21,3,36,22,18,1988-01-02,중계,1.21,1.0,3.12,3.69,1.27,133.5,112.4,0.6
이용찬,77211,2023,NC,4.13,60,0,0,4,4,29,0,0.5,254,61.0,53,5,19,3,51,28,28,1989-01-02,중계,1.18,4.0,4.13,3.87,1.18,100.8,108.9,1.31
김강률,77263,2023,두산,4.21,32,0,0,1,0,1,7,1.0,115,25.7,23,2,12,2,21,14,12,1988-08-28,중계,0.23,2.0,4.21,4.46,1.36,96.8,90.7,0.15
장시환,77318,2023,한화,3.38,39,0,0,2,2,1,7,0.5,153,34.7,32,1,21,4,24,13,13,1987-11-01,중계,1.0,3.0,3.38,4.51,1.53,123.0,92.0,-0.81
백정현,77446,2023,삼성,3.67,18,0,0,7,5,0,0,0.583,419,100.7,100,6,30,0,61,44,41,1987-07-13,선발,2.22,5.0,3.67,3.84,1.29,115.5,108.9,0.6
양현종,77637,2023,KIA,3.58,29,0,0,9,11,0,0,0.45,729,171.0,181,13,48,1,133,78,68,1988-03-01,선발,2.8,5.0,3.53,3.72,1.33,117.2,110.4,-0.03
김광현,77829,2023,SSG,3.53,30,0,0,9,8,0,0,0.529,713,168.3,163,11,70,2,119,75,66,1988-07-22,선발,3.3,5.0,3.53,4.16,1.38,118.6,101.3,0.92
장필준,77927,2023,삼성,7.91,17,0,0,1,1,0,1,0.5,96,19.3,28,2,12,2,11,17,17,1988-04-08,선발,-0.3,0.0,7.91,5.82,2.07,53.5,71.8,-0.34
정찬헌,78148,2023,키움,4.75,14,1,0,2,8,0,0,0.2,295,72.0,71,4,13,2,35,40,38,1990-01-26,선발,0.67,0.0,4.75,3.78,1.17,86.5,108.1,-0.15
임창민,78352,2023,키움,2.51,51,0,0,2,2,26,1,0.5,209,46.7,51,3,17,2,40,16,13,1985-08-25,중계,1.89,0.0,2.51,3.59,1.46,163.8,113.1,0.55
하준호,78517,2023,KT,4.15,12,0,0,0,1,0,0,0.0,65,13.0,14,0,10,5,6,9,6,1989-04-29,중계,0.04,4.0,4.85,5.52,1.85,87.1,75.5,-0.15
장민재,79764,2023,한화,4.83,25,0,0,3,8,0,1,0.273,308,69.0,79,12,22,5,61,46,37,1990-03-19,선발,-0.12,5.0,4.83,5.02,1.46,86.0,82.7,-0.54
