이름,id,생년월일,연도,팀명,나이,출장,완투,완봉,선발,승,패,세,홀드,이닝,실점,자책,타자,안타,2타,3타,홈런,볼넷,고4,사구,삼진,보크,폭투,ERA,FIP,WHIP,ERA+,FIP+,WAR,WPA,포지션
소형준,50030,2001-09-16,2023,KT,22,3,0,0,3,0,0,0,0,11.0,14,14,59,22,4.0,0.0,1,3,0,3,4,0,2,11.45,5.53,2.27,36.9,75.0,-0.53,-0.52,선발
유영찬,50106,1997-03-07,2023,LG,26,67,0,0,0,6,3,1,12,68.0,27,26,305,55,14.0,1.0,4,40,2,7,55,0,8,3.44,4.58,1.4,118.6,89.5,1.55,-0.12,중계
이민호,50126,2001-08-30,2023,LG,22,5,0,0,5,0,2,0,0,19.2,13,11,91,22,4.0,0.0,1,10,0,0,7,0,0,5.03,4.92,1.63,81.1,83.4,-0.2,-0.43,선발
김윤식,50157,2000-04-03,2023,LG,23,17,0,0,16,6,4,0,0,74.2,35,35,320,86,13.0,2.0,4,25,0,3,42,0,4,4.22,4.14,1.49,96.7,98.9,1.0,0.4,선발
제환유,50211,2000-09-30,2023,두산,23,1,0,0,0,0,0,0,0,2.0,4,3,14,3,0.0,0.0,0,4,0,0,2,0,1,13.5,7.44,3.5,30.2,55.7,-0.11,-0.01,중계
이종민,50354,2001-06-04,2023,키움,22,11,0,0,2,0,1,0,0,13.2,13,11,72,22,7.0,0.0,0,6,0,1,10,0,0,7.24,3.52,2.05,56.7,117.1,-0.36,-0.71,중계
김동혁,50360,2001-12-27,2023,키움,22,35,0,0,2,1,7,0,6,39.1,34,33,192,51,9.0,3.0,1,18,0,6,24,2,0,7.55,4.38,1.75,54.4,93.7,-0.81,-1.16,선발
뷰캐넌,50404,1989-05-11,2023,삼성,34,30,1,0,30,12,8,0,0,188.0,71,53,784,174,26.0,2.0,4,43,1,6,139,1,7,2.54,3.01,1.15,166.9,138.1,5.1,2.12,선발
홍원표,50430,2001-03-27,2023,삼성,22,3,0,0,0,0,0,0,0,3.2,1,1,15,2,0.0,0.0,0,2,0,0,1,0,0,2.45,4.53,1.09,172.5,91.2,0.08,0.01,중계
황동재,50441,2001-11-03,2023,삼성,22,7,0,0,7,0,5,0,0,31.2,27,25,155,40,14.0,1.0,6,21,0,2,27,0,0,7.11,6.38,1.93,59.6,66.0,-0.58,-0.83,선발
허윤동,50449,2001-06-19,2023,삼성,22,7,0,0,1,0,1,0,0,10.2,12,12,60,16,7.0,0.0,0,12,0,0,8,0,0,10.13,5.32,2.63,41.8,77.5,-0.26,-0.44,선발
최준용,50556,2001-10-10,2023,롯데,22,47,0,0,0,2,3,0,14,47.2,15,13,210,50,6.0,0.0,2,18,1,1,40,0,1,2.45,3.44,1.43,169.5,119.7,1.56,-0.22,중계
스트레일리,50558,1988-12-01,2023,롯데,35,16,0,0,16,3,5,0,0,80.1,43,39,364,82,8.0,1.0,6,37,0,10,70,0,4,4.37,4.43,1.48,95.2,92.8,0.81,-0.27,선발
정해영,50662,2001-08-23,2023,KIA,22,52,0,0,0,3,4,23,1,49.1,18,16,218,53,9.0,1.0,3,20,3,1,30,0,0,2.92,4.11,1.48,141.5,99.9,1.76,0.7,중계
강재민,50705,1997-04-03,2023,한화,26,43,0,0,0,1,3,0,12,43.1,31,31,189,35,10.0,1.0,5,19,0,8,42,0,0,6.44,4.87,1.25,64.5,85.2,-0.37,-1.03,중계
남지민,50720,2001-02-12,2023,한화,22,16,0,0,7,1,7,0,0,37.2,31,27,186,54,12.0,0.0,0,13,1,6,23,0,3,6.45,3.66,1.78,64.4,113.6,-0.52,-1.29,선발
한승주,50726,2001-03-17,2023,한화,22,47,0,0,6,1,4,0,2,70.2,34,31,320,81,16.0,2.0,6,31,2,4,55,0,5,3.95,4.39,1.59,105.2,94.5,1.02,-0.76,선발
오원석,50859,2001-04-23,2023,SSG,22,28,1,0,27,8,10,0,0,144.2,92,84,648,158,22.0,2.0,11,69,0,9,88,0,11,5.23,4.83,1.57,80.1,87.3,-0.03,-1.2,선발
정구범,50995,2000-06-16,2023,NC,23,4,0,0,2,0,1,0,0,12.2,11,11,64,16,3.0,0.0,3,12,0,0,6,0,0,7.82,8.42,2.21,53.3,50.2,-0.23,-0.26,선발
김영현,51097,2002-08-18,2023,KT,21,31,0,0,0,0,0,1,1,33.0,22,20,150,30,7.0,0.0,4,20,1,1,35,0,2,5.45,4.72,1.52,77.4,88.6,-0.01,-0.36,중계
송승기,51111,2002-04-10,2023,LG,21,1,0,0,0,0,0,0,0,1.0,0,0,5,1,0.0,0.0,0,1,0,0,0,0,0,0.0,6.44,2.0,,64.2,0.04,0.0,중계
강효종,51143,2002-10-14,2023,LG,21,7,0,0,7,1,2,0,0,21.2,18,15,103,25,3.0,0.0,1,12,0,2,14,1,0,6.23,4.69,1.71,65.5,87.5,-0.45,-0.6,선발
김동주,51230,2002-02-14,2023,두산,21,18,0,0,17,3,6,0,0,78.1,37,36,334,73,14.0,4.0,5,35,0,4,59,1,4,4.14,4.26,1.38,98.5,95.2,1.29,0.25,선발
최승용,51264,2001-05-11,2023,두산,22,34,0,0,20,3,6,1,0,111.0,54,49,479,116,11.0,1.0,9,34,0,4,82,0,3,3.97,4.05,1.35,102.5,99.5,1.56,0.44,선발
김성진,51301,1997-11-14,2023,키움,26,55,0,0,0,3,3,0,7,47.0,19,19,208,44,7.0,0.0,5,25,2,1,38,0,0,3.64,4.74,1.47,112.9,85.4,1.11,-0.47,중계
장재영,51359,2002-05-10,2023,키움,21,23,0,0,17,1,5,0,0,71.2,46,44,339,63,15.0,0.0,4,66,0,8,67,2,8,5.53,5.4,1.8,74.3,75.6,-0.04,-0.78,선발
김준형,51393,2002-07-12,2023,키움,21,8,0,0,0,0,0,0,0,7.2,6,6,36,4,3.0,0.0,0,6,0,3,5,0,0,7.04,5.66,1.3,58.3,73.1,-0.04,-0.03,중계
이승현,51454,2002-05-19,2023,삼성,21,48,0,0,0,1,5,5,7,43.1,26,24,199,41,6.0,0.0,6,29,1,2,37,0,2,4.98,5.61,1.62,85.0,74.9,0.12,-1.6,중계
이재희,51460,2001-10-11,2023,삼성,22,2,0,0,1,0,0,0,0,8.0,3,3,33,4,1.0,0.0,1,5,0,0,5,0,1,3.38,5.69,1.13,125.5,73.7,0.14,-0.06,중계
김진욱,51516,2002-07-05,2023,롯데,21,50,0,0,0,2,1,0,8,36.1,27,26,177,37,6.0,1.0,4,29,0,2,35,0,3,6.44,5.51,1.82,64.6,74.4,-0.32,-0.76,중계
우강훈,51526,2002-10-03,2023,롯데,21,3,0,0,1,0,0,0,0,6.0,5,4,29,6,1.0,0.0,0,4,0,1,5,0,0,6.0,4.28,1.67,69.3,97.6,-0.07,-0.26,중계
김창훈,51586,2001-11-09,2023,롯데,22,3,0,0,0,0,0,0,0,4.1,1,1,17,5,0.0,1.0,0,1,0,0,1,0,0,2.08,3.67,1.39,200.3,113.1,0.12,0.1,중계
이의리,51648,2002-06-16,2023,KIA,21,28,0,0,28,11,7,0,0,131.2,64,58,598,103,18.0,0.0,4,93,1,8,156,0,10,3.96,3.75,1.49,104.2,110.4,1.74,0.05,선발
김규연,51713,2002-08-23,2023,한화,21,23,0,0,0,0,1,1,0,19.2,7,6,85,16,2.0,1.0,0,10,0,2,20,0,2,2.75,3.24,1.32,151.2,127.9,0.54,0.02,중계
김기중,51715,2002-11-16,2023,한화,21,37,0,0,6,1,3,0,1,56.1,33,29,253,58,9.0,3.0,4,29,1,9,46,0,2,4.63,4.7,1.54,89.6,88.3,0.28,0.2,선발
이용준,51948,2002-05-08,2023,NC,21,24,0,0,12,3,4,0,0,67.0,39,32,304,60,11.0,0.0,5,44,0,2,50,0,1,4.3,4.98,1.55,96.9,84.5,0.23,-0.99,선발
한재승,51994,2001-11-21,2023,NC,22,11,0,0,0,0,1,0,0,9.2,5,4,44,9,1.0,0.0,2,5,0,0,10,0,1,3.72,5.62,1.45,111.8,75.6,0.1,-0.24,중계
벤자민,52043,1993-07-26,2023,KT,30,29,0,0,29,15,6,0,0,160.0,79,63,684,149,23.0,1.0,12,45,1,3,157,0,11,3.54,3.34,1.21,119.2,125.5,2.39,0.37,선발
박영현,52060,2003-10-11,2023,KT,20,68,0,0,0,3,3,4,32,75.1,25,23,308,63,11.0,2.0,3,23,4,2,79,2,1,2.75,2.7,1.14,153.7,155.9,2.75,1.8,중계
플럿코,52145,1991-10-03,2023,LG,32,21,0,0,21,11,3,0,0,123.1,37,33,510,115,21.0,3.0,5,31,1,3,101,0,2,2.41,3.13,1.18,169.5,131.0,3.86,1.61,선발
이병헌,52204,2003-06-04,2023,두산,20,36,0,0,0,0,0,0,5,27.0,16,14,126,25,7.0,0.0,2,22,0,1,28,0,3,4.67,4.89,1.74,87.3,83.0,0.16,-0.86,중계
최지강,52206,2001-07-23,2023,두산,22,25,0,0,0,2,1,0,2,22.0,13,13,102,16,4.0,0.0,0,21,0,0,14,0,0,5.32,5.03,1.68,76.6,82.4,0.09,0.41,중계
브랜든,52257,1994-06-03,2023,두산,29,18,0,0,18,11,3,0,0,104.2,34,29,427,80,13.0,0.0,4,30,0,12,100,0,3,2.49,3.23,1.05,163.3,126.3,3.19,1.88,선발
이원재,52295,2003-05-07,2023,두산,20,1,0,0,1,0,0,0,0,1.0,3,3,9,3,1.0,0.0,0,3,0,0,0,0,0,27.0,12.44,6.0,15.1,33.3,-0.21,-0.31,중계
주승우,52330,2000-01-30,2023,키움,23,11,0,0,2,0,2,0,0,16.0,18,17,90,20,7.0,0.0,1,21,0,2,8,0,3,9.56,7.57,2.56,42.9,54.2,-0.53,-0.43,선발
윤석원,52395,2003-07-04,2023,키움,20,21,0,0,0,2,0,0,2,24.0,17,12,110,29,5.0,0.0,2,8,1,0,8,0,1,4.5,4.73,1.54,91.3,86.2,-0.07,-0.03,중계
이명종,52397,2002-12-05,2023,키움,21,45,0,0,2,5,5,0,1,57.0,34,33,260,66,13.0,0.0,5,24,0,6,26,0,0,5.21,5.25,1.58,78.8,77.7,0.16,-1.16,선발
수아레즈,52457,1989-10-08,2023,삼성,34,19,0,0,19,4,7,0,0,108.0,54,47,479,129,19.0,1.0,3,32,0,2,88,0,6,3.92,3.12,1.49,108.1,133.1,1.46,0.51,선발
김서준,52460,2003-09-01,2023,삼성,20,8,0,0,1,0,1,0,1,7.2,6,6,39,9,2.0,0.0,0,6,0,2,2,0,3,7.04,6.05,1.96,60.1,68.2,-0.09,-0.41,선발
반즈,52528,1995-10-01,2023,롯데,28,30,0,0,30,11,10,0,0,170.1,68,62,734,171,34.0,1.0,6,56,1,15,147,0,7,3.28,3.41,1.33,127.0,121.3,3.6,1.54,선발
이민석,52530,2003-12-10,2023,롯데,20,1,0,0,0,0,0,0,0,1.1,0,0,5,0,0.0,0.0,0,1,0,0,1,0,0,0.0,4.19,0.75,,99.5,0.09,0.1,중계
진승현,52558,2003-09-05,2023,롯데,20,24,0,0,0,2,2,0,1,27.2,20,18,129,34,3.0,0.0,2,16,3,0,25,0,1,5.86,3.98,1.81,71.1,102.4,-0.1,-0.14,중계
파노니,52606,1994-04-28,2023,KIA,29,16,0,0,15,6,3,0,0,82.1,41,39,351,86,14.0,1.0,6,23,0,2,66,0,0,4.26,3.7,1.32,96.9,111.0,0.84,0.04,선발
황동하,52641,2002-07-30,2023,KIA,21,13,0,0,6,0,3,0,0,31.1,25,23,149,35,6.0,3.0,5,21,0,1,19,0,1,6.61,6.41,1.79,62.5,64.0,-0.42,-0.97,선발
최지민,52639,2003-09-10,2023,KIA,20,58,0,0,0,6,3,3,12,59.1,17,14,244,45,4.0,2.0,4,26,1,4,44,0,5,2.12,4.3,1.2,194.5,95.6,2.18,0.25,중계
문동주,52701,2003-12-23,2023,한화,20,23,0,0,23,8,8,0,0,118.2,52,49,503,113,20.0,2.0,6,42,0,4,95,1,5,3.72,3.66,1.31,111.7,113.2,2.51,-0.08,선발
박준영,52731,2003-03-02,2023,한화,20,4,0,0,0,0,0,0,0,4.1,9,9,23,2,0.0,0.0,0,8,0,0,7,0,1,18.69,5.75,2.31,22.2,72.1,-0.3,-0.05,중계
이기순,52868,2003-05-14,2023,SSG,20,2,0,0,0,0,0,0,0,3.0,3,3,16,3,0.0,0.0,1,4,0,0,3,0,0,9.0,9.78,2.33,46.5,43.9,-0.02,-0.01,중계
신헌민,52873,2002-07-19,2023,SSG,21,11,0,0,0,0,0,0,0,12.0,10,8,62,19,6.0,0.0,1,6,1,0,8,0,0,6.0,4.44,2.08,69.8,95.2,-0.07,0.09,중계
임지민,52902,2003-10-11,2023,NC,20,2,0,0,0,0,0,0,0,1.1,2,2,10,2,0.0,0.0,0,4,0,0,3,0,2,13.5,7.94,4.5,30.8,53.3,-0.05,0.0,중계
조민석,52903,1998-12-21,2023,NC,25,35,0,0,0,1,0,0,4,31.0,15,14,137,33,9.0,0.0,2,14,0,3,28,0,1,4.06,4.12,1.52,102.5,102.0,0.44,0.1,중계
강건,53006,2004-07-12,2023,KT,19,4,0,0,0,0,0,1,0,6.2,1,1,28,4,2.0,0.0,0,3,0,0,8,0,1,1.35,2.39,1.05,312.8,176.9,0.24,-0.1,중계
김정운,53029,2004-04-21,2023,KT,19,5,0,0,0,0,0,0,0,7.0,4,3,35,6,2.0,0.0,0,6,0,2,3,0,0,3.86,6.01,1.71,109.5,69.2,0.08,-0.04,중계
슐서,53040,1994-05-05,2023,KT,29,9,0,0,9,1,7,0,0,49.2,32,31,221,66,9.0,1.0,6,14,1,0,35,0,2,5.62,4.39,1.61,75.2,94.8,-0.08,-0.89,선발
박명근,53139,2004-03-27,2023,LG,19,57,0,0,1,4,3,5,9,51.1,31,29,236,49,9.0,1.0,4,28,2,6,40,0,1,5.08,4.77,1.5,80.3,85.6,-0.09,-0.58,중계
김동규,53164,2004-07-09,2023,"LG,키움",19,4,0,0,1,0,1,0,0,4.1,12,11,31,6,0.0,0.0,1,12,0,2,1,0,4,22.85,15.67,4.15,17.9,26.0,-0.54,-0.44,중계
김동규,53164,2004-07-09,2023,키움,19,3,0,0,1,0,1,0,0,4.0,10,10,25,6,0.0,0.0,1,9,0,1,1,0,4,22.5,13.69,3.75,18.3,29.8,-0.45,-0.44,중계
김동규,53164,2004-07-09,2023,LG,19,1,0,0,0,0,0,0,0,0.1,2,1,6,0,0.0,0.0,0,3,0,1,0,0,0,27.0,39.44,9.0,15.1,10.4,-0.08,-0.01,중계
딜런,53233,1996-06-04,2023,두산,27,2,0,0,2,0,1,0,0,9.0,9,8,45,10,1.0,0.0,2,5,0,0,2,0,1,8.0,7.55,1.67,50.9,52.5,-0.32,-0.34,선발
김유성,53262,2002-01-01,2023,두산,21,7,0,0,0,0,0,0,0,6.1,7,7,38,6,0.0,0.0,2,12,0,0,6,0,3,9.95,11.34,2.84,40.9,35.1,-0.15,-0.24,중계
백승우,53298,2000-01-04,2023,두산,23,6,0,0,0,0,0,0,0,4.0,0,0,18,3,0.0,0.0,0,3,0,1,1,0,0,0.0,5.94,1.5,,69.7,0.21,-0.1,중계
오상원,53300,2004-07-21,2023,키움,19,11,0,0,1,0,0,0,0,15.0,11,11,74,18,5.0,1.0,0,9,0,3,7,0,0,6.6,4.91,1.8,62.2,84.2,-0.1,-0.32,선발
김건희,53312,2004-11-07,2023,키움,19,3,0,0,0,0,0,0,0,2.0,5,5,14,6,0.0,0.0,2,2,0,0,0,0,0,22.5,19.44,4.0,18.3,20.4,-0.18,0.0,중계
맥키니,53322,1994-11-18,2023,키움,29,12,0,0,12,1,9,0,0,59.1,46,43,268,61,14.0,1.0,10,36,0,1,39,1,3,6.52,6.19,1.64,63.0,65.2,-0.77,-1.7,선발
후라도,53375,1996-01-30,2023,키움,27,30,0,0,30,11,8,0,0,183.2,64,54,763,164,19.0,0.0,7,41,0,9,147,0,5,2.65,3.15,1.12,155.2,129.1,6.03,3.2,선발
이호성,53455,2004-08-14,2023,삼성,19,5,0,0,2,1,0,0,0,17.0,5,5,71,11,4.0,1.0,1,10,0,0,11,0,1,2.65,4.68,1.24,160.0,89.0,0.53,0.13,중계
박권후,53469,2004-05-28,2023,삼성,19,4,0,0,0,0,0,0,0,2.2,2,1,13,4,0.0,0.0,1,1,0,0,0,1,0,3.38,9.44,1.88,125.5,45.1,-0.01,-0.02,중계
윌커슨,53546,1989-05-24,2023,롯데,34,13,0,0,13,7,2,0,0,79.2,28,20,327,67,15.0,2.0,3,20,0,2,81,1,3,2.26,2.73,1.09,184.1,151.4,2.17,1.51,선발
석상호,53560,2000-04-14,2023,롯데,23,5,0,0,0,0,0,0,0,5.1,0,0,22,4,1.0,0.0,0,2,0,0,6,0,1,0.0,2.32,1.13,,180.7,0.24,-0.01,중계
이진하,53562,2004-06-02,2023,롯데,19,9,0,0,0,0,0,0,0,8.0,3,3,31,4,3.0,0.0,0,3,0,1,2,0,1,3.38,4.44,0.88,123.3,93.6,0.16,-0.04,중계
이태연,53594,2004-02-21,2023,롯데,19,15,0,0,0,0,0,0,1,5.2,10,10,37,12,3.0,0.0,1,9,0,0,4,0,0,15.88,9.09,3.71,26.2,45.0,-0.48,-0.34,중계
장세진,53596,2004-12-30,2023,롯데,19,2,0,0,0,0,0,0,0,1.1,2,2,8,2,0.0,0.0,1,2,0,0,1,0,0,13.5,16.19,3.0,30.8,24.6,-0.08,-0.02,중계
곽도규,53609,2004-04-12,2023,KIA,19,14,0,0,0,0,0,0,0,11.2,11,11,61,14,2.0,0.0,0,10,0,2,14,0,1,8.49,4.13,2.06,48.7,100.7,-0.19,-0.07,중계
윤영철,53613,2004-04-20,2023,KIA,19,25,0,0,24,8,7,0,0,122.2,59,55,528,124,27.0,3.0,10,48,1,1,74,1,4,4.04,4.47,1.4,102.4,92.0,1.48,0.63,선발
메디나,53645,1996-12-18,2023,KIA,27,12,0,0,12,2,6,0,0,58.0,42,39,269,64,16.0,1.0,6,29,0,9,36,1,5,6.05,5.51,1.6,68.3,74.6,-0.62,-1.67,선발
앤더슨,53664,1994-10-29,2023,KIA,29,14,0,0,14,4,7,0,0,79.0,42,33,336,76,12.0,3.0,6,26,0,2,64,0,10,3.76,3.87,1.29,109.9,106.0,0.63,-0.03,선발
산체스,53665,1994-10-31,2023,KIA,29,12,1,0,11,4,4,0,0,63.2,46,42,285,79,19.0,1.0,7,15,1,4,59,1,1,5.94,3.87,1.48,69.6,105.5,-0.57,-0.93,선발
산체스,53714,1997-04-11,2023,한화,26,24,0,0,24,7,8,0,0,126.0,62,53,540,136,23.0,0.0,13,28,2,6,99,0,3,3.79,3.97,1.3,109.7,104.4,1.79,0.0,선발
스미스,53734,1990-04-12,2023,한화,33,1,0,0,1,0,0,0,0,2.2,2,2,12,3,0.0,0.0,0,0,0,1,2,0,0,6.75,3.07,1.13,61.5,135.6,-0.05,0.11,중계
김서현,53754,2004-05-31,2023,한화,19,20,0,0,1,0,0,1,0,22.1,20,18,114,22,4.0,2.0,1,23,1,7,26,1,3,7.25,5.59,2.02,57.2,74.3,-0.45,-0.08,중계
엘리아스,53825,1988-08-01,2023,SSG,35,22,0,0,21,7,6,0,0,131.1,58,55,548,140,22.0,1.0,12,33,1,6,93,0,0,3.77,4.08,1.32,111.0,104.0,2.64,1.25,선발
맥카티,53833,1995-10-12,2023,SSG,28,24,0,0,24,9,5,0,0,130.0,58,49,543,124,19.0,2.0,10,45,0,1,116,1,4,3.39,3.72,1.3,123.4,114.0,2.31,0.59,선발
이로운,53892,2004-09-11,2023,SSG,19,50,0,0,0,6,1,0,5,57.2,39,36,268,67,13.0,1.0,7,29,2,1,52,0,3,5.62,4.67,1.67,74.5,91.1,-0.04,-0.04,중계
송영진,53898,2004-05-28,2023,SSG,19,17,0,0,9,3,3,0,0,47.1,35,30,220,46,9.0,1.0,3,31,0,2,38,2,8,5.7,4.75,1.63,73.4,88.6,-0.27,-1.06,선발
태너,53909,1994-11-30,2023,NC,29,11,0,0,11,5,2,0,0,64.2,26,21,265,58,8.0,0.0,6,13,0,1,47,0,0,2.92,3.84,1.1,142.5,109.6,1.47,0.55,선발
페디,53913,1993-02-25,2023,NC,30,30,0,0,30,20,6,0,0,180.1,46,40,708,137,16.0,0.0,9,35,0,4,209,0,5,2.0,2.42,0.95,208.6,174.2,7.29,4.53,선발
와이드너,53927,1994-10-24,2023,"NC,삼성",29,21,0,0,20,7,5,0,0,115.0,65,58,495,112,22.0,0.0,7,40,1,6,99,0,3,4.54,3.69,1.32,,,-0.12,-0.19,중계
와이드너,53927,1994-10-24,2023,삼성,29,10,0,0,9,3,3,0,0,53.1,30,27,236,61,9.0,0.0,3,17,0,3,42,0,2,4.56,3.72,1.46,93.0,112.0,0.4,-0.13,선발
와이드너,53927,1994-10-24,2023,NC,29,11,0,0,11,4,2,0,0,61.2,35,31,259,51,13.0,0.0,4,23,1,3,57,0,1,4.52,3.65,1.2,92.0,115.2,0.37,-0.06,선발
이준호,53996,2000-03-27,2023,NC,23,17,0,0,2,3,2,0,0,31.2,22,17,144,32,4.0,1.0,3,15,0,4,19,0,2,4.83,5.27,1.48,86.2,79.7,-0.13,0.03,중계
신정락,60140,1987-05-13,2023,롯데,36,34,0,0,0,4,0,0,1,29.0,15,15,128,32,6.0,0.0,4,11,3,3,28,0,0,4.66,4.44,1.48,89.4,90.9,0.43,-0.52,중계
이승현,60146,1991-11-20,2023,삼성,32,60,0,0,0,4,3,0,14,60.0,29,24,264,68,12.0,1.0,5,15,1,0,42,0,2,3.6,3.83,1.38,117.6,109.8,1.03,-0.04,중계
이재학,60263,1990-10-04,2023,NC,33,15,0,0,13,5,5,0,0,67.1,36,34,293,55,5.0,2.0,6,33,0,5,43,0,7,4.54,5.02,1.31,91.6,83.8,0.67,-0.23,선발
문성현,60336,1991-11-09,2023,키움,32,32,0,0,0,2,2,0,2,28.1,16,13,134,25,3.0,0.0,2,20,2,2,21,0,2,4.13,5.0,1.59,99.4,81.7,0.13,-0.7,중계
김대유,60337,1991-05-08,2023,KIA,32,41,0,0,0,0,2,0,4,24.2,15,14,110,26,1.0,1.0,2,8,1,6,20,0,0,5.11,4.46,1.38,80.9,91.9,0.1,-0.55,중계
이태양,60768,1990-07-03,2023,한화,33,50,0,0,12,3,3,0,2,100.1,44,36,422,100,25.0,6.0,7,20,2,4,72,0,1,3.23,3.57,1.2,128.6,116.1,2.01,0.65,선발
박종훈,60841,1991-08-13,2023,SSG,32,18,0,0,16,2,6,0,0,80.0,57,55,382,77,13.0,1.0,8,60,0,19,56,0,2,6.19,6.31,1.71,67.6,67.0,-0.55,-1.45,선발
임찬규,61101,1992-11-20,2023,LG,31,30,0,0,26,14,3,0,1,144.2,63,55,632,142,22.0,2.0,10,54,1,5,103,1,1,3.42,4.12,1.36,119.3,99.1,2.37,1.01,선발
이우찬,61145,1992-08-04,2023,LG,31,38,0,0,0,1,3,0,5,38.1,15,15,157,35,4.0,0.0,1,18,0,2,30,1,2,3.52,3.78,1.38,115.9,109.0,0.8,0.35,중계
송윤준,61156,1992-07-16,2023,한화,31,4,0,0,0,0,0,0,0,4.1,4,4,19,4,2.0,0.0,0,2,0,0,3,1,0,8.31,3.44,1.39,50.0,120.3,-0.05,-0.04,중계
양현,61268,1992-08-23,2023,키움,31,54,0,0,0,0,4,0,8,57.0,38,32,262,83,9.0,2.0,5,21,1,0,16,1,0,5.05,5.07,1.83,81.3,80.4,-0.23,-1.25,중계
김대우,61365,1988-11-21,2023,삼성,35,44,0,0,5,0,2,0,4,64.0,37,32,277,66,9.0,1.0,7,22,1,3,49,0,1,4.5,4.46,1.38,94.1,94.3,0.5,-1.38,선발
심창민,61411,1993-02-01,2023,NC,30,5,0,0,0,0,1,0,0,3.1,2,1,18,2,0.0,0.0,0,5,0,1,5,0,0,2.7,5.84,2.1,154.2,71.8,0.02,0.05,중계
홍건희,61643,1992-09-29,2023,두산,31,64,0,0,0,1,5,22,5,61.2,28,21,277,67,10.0,3.0,4,24,3,0,62,0,8,3.06,3.3,1.48,132.9,122.7,1.18,-1.08,중계
한승혁,61666,1993-01-03,2023,한화,30,21,0,0,7,0,3,0,1,36.1,27,26,176,48,9.0,0.0,3,21,0,3,28,0,4,6.44,4.96,1.9,64.5,83.8,-0.34,-1.69,선발
서진용,61895,1992-10-02,2023,SSG,31,69,0,0,0,5,4,40,0,72.2,22,20,322,62,5.0,0.0,3,48,5,4,63,0,5,2.48,4.19,1.51,169.0,100.3,3.63,2.73,중계
최성훈,62146,1989-10-11,2023,LG,34,5,0,0,0,0,0,1,0,3.0,5,5,17,7,2.0,0.0,0,1,0,0,2,0,0,15.0,3.11,2.67,27.2,133.6,-0.22,0.05,중계
윤명준,62242,1989-06-18,2023,롯데,34,21,0,0,0,0,1,0,5,19.1,14,14,98,31,3.0,1.0,4,10,2,4,11,0,5,6.52,6.86,2.12,63.8,58.9,-0.17,-1.07,중계
변시원,62263,1993-04-01,2023,키움,30,4,0,0,0,0,0,0,0,2.1,11,11,19,6,2.0,0.0,1,4,0,2,2,0,0,42.43,15.01,4.29,9.7,26.9,-0.69,-0.32,중계
김태훈,62360,1992-03-02,2023,"키움,삼성",31,71,0,0,0,6,7,3,11,63.1,54,50,306,74,18.0,2.0,8,43,4,3,40,0,1,7.11,5.81,1.85,59.4,72.1,-1.54,-2.33,중계
김태훈,62360,1992-03-02,2023,키움,31,8,0,0,0,1,0,0,3,7.2,6,5,38,9,1.0,1.0,1,6,1,0,4,0,0,5.87,6.05,1.96,70.0,67.2,-0.17,-0.28,중계
김태훈,62360,1992-03-02,2023,삼성,31,63,0,0,0,5,7,3,8,55.2,48,45,268,65,17.0,1.0,7,37,3,3,36,0,1,7.28,5.78,1.83,58.2,72.7,-1.36,-2.05,중계
한현희,62363,1993-06-25,2023,롯데,30,38,0,0,18,6,12,0,3,104.0,69,63,476,123,20.0,4.0,11,44,1,11,74,0,6,5.45,4.95,1.61,76.3,82.5,-0.22,-1.78,선발
김원중,62528,1993-06-14,2023,롯데,30,63,0,0,0,5,6,30,0,63.2,24,21,265,51,5.0,3.0,2,25,3,5,82,0,3,2.97,2.55,1.19,140.1,162.2,1.95,-0.21,중계
임준섭,62611,1989-07-16,2023,SSG,34,41,0,0,0,0,2,0,3,32.2,25,21,155,44,6.0,0.0,1,19,1,1,26,0,2,5.79,3.99,1.93,72.3,104.9,-0.24,-0.04,중계
홍성민,62655,1989-07-15,2023,키움,34,2,0,0,0,0,0,0,0,2.0,2,2,12,5,0.0,1.0,1,1,0,0,1,0,1,9.0,10.44,3.0,45.6,38.1,-0.01,-0.01,중계
임기영,62754,1993-04-16,2023,KIA,30,64,0,0,0,4,4,3,16,82.0,29,27,324,56,8.0,3.0,6,19,1,6,57,0,1,2.96,3.88,0.92,139.4,105.7,2.19,0.38,중계
문승원,62869,1989-11-28,2023,SSG,34,50,0,0,12,5,8,1,8,105.0,66,61,479,138,27.0,1.0,12,35,1,6,65,0,3,5.23,4.83,1.65,80.0,87.9,0.24,-1.88,선발
노건우,62920,1989-10-22,2023,삼성,34,16,0,0,0,0,1,0,1,12.1,11,10,65,22,3.0,0.0,3,5,0,1,12,0,1,7.3,6.12,2.19,58.0,69.4,-0.2,-0.53,중계
이형범,62951,1994-02-27,2023,두산,29,23,0,0,0,1,0,0,1,27.2,23,20,134,40,10.0,0.0,2,12,0,3,13,0,2,6.51,5.07,1.88,62.6,80.0,-0.25,-0.32,중계
류원석,63103,1989-11-18,2023,한화,34,1,0,0,0,0,0,0,0,2.0,1,1,8,1,0.0,0.0,0,0,0,1,1,0,1,4.5,3.94,0.5,92.3,105.7,0.03,0.0,중계
배재준,63145,1994-11-24,2023,LG,29,1,0,0,0,0,0,0,0,1.0,2,2,6,2,0.0,1.0,0,1,0,0,0,0,1,18.0,6.44,3.0,22.7,64.2,-0.06,-0.0,중계
함덕주,63248,1995-01-13,2023,LG,28,57,0,0,0,4,0,4,16,55.2,12,10,222,32,9.0,1.0,1,22,1,2,59,0,0,1.62,2.8,0.97,252.5,148.0,2.63,2.27,중계
윤대경,63464,1994-04-09,2023,한화,29,47,0,0,0,5,1,0,2,47.2,18,13,199,36,9.0,1.0,4,19,0,6,28,0,2,2.45,4.93,1.15,169.2,84.2,1.11,0.58,중계
이재익,63492,1994-03-18,2023,삼성,29,51,0,0,0,1,3,0,11,41.0,19,18,181,46,5.0,1.0,3,17,3,0,26,0,3,3.95,4.15,1.54,107.2,101.3,0.77,-0.71,중계
구승민,63543,1990-06-12,2023,롯데,33,67,0,0,0,2,6,3,22,63.2,32,28,289,65,8.0,0.0,4,29,0,5,66,0,2,3.96,3.79,1.48,105.1,108.6,0.86,-0.45,중계
박준표,63638,1992-06-26,2023,KIA,31,33,0,0,0,1,0,0,3,28.0,16,14,118,28,3.0,1.0,3,9,1,0,13,0,1,4.5,4.76,1.32,91.8,86.0,0.18,-0.2,중계
이충호,63749,1994-09-20,2023,한화,29,11,0,0,0,0,0,0,0,8.2,9,9,41,12,0.0,0.0,2,5,0,1,7,0,0,9.35,6.9,1.96,44.4,60.2,-0.18,-0.24,중계
장현식,63950,1995-02-24,2023,KIA,28,56,0,0,0,2,2,3,5,51.0,26,23,226,58,8.0,0.0,6,26,1,1,44,0,1,4.06,4.78,1.65,101.8,85.7,0.52,-0.62,중계
이상민,63960,1990-11-04,2023,삼성,33,23,0,0,0,2,1,0,1,18.0,17,17,83,32,3.0,1.0,2,3,0,0,17,0,0,8.5,3.5,1.94,49.8,120.6,-0.54,-0.63,중계
임정호,63959,1990-04-16,2023,NC,33,65,0,0,0,4,4,0,15,50.0,30,26,216,51,9.0,1.0,3,17,0,4,49,1,4,4.68,3.52,1.36,89.0,119.4,0.08,-0.29,중계
윤호솔,63961,1994-07-15,2023,LG,29,4,0,0,0,0,0,0,0,3.2,1,1,17,3,1.0,0.0,0,3,0,0,4,0,0,2.45,3.72,1.64,166.3,111.7,0.08,0.04,중계
고영표,64001,1991-09-16,2023,KT,32,28,0,0,27,12,7,0,0,174.2,57,54,706,181,27.0,5.0,7,19,1,9,114,0,6,2.78,3.12,1.15,151.8,133.7,6.14,3.34,선발
박세웅,64021,1995-11-30,2023,롯데,28,27,0,0,27,9,7,0,0,154.0,70,59,657,145,24.0,0.0,8,59,1,4,129,0,10,3.45,3.65,1.33,120.7,112.8,3.11,0.84,선발
심재민,64017,1994-02-18,2023,"KT,롯데",29,33,0,0,6,3,1,0,6,47.2,23,20,218,57,6.0,0.0,2,18,1,1,29,0,1,3.78,3.9,1.57,110.3,105.6,0.8,0.11,중계
심재민,64017,1994-02-18,2023,롯데,29,29,0,0,6,3,1,0,6,45.2,18,15,202,49,5.0,0.0,2,16,1,1,28,0,1,2.96,3.84,1.42,140.7,107.3,1.13,0.23,선발
심재민,64017,1994-02-18,2023,KT,29,4,0,0,0,0,0,0,0,2.0,5,5,16,8,1.0,0.0,0,2,0,0,1,0,0,22.5,5.44,5.0,18.8,76.6,-0.23,-0.12,중계
류희운,64029,1995-06-19,2023,한화,28,3,0,0,0,0,0,0,0,4.0,5,5,20,6,1.0,0.0,1,2,0,0,4,0,0,11.25,6.19,2.0,36.9,67.1,-0.1,-0.01,중계
조현우,64047,1994-03-30,2023,KT,29,5,0,0,0,0,0,0,0,3.0,2,2,17,6,1.0,0.0,0,2,0,0,1,0,1,6.0,4.78,2.67,70.4,87.2,0.02,0.01,중계
이영준,64051,1991-10-10,2023,키움,32,2,0,0,0,0,1,0,0,1.2,4,4,10,4,0.0,0.0,0,1,0,0,0,0,1,21.6,5.24,3.0,19.0,79.0,-0.42,-0.46,중계
하영민,64350,1995-05-07,2023,키움,28,57,0,0,0,3,1,0,5,52.1,36,27,247,67,8.0,4.0,4,25,3,1,51,0,6,4.64,3.81,1.76,88.4,106.4,-0.46,-0.94,중계
이인복,64565,1991-06-18,2023,롯데,32,10,0,0,7,1,4,0,0,33.1,32,24,168,54,7.0,3.0,3,10,1,5,15,0,4,6.48,4.97,1.92,64.2,82.2,-0.8,-1.39,선발
김재열,64580,1996-01-02,2023,KIA,27,9,0,0,0,0,0,0,0,11.2,17,17,70,20,4.0,1.0,2,13,0,0,9,0,0,13.11,7.47,2.83,31.5,55.0,-0.71,-0.4,중계
최영환,64718,1992-02-20,2023,롯데,31,8,0,0,0,0,1,0,0,10.0,14,11,54,15,8.0,0.0,0,7,0,1,7,0,0,9.9,4.44,2.2,42.0,93.9,-0.51,-0.38,중계
조이현,64768,1995-06-27,2023,KT,28,18,0,0,4,2,1,0,1,35.0,27,26,170,61,14.0,1.0,3,6,0,2,17,1,1,6.69,4.27,1.91,63.2,97.3,-0.17,-0.38,선발
이승진,64805,1995-01-07,2023,두산,28,1,0,0,0,0,0,0,0,0.2,4,0,6,1,0.0,0.0,0,1,0,1,1,0,0,0.0,9.44,3.0,,43.8,-0.15,-0.0,중계
이건욱,64861,1995-02-13,2023,SSG,28,27,0,0,1,1,0,0,0,38.2,13,10,169,31,7.0,0.0,0,25,2,2,31,0,2,2.33,3.78,1.45,179.8,110.1,0.93,-0.09,중계
박민호,64893,1992-02-25,2023,SSG,31,10,0,0,0,0,0,0,0,10.0,3,1,47,14,1.0,0.0,0,1,0,2,4,0,0,0.9,3.54,1.5,465.0,117.8,0.29,0.14,중계
서동민,64896,1994-03-07,2023,SSG,29,2,0,0,0,0,0,0,0,1.0,0,0,6,0,0.0,0.0,0,3,0,0,1,0,0,0.0,10.44,3.0,,39.8,0.05,-0.05,중계
김민수,65048,1992-07-24,2023,KT,31,14,0,0,0,0,1,0,3,13.0,10,10,58,17,5.0,2.0,1,5,0,0,4,0,0,6.92,4.98,1.69,61.0,83.3,-0.07,-0.23,중계
엄상백,65056,1996-10-04,2023,KT,27,20,0,0,19,7,6,0,0,111.2,46,45,454,100,16.0,4.0,6,29,0,2,89,0,1,3.63,3.38,1.16,116.4,123.6,2.45,0.86,선발
정성곤,65058,1996-07-10,2023,SSG,27,6,0,0,0,0,0,0,0,4.1,9,5,29,8,3.0,0.0,2,7,0,0,3,0,0,10.38,12.9,3.46,40.3,33.3,-0.32,-0.1,중계
김재윤,65062,1990-09-16,2023,KT,33,59,0,0,0,5,5,32,0,65.2,21,19,262,54,5.0,2.0,2,13,5,1,60,0,3,2.6,2.42,1.02,162.2,173.7,2.86,2.31,중계
주권,65060,1995-05-31,2023,KT,28,42,0,0,3,1,2,0,5,47.0,23,23,205,49,7.0,1.0,4,19,2,2,17,0,0,4.4,5.04,1.45,95.9,82.4,0.75,-0.47,선발
백승현,65109,1995-05-26,2023,LG,28,42,0,0,0,2,0,3,11,40.0,7,7,162,28,4.0,0.0,2,18,1,0,30,0,1,1.58,3.87,1.15,259.1,106.0,2.07,1.9,중계
이상규,65117,1996-10-20,2023,LG,27,8,0,0,0,0,0,0,0,7.2,2,2,34,7,0.0,0.0,0,5,0,0,6,0,1,2.35,3.83,1.57,173.8,108.2,0.23,0.17,중계
채지선,65241,1995-07-11,2023,"LG,NC",28,3,0,0,0,0,0,0,0,3.1,3,3,17,4,1.0,1.0,0,4,0,0,2,0,1,8.1,5.84,2.4,51.2,71.6,-0.02,-0.01,중계
채지선,65241,1995-07-11,2023,NC,28,2,0,0,0,0,0,0,0,2.2,3,3,16,4,1.0,1.0,0,4,0,0,2,0,1,10.13,6.44,3.0,41.1,65.1,-0.05,-0.01,중계
채지선,65241,1995-07-11,2023,LG,28,1,0,0,0,0,0,0,0,0.2,0,0,1,0,0.0,0.0,0,0,0,0,0,0,0,0.0,3.44,0.0,,120.5,0.03,0.0,중계
최원태,65320,1997-01-07,2023,"키움,LG",26,26,0,0,26,9,7,0,0,146.2,73,70,632,149,17.0,1.0,12,46,2,7,118,0,6,4.3,3.94,1.33,95.4,102.9,2.03,0.84,중계
최원태,65320,1997-01-07,2023,키움,26,17,0,0,17,6,4,0,0,102.1,38,37,422,90,11.0,0.0,7,29,0,5,78,0,5,3.25,3.8,1.16,126.2,106.7,2.87,1.56,선발
최원태,65320,1997-01-07,2023,LG,26,9,0,0,9,3,3,0,0,44.1,35,33,210,59,6.0,1.0,5,17,2,2,40,0,1,6.7,4.25,1.71,60.9,95.1,-0.61,-0.72,선발
김주온,65411,1996-12-08,2023,SSG,27,1,0,0,0,0,0,0,0,0.1,3,3,5,2,0.0,0.0,0,1,0,1,1,0,1,81.0,15.44,9.0,5.2,27.4,-0.12,-0.0,중계
홍정우,65496,1996-03-16,2023,삼성,27,36,0,0,1,2,3,0,3,36.0,31,30,166,36,3.0,1.0,5,21,2,3,22,0,2,7.5,5.86,1.58,56.5,71.8,-0.81,-1.07,중계
배제성,65516,1996-09-29,2023,KT,27,26,0,0,24,8,10,0,0,130.1,72,65,596,144,20.0,1.0,6,77,0,2,79,1,9,4.49,4.65,1.7,94.1,89.7,1.03,-0.97,선발
김강현,65522,1995-02-27,2023,롯데,28,2,0,0,0,0,0,0,0,3.0,1,1,13,1,0.0,0.0,0,2,0,1,0,0,0,3.0,6.44,1.0,138.7,64.6,0.05,-0.0,중계
이민우,65616,1993-02-09,2023,한화,30,17,0,0,0,2,1,0,2,13.2,6,4,57,8,0.0,0.0,2,6,0,0,11,0,1,2.63,5.05,1.02,157.6,82.1,0.26,0.07,중계
박정수,65639,1996-01-29,2023,두산,27,25,0,0,0,1,0,1,0,36.2,22,17,165,37,12.0,0.0,1,18,1,6,28,0,2,4.17,4.15,1.5,97.6,99.0,0.23,0.13,중계
문경찬,65643,1992-07-08,2023,롯데,31,2,0,0,0,0,1,0,0,2.0,6,6,12,6,0.0,0.0,3,0,0,0,2,0,0,27.0,20.94,3.0,15.4,18.7,-0.45,-0.8,중계
이준영,65665,1992-08-10,2023,KIA,31,64,0,0,0,1,0,0,10,33.2,12,12,149,26,3.0,1.0,0,23,2,2,30,0,1,3.21,3.71,1.46,128.8,111.6,0.97,-0.02,중계
주현상,65707,1992-08-10,2023,한화,31,55,0,0,0,2,2,0,12,59.2,13,13,228,35,6.0,1.0,2,15,1,3,45,0,0,1.96,3.22,0.84,211.7,128.5,2.58,1.41,중계
김민우,65764,1995-07-25,2023,한화,28,12,0,0,12,1,6,0,0,51.2,43,40,243,65,16.0,2.0,6,28,0,2,43,0,5,6.97,5.03,1.8,59.6,82.5,-1.06,-1.61,선발
김범수,65769,1995-10-03,2023,한화,28,76,0,0,0,5,5,1,18,62.1,33,29,283,64,10.0,0.0,3,33,5,3,52,0,4,4.19,3.89,1.56,99.2,106.5,0.77,-0.32,중계
박세웅,65844,1996-05-10,2023,삼성,27,2,0,0,0,0,0,0,0,0.2,2,2,6,1,0.0,0.0,1,3,0,0,1,0,0,27.0,33.44,6.0,15.7,12.8,-0.12,-0.3,중계
구창모,65933,1997-02-17,2023,NC,26,11,0,0,9,1,3,0,0,51.2,19,17,205,38,3.0,0.0,4,16,0,0,56,0,0,2.96,3.21,1.05,140.6,131.7,1.55,1.05,선발
류진욱,65949,1996-10-10,2023,NC,27,70,0,0,0,1,4,0,22,67.0,19,16,268,41,2.0,2.0,1,32,1,1,62,0,5,2.15,3.22,1.09,193.8,130.3,2.62,1.13,중계
이우석,65964,1996-04-16,2023,NC,27,1,0,0,0,0,0,0,0,0.2,0,0,2,0,0.0,0.0,0,1,0,0,0,0,0,0.0,7.94,1.5,,52.7,0.02,0.0,중계
김선기,66018,1991-09-01,2023,키움,32,17,0,0,7,1,3,1,0,43.2,37,29,200,56,16.0,2.0,2,15,0,1,29,1,0,5.98,3.81,1.63,68.7,107.1,-0.73,-0.99,선발
박세진,66047,1997-06-27,2023,KT,26,16,0,0,0,0,1,0,1,11.2,8,5,66,15,2.0,0.0,1,14,0,0,10,0,2,3.86,6.44,2.49,109.5,64.7,0.02,-0.2,중계
김태오,66064,1997-07-29,2023,KT,26,5,0,0,0,0,0,0,0,7.1,6,6,35,10,3.0,0.0,0,4,1,0,3,0,0,7.36,3.85,1.91,57.3,108.5,-0.09,0.11,중계
김대현,66145,1997-03-08,2023,LG,26,5,0,0,0,0,0,0,0,3.1,5,4,22,8,2.0,0.0,1,2,0,1,3,0,1,10.8,8.24,3.0,37.8,48.5,-0.19,-0.4,중계
고봉재,66201,1993-05-14,2023,두산,30,10,0,0,0,0,0,0,0,11.1,8,8,53,12,2.0,1.0,0,7,0,1,7,0,0,6.35,4.33,1.68,64.1,95.9,-0.01,-0.21,중계
이영하,66291,1997-11-01,2023,두산,26,36,0,0,0,5,3,0,4,39.1,27,24,184,40,9.0,1.0,2,21,1,4,28,0,2,5.49,4.51,1.55,74.2,90.5,-0.2,-1.15,중계
박승주,66305,1994-02-12,2023,키움,29,18,0,0,0,0,3,0,0,18.0,11,7,91,19,3.0,2.0,2,13,0,2,15,0,5,3.5,5.72,1.78,117.3,70.9,0.09,-0.77,중계
최충연,66451,1997-03-05,2023,삼성,26,7,0,0,0,0,0,0,0,9.1,8,5,47,10,1.0,0.0,3,7,0,3,8,1,0,4.82,9.12,1.82,87.8,46.4,-0.08,-0.03,중계
김승현,66492,1992-07-09,2023,KIA,31,10,0,0,0,0,0,0,0,12.2,6,6,57,11,2.0,0.0,1,10,0,1,7,0,1,4.26,5.97,1.66,96.9,69.2,0.16,-0.02,중계
전상현,66609,1996-04-18,2023,KIA,27,64,0,0,0,8,3,1,13,58.2,20,14,250,50,8.0,0.0,1,26,4,1,50,0,3,2.15,3.14,1.3,192.4,131.3,1.97,1.8,중계
김재영,66741,1993-07-22,2023,한화,30,6,0,0,0,0,0,0,0,8.0,9,9,40,13,2.0,1.0,2,2,0,2,5,0,0,10.13,6.94,1.88,41.0,60.0,-0.26,-0.31,중계
김주한,66859,1993-02-03,2023,SSG,30,1,0,0,0,0,0,0,0,0.0,3,3,3,2,0.0,0.0,1,1,0,0,0,0,0,,,,,,0.0,-0.01,중계
최성영,66920,1997-04-28,2023,NC,26,18,0,0,13,5,4,0,0,66.2,37,36,303,77,15.0,2.0,6,32,0,5,38,0,1,4.86,5.14,1.64,85.7,81.8,0.68,-0.73,선발
오석주,67116,1998-04-14,2023,LG,25,9,0,0,0,0,0,0,0,10.0,7,7,44,12,2.0,0.0,2,3,0,0,11,0,2,6.3,4.74,1.5,64.8,84.1,0.01,-0.08,중계
고우석,67119,1998-08-06,2023,LG,25,44,0,0,0,3,8,15,0,44.0,19,18,190,38,6.0,0.0,2,22,1,4,59,0,5,3.68,3.06,1.36,110.9,134.3,0.98,-0.75,중계
손주영,67143,1998-12-02,2023,LG,25,3,0,0,2,1,0,0,0,8.2,7,5,46,12,0.0,0.0,0,6,0,0,5,1,0,5.19,4.37,2.08,78.6,95.0,0.0,-0.0,선발
김명신,67246,1993-11-29,2023,두산,30,70,0,0,0,3,3,1,24,79.0,34,32,334,72,18.0,0.0,3,27,3,6,65,0,3,3.65,3.43,1.25,111.7,119.3,1.59,1.62,중계
최원준,67263,1994-12-21,2023,두산,29,26,0,0,20,3,10,0,0,107.2,60,59,465,119,33.0,1.0,11,28,0,12,71,0,1,4.93,4.57,1.37,82.6,87.8,0.64,-0.31,선발
박치국,67266,1998-03-10,2023,두산,25,62,0,0,0,5,3,2,11,52.2,22,21,236,54,9.0,2.0,3,21,1,5,48,0,2,3.59,3.78,1.42,113.5,107.3,1.16,0.0,중계
양지율,67365,1998-12-16,2023,키움,25,1,0,0,0,0,0,0,0,0.2,1,1,6,1,0.0,0.0,0,3,0,0,2,0,0,13.5,10.94,6.0,30.4,37.3,-0.04,-0.04,중계
김재웅,67391,1998-10-22,2023,키움,25,67,0,0,0,2,3,6,18,59.2,29,28,250,56,11.0,0.0,2,24,1,0,46,0,0,4.22,3.49,1.34,97.2,116.9,1.0,1.35,중계
문용익,67419,1995-02-04,2023,삼성,28,14,0,0,0,1,0,0,0,13.0,6,6,59,8,1.0,0.0,0,12,0,2,12,0,5,4.15,4.83,1.54,102.0,85.3,0.23,-0.13,중계
최지광,67421,1998-03-13,2023,삼성,25,22,0,0,0,2,0,0,1,17.1,10,10,82,17,2.0,0.0,4,9,0,1,18,0,0,5.19,6.1,1.5,81.6,69.5,0.1,-0.69,중계
나원탁,67454,1994-08-20,2023,롯데,29,1,0,0,0,0,0,0,0,0.2,3,3,6,3,0.0,0.0,1,1,0,0,1,0,0,40.5,24.44,6.0,10.3,16.1,-0.11,-0.0,중계
김시현,67467,1998-09-26,2023,삼성,25,2,0,0,0,0,0,0,0,3.0,5,4,17,6,1.0,0.0,2,2,0,0,2,0,0,12.0,12.78,2.67,35.3,33.6,-0.12,-0.01,중계
나균안,67539,1998-03-16,2023,롯데,25,23,0,0,23,6,8,0,0,130.1,61,55,569,140,27.0,3.0,8,42,1,5,114,0,6,3.8,3.55,1.4,109.5,115.7,1.75,0.46,선발
이승호,67603,1999-02-08,2023,키움,24,4,0,0,1,0,0,0,1,5.0,3,3,24,5,3.0,0.0,1,4,0,0,1,0,0,5.4,8.04,1.8,76.0,50.4,0.08,-0.05,중계
유승철,67640,1998-03-02,2023,KIA,25,1,0,0,0,0,0,0,0,1.0,0,0,4,0,0.0,0.0,0,1,0,0,0,0,0,0.0,6.44,1.0,,64.7,0.03,0.0,중계
박상원,67703,1994-09-09,2023,한화,29,55,0,0,0,5,3,16,0,61.2,35,25,277,63,9.0,3.0,2,29,4,3,57,0,2,3.65,3.38,1.49,113.8,122.6,0.37,0.92,중계
김태욱,67768,1998-04-15,2023,롯데,25,1,0,0,0,0,0,0,0,1.0,0,0,3,0,0.0,0.0,0,0,0,0,0,0,0,0.0,3.44,0.0,,120.5,0.04,0.0,중계
김태현,67956,1998-03-21,2023,NC,25,16,0,0,0,1,0,0,0,20.1,13,10,90,17,1.0,1.0,4,13,0,1,14,0,0,4.43,6.69,1.48,94.1,63.2,0.13,-0.01,중계
김진호,67954,1998-06-07,2023,NC,25,19,0,0,0,2,1,0,9,16.1,5,5,73,15,2.0,0.0,0,10,0,1,22,0,3,2.76,2.77,1.53,151.2,151.7,0.6,0.27,중계
최이준,68036,1999-04-10,2023,롯데,24,28,0,0,0,1,0,0,1,29.0,22,22,143,37,11.0,3.0,1,21,1,0,20,0,4,6.83,4.58,2.0,60.9,90.2,-0.15,0.23,중계
김민,68043,1999-04-14,2023,KT,24,16,0,0,4,1,2,0,0,29.0,26,22,145,40,6.0,0.0,3,16,0,4,22,0,4,6.83,5.34,1.93,61.8,78.0,-0.64,-1.13,선발
한두솔,68092,1997-01-15,2023,SSG,26,1,0,0,0,0,0,0,0,1.0,1,1,6,1,0.0,1.0,0,1,0,1,2,0,0,9.0,5.44,2.0,46.5,77.7,-0.01,-0.01,중계
김영준,68130,1999-01-12,2023,LG,24,1,0,0,0,1,0,0,0,0.1,1,1,3,1,0.0,0.0,0,1,0,0,0,0,0,27.0,12.44,6.0,15.1,33.2,-0.05,-0.03,중계
성동현,68159,1999-05-18,2023,LG,24,1,0,0,0,0,0,0,0,1.0,1,1,6,2,0.0,0.0,0,1,0,0,1,0,0,9.0,4.44,3.0,45.4,93.3,-0.01,-0.0,중계
김민규,68200,1999-05-07,2023,두산,24,6,0,0,1,0,0,0,0,8.1,5,4,37,6,2.0,1.0,0,4,0,2,5,0,2,4.32,4.4,1.2,94.3,94.1,0.0,-0.12,선발
곽빈,68220,1999-05-28,2023,두산,24,23,0,0,23,12,7,0,0,127.1,44,41,526,96,18.0,1.0,7,58,0,5,106,1,4,2.9,3.98,1.21,140.6,102.2,4.18,2.46,선발
정철원,68242,1999-03-27,2023,두산,24,67,0,0,0,7,6,13,11,72.2,36,32,315,66,6.0,0.0,8,32,2,2,55,1,6,3.96,4.68,1.35,102.8,85.6,1.13,0.2,중계
박신지,68249,1999-07-16,2023,두산,24,15,0,0,1,0,0,0,0,26.0,16,16,129,39,13.0,0.0,1,11,0,3,15,0,2,5.54,4.4,1.92,73.5,92.9,0.08,-0.64,선발
김호준,68269,1998-05-17,2023,두산,25,3,0,0,0,0,0,0,0,3.0,4,4,16,3,0.0,0.0,1,4,0,0,2,0,1,12.0,10.44,2.33,33.9,37.8,-0.09,0.0,중계
안우진,68341,1999-08-30,2023,키움,24,24,0,0,24,9,7,0,0,150.2,44,40,608,121,25.0,1.0,5,38,1,1,164,0,8,2.39,2.45,1.06,171.9,164.8,5.2,3.46,선발
양창섭,68415,1999-09-22,2023,삼성,24,15,0,0,4,0,3,0,2,28.2,29,29,141,45,5.0,1.0,7,16,1,1,12,0,2,9.1,7.45,2.13,46.5,56.8,-0.77,-0.92,선발
최채흥,68419,1995-01-22,2023,삼성,28,15,0,0,14,1,7,0,0,63.1,52,47,295,90,13.0,3.0,9,16,1,3,33,1,1,6.68,5.1,1.67,63.4,82.7,-0.79,-1.62,선발
최하늘,68501,1999-03-26,2023,삼성,24,3,0,0,2,0,2,0,0,6.1,14,14,40,14,6.0,0.0,2,5,0,2,3,0,0,19.89,9.92,3.0,21.3,42.6,-0.71,-0.71,중계
정성종,68556,1995-11-16,2023,롯데,28,12,0,0,3,0,1,0,1,22.0,14,13,98,21,5.0,0.0,1,15,1,1,10,0,1,5.32,5.17,1.64,78.2,79.7,-0.05,-0.17,선발
김도규,68585,1998-07-11,2023,롯데,25,36,0,0,0,0,3,1,1,29.2,16,16,132,29,5.0,0.0,1,13,0,1,26,0,6,4.85,3.54,1.42,85.7,116.7,0.32,-1.28,중계
윤중현,68619,1995-04-25,2023,KIA,28,31,0,0,0,2,1,0,0,28.0,13,12,115,29,3.0,0.0,2,10,1,1,8,0,0,3.86,4.87,1.39,107.1,84.5,0.42,0.2,중계
하준영,68639,1999-09-06,2023,NC,24,57,0,0,0,1,0,0,2,49.0,25,25,215,52,6.0,1.0,4,19,1,2,49,0,0,4.59,3.73,1.45,90.7,113.2,0.59,-1.15,중계
김유신,68659,1999-06-14,2023,KIA,24,27,0,0,0,0,1,0,2,30.1,19,19,141,34,8.0,0.0,2,19,0,3,12,0,0,5.64,5.68,1.75,73.3,72.7,0.1,-0.64,중계
김정우,68830,1999-05-15,2023,두산,24,7,0,0,0,0,0,0,0,6.2,7,7,38,11,2.0,0.0,1,7,0,0,6,0,0,9.45,6.74,2.7,43.1,59.5,-0.09,-0.06,중계
조성훈,68848,1999-03-22,2023,SSG,24,2,0,0,2,0,1,0,0,7.0,5,5,34,10,1.0,0.0,0,4,0,2,4,0,0,6.43,4.87,2.0,65.1,85.7,-0.09,-0.1,선발
최민준,68856,1999-06-11,2023,SSG,24,53,0,0,0,5,3,1,7,60.0,29,28,262,75,10.0,2.0,7,19,1,1,37,0,2,4.2,4.68,1.57,99.6,90.9,0.96,-0.59,중계
이채호,68896,1998-11-23,2023,KT,25,25,0,0,0,0,1,0,1,24.2,19,19,110,26,6.0,0.0,6,9,0,3,8,0,1,6.93,7.42,1.42,60.9,55.8,-0.11,-0.57,중계
김영규,68900,2000-02-10,2023,NC,23,63,0,0,0,2,4,0,24,61.2,22,21,247,45,6.0,5.0,2,23,1,1,48,2,5,3.06,3.43,1.1,135.9,122.4,1.82,1.08,중계
신민혁,68902,1999-02-04,2023,NC,24,29,0,0,24,5,5,0,0,122.0,63,54,518,122,27.0,2.0,14,25,0,6,97,0,3,3.98,4.11,1.21,104.5,102.8,1.22,-0.36,선발
김시훈,68928,1999-02-24,2023,NC,24,61,0,0,0,4,3,3,12,52.2,32,26,245,57,10.0,1.0,3,34,0,1,49,0,3,4.44,4.32,1.73,93.7,97.5,0.05,-1.51,중계
쿠에바스,69032,1990-10-14,2023,KT,33,18,0,0,18,12,0,0,0,114.1,33,33,460,95,10.0,2.0,4,24,1,2,100,0,5,2.6,2.8,1.04,162.6,149.5,4.08,2.49,선발
손동현,69041,2001-01-23,2023,KT,22,64,0,0,0,8,5,1,15,73.2,31,28,301,68,11.0,0.0,5,20,1,2,40,0,2,3.42,4.09,1.2,123.4,101.6,1.83,1.11,중계
전용주,69047,2000-02-12,2023,KT,23,15,0,0,0,0,1,0,1,10.1,5,5,43,6,4.0,0.0,0,6,0,1,9,0,4,4.35,3.73,1.16,97.0,112.2,0.15,0.04,중계
알칸타라,69045,1992-12-04,2023,두산,31,31,0,0,31,13,8,0,0,192.0,67,57,777,171,33.0,0.0,16,35,1,5,162,0,3,2.67,3.45,1.07,152.5,116.2,5.51,2.85,선발
이상동,69054,1995-11-24,2023,KT,28,36,0,0,0,4,1,0,1,40.2,19,18,179,45,10.0,0.0,4,15,2,0,43,0,1,3.98,3.57,1.48,106.0,117.5,0.72,0.43,중계
이선우,69068,2000-09-19,2023,KT,23,22,0,0,4,0,2,0,0,37.1,20,18,169,47,6.0,0.0,5,9,0,4,24,0,0,4.34,4.94,1.5,97.3,84.0,0.13,-0.66,선발
켈리,69103,1989-10-04,2023,LG,34,30,0,0,30,10,7,0,0,178.2,87,76,746,183,31.0,3.0,10,39,1,6,129,0,6,3.83,3.47,1.24,106.6,118.0,1.95,0.35,선발
이지강,69108,1999-07-02,2023,LG,24,22,0,0,12,2,5,0,2,68.0,45,30,299,60,9.0,0.0,4,28,0,9,38,0,3,3.97,4.72,1.29,102.8,86.7,-0.33,-0.56,선발
이정용,69134,1996-03-26,2023,LG,27,37,0,0,13,7,2,3,1,86.2,45,40,382,100,20.0,1.0,5,19,0,2,50,0,3,4.15,3.77,1.37,98.3,108.5,0.81,-0.67,선발
정우영,69159,1999-08-19,2023,LG,24,60,0,0,0,5,6,0,11,51.2,39,27,245,63,11.0,0.0,1,17,1,15,41,1,2,4.7,3.91,1.55,86.8,105.5,-0.88,-1.82,중계
이상영,69168,2000-12-03,2023,LG,23,6,0,0,2,0,1,0,0,11.0,5,4,54,12,3.0,0.0,0,8,0,3,4,0,0,3.27,5.72,1.82,124.7,72.3,0.1,-0.14,선발
윤산흠,69213,1999-05-15,2023,한화,24,5,0,0,0,0,0,0,0,3.0,2,2,18,3,1.0,0.0,0,6,0,0,3,0,0,6.0,7.44,3.0,69.2,55.8,-0.1,-0.46,중계
요키시,69343,1989-07-29,2023,키움,34,12,0,0,12,5,3,0,0,65.2,37,32,286,82,14.0,1.0,3,14,1,3,51,0,1,4.39,3.21,1.46,93.6,126.6,0.47,-0.13,선발
조영건,69360,1999-02-04,2023,키움,24,6,0,0,0,0,0,0,1,7.2,0,0,27,5,1.0,0.0,0,2,0,0,7,0,0,0.0,2.4,0.91,,170.8,0.4,0.2,중계
윤정현,69399,1993-05-17,2023,키움,30,5,0,0,0,0,0,0,0,6.0,2,1,26,5,0.0,0.0,0,6,0,0,2,0,1,1.5,5.78,1.83,273.8,71.5,0.16,-0.12,중계
원태인,69446,2000-04-06,2023,삼성,23,26,0,0,26,7,7,0,0,150.0,61,53,633,156,26.0,1.0,15,34,2,6,102,2,6,3.18,4.14,1.27,133.2,101.5,3.47,0.67,선발
박영완,69507,2000-07-22,2023,롯데,23,1,0,0,0,0,0,0,0,1.0,0,0,3,0,0.0,0.0,0,1,0,0,1,0,0,0.0,4.44,1.0,,94.0,0.05,0.01,중계
박진,69594,1999-04-02,2023,롯데,24,4,0,0,0,0,0,0,0,5.0,5,5,29,7,2.0,0.0,1,7,0,0,2,1,1,9.0,9.44,2.8,46.2,43.2,-0.08,-0.07,중계
김기훈,69620,2000-01-03,2023,KIA,23,29,0,0,0,2,0,0,0,31.1,22,16,156,28,6.0,1.0,0,37,1,2,26,1,5,4.6,5.42,2.07,89.9,76.7,-0.18,-0.99,중계
장지수,69645,2000-05-25,2023,한화,23,1,0,0,0,0,0,0,0,2.0,5,4,11,4,0.0,0.0,0,2,0,0,0,0,1,18.0,6.44,3.0,23.1,64.5,-0.14,-0.01,중계
박윤철,69762,1996-03-23,2023,한화,27,3,0,0,0,0,0,0,0,3.1,8,8,20,5,2.0,0.0,2,5,0,0,1,0,1,21.6,15.14,3.0,19.2,27.5,-0.25,-0.0,중계
서상준,69803,2000-01-14,2023,SSG,23,2,0,0,0,0,0,0,0,2.0,3,0,13,1,0.0,0.0,0,5,0,0,3,0,1,0.0,7.94,3.0,,52.3,-0.06,-0.01,중계
백승건,69839,2000-10-29,2023,SSG,23,25,0,0,2,2,2,0,3,38.0,24,21,170,41,5.0,0.0,7,17,0,0,29,0,0,4.97,5.65,1.53,84.1,75.8,0.14,0.18,선발
송명기,69962,2000-08-09,2023,NC,23,35,0,0,17,4,9,0,0,104.1,64,57,474,106,15.0,2.0,12,47,0,11,65,0,6,4.92,5.36,1.47,84.7,78.5,0.3,-1.33,선발
전사민,69969,1999-07-06,2023,NC,24,9,0,0,0,0,2,1,0,17.0,10,9,81,17,1.0,0.0,1,14,1,2,6,0,1,4.76,6.15,1.82,87.4,68.2,0.14,-0.17,중계
배민서,69974,1999-11-18,2023,NC,24,6,0,0,0,0,0,0,0,6.2,8,5,34,10,5.0,2.0,0,2,0,1,4,0,1,6.75,3.59,1.8,61.7,115.9,-0.18,-0.13,중계
하준수,69991,2000-05-07,2023,NC,23,1,0,0,0,0,0,0,0,1.0,0,0,5,0,0.0,0.0,0,2,0,0,1,0,0,0.0,7.44,2.0,,56.5,0.04,0.0,중계
고효준,72523,1983-02-08,2023,SSG,40,73,0,0,0,4,1,0,13,58.0,32,29,262,49,3.0,0.0,3,42,0,3,66,0,4,4.5,4.17,1.57,93.0,101.1,0.43,0.08,중계
우규민,73117,1985-01-21,2023,삼성,38,56,0,0,0,3,1,0,13,43.0,25,23,188,55,9.0,0.0,3,5,0,3,28,0,0,4.81,3.61,1.4,88.0,116.2,0.34,-0.26,중계
노경은,73211,1984-03-11,2023,SSG,39,76,0,0,0,8,5,2,29,83.0,33,33,357,78,13.0,2.0,4,36,5,4,65,0,8,3.58,3.77,1.37,117.0,111.8,2.35,1.75,중계
송은범,73801,1984-03-17,2023,LG,39,4,0,0,0,0,0,0,0,3.2,1,1,17,6,0.0,0.0,0,3,0,0,2,0,0,2.45,4.81,2.46,166.3,86.2,0.1,-0.1,중계
장원준,74513,1985-07-31,2023,두산,38,11,0,0,10,3,5,0,0,41.0,27,24,183,53,8.0,2.0,4,11,0,2,24,0,2,5.27,4.49,1.56,77.3,89.4,-0.17,-0.64,선발
정우람,74857,1985-06-01,2023,한화,38,52,0,0,0,0,1,0,8,40.1,24,24,183,45,8.0,2.0,3,17,0,2,30,0,3,5.36,4.34,1.54,77.5,95.7,0.24,0.24,중계
오승환,75421,1982-07-15,2023,삼성,41,58,0,0,1,4,5,30,2,62.2,26,24,264,57,11.0,1.0,9,15,1,2,44,0,0,3.45,4.67,1.15,122.9,90.5,1.81,0.63,선발
김진성,75867,1985-03-07,2023,LG,38,80,0,0,0,5,1,4,21,70.1,17,17,270,41,5.0,1.0,8,26,0,0,69,0,0,2.18,4.07,0.95,187.6,99.4,2.96,1.81,중계
원종현,76118,1987-07-31,2023,키움,36,20,0,0,0,1,1,0,6,18.2,16,12,87,24,8.0,1.0,3,5,1,1,17,0,2,5.79,4.51,1.55,71.0,88.7,-0.64,-0.53,중계
김건국,76225,1988-02-02,2023,KIA,35,6,0,0,5,0,1,0,0,16.0,12,12,70,18,6.0,1.0,0,4,0,1,9,0,0,6.75,3.26,1.38,61.2,127.4,-0.07,-0.24,선발
김상수,76430,1988-01-02,2023,롯데,35,66,0,0,0,4,2,1,18,52.0,22,18,218,45,7.0,1.0,1,21,0,3,36,0,1,3.12,3.69,1.27,133.5,112.4,1.21,0.6,중계
진해수,76650,1986-06-26,2023,LG,37,19,0,0,0,0,0,0,2,14.2,8,5,72,18,3.0,0.0,2,10,0,0,12,0,3,3.07,5.62,1.91,133.0,72.0,0.13,-0.44,중계
이용찬,77211,1989-01-02,2023,NC,34,60,0,0,0,4,4,29,0,61.0,28,28,254,53,6.0,1.0,5,19,1,3,51,0,4,4.13,3.87,1.18,100.8,108.9,1.18,1.31,중계
김강률,77263,1988-08-28,2023,두산,35,32,0,0,0,1,0,1,7,25.2,14,12,115,23,3.0,0.0,2,12,0,2,21,0,2,4.21,4.46,1.36,96.8,90.7,0.23,0.15,중계
장시환,77318,1987-11-01,2023,한화,36,39,0,0,0,2,2,1,7,34.2,13,13,153,32,4.0,0.0,1,21,1,4,24,0,3,3.38,4.51,1.53,123.0,92.0,1.0,-0.81,중계
백정현,77446,1987-07-13,2023,삼성,36,18,0,0,18,7,5,0,0,100.2,44,41,419,100,19.0,2.0,6,30,2,0,61,1,5,3.67,3.84,1.29,115.5,108.9,2.22,0.6,선발
양현종,77637,1988-03-01,2023,KIA,35,29,0,0,29,9,11,0,0,171.0,78,67,729,180,32.0,1.0,13,48,1,1,133,0,5,3.53,3.72,1.33,117.2,110.4,2.8,-0.03,선발
김광현,77829,1988-07-22,2023,SSG,35,30,0,0,30,9,8,0,0,168.1,75,66,713,163,30.0,0.0,11,70,0,2,119,0,5,3.53,4.16,1.38,118.6,101.3,3.3,0.92,선발
장필준,77927,1988-04-08,2023,삼성,35,17,0,0,3,1,1,0,1,19.1,17,17,96,28,5.0,3.0,2,12,0,2,11,0,0,7.91,5.82,2.07,53.5,71.8,-0.3,-0.34,선발
정찬헌,78148,1990-01-26,2023,키움,33,14,1,0,14,2,8,0,0,72.0,40,38,295,71,12.0,3.0,4,13,1,2,35,0,0,4.75,3.78,1.17,86.5,108.1,0.67,-0.15,선발
임창민,78352,1985-08-25,2023,키움,38,51,0,0,0,2,2,26,1,46.2,16,13,209,51,6.0,0.0,3,17,3,2,40,0,0,2.51,3.59,1.46,163.8,113.1,1.89,0.55,중계
하준호,78517,1989-04-29,2023,KT,34,12,0,0,0,0,1,0,0,13.0,9,7,65,14,1.0,0.0,0,10,2,5,6,0,4,4.85,5.52,1.85,87.1,75.5,0.04,-0.15,중계
최동환,79140,1989-09-19,2023,LG,34,45,0,0,0,0,0,1,1,42.1,18,15,189,42,11.0,0.0,1,17,2,3,20,0,0,3.19,4.08,1.39,128.0,101.1,0.74,0.18,중계
장민재,79764,1990-03-19,2023,한화,33,25,0,0,13,3,8,0,1,69.0,46,37,308,79,13.0,2.0,12,22,2,5,61,0,5,4.83,5.02,1.46,86.0,82.7,-0.12,-0.54,선발
