연도,순위,팀명,경기,승,패,무,승률,게임차,최근10경기,연속,홈,방문,타자_타율,타자_타석,타자_타수,타자_득점,타자_안타,타자_2루타,타자_3루타,타자_홈런,타자_루타,타자_타점,타자_희생번트,타자_희생플라이,타자_볼넷,타자_고의4구,타자_사구,타자_삼진,타자_병살타,타자_장타율,타자_출루율,타자_출루율+장타율(OPS),타자_멀티히트,타자_득점권타율,타자_대타타율,투수_평균자책점,투수_승리,투수_패배,투수_세이브,투수_홀드,투수_승률,투수_이닝,투수_피안타,투수_피홈런,투수_볼넷,투수_사구,투수_삼진,투수_실점,투수_자책점,투수_이닝당 출루허용률,투수_완투,투수_완봉,투수_퀄리티스타트,투수_블론세이브,투수_타자수,투수_투구수,투수_피안타율,투수_피2루타,투수_피3루타,투수_희생번트,투수_희생플라이,투수_고의4구,투수_폭투,투수_보크,수비_실책,수비_견제사,수비_풋아웃,수비_어시스트,수비_병살,수비_수비율,수비_포일,수비_도루허용,수비_도루실패,수비_도루저지율,주루_도루시도,주루_도루성공,주루_도루실패,주루_도루성공률,주루_주루사,주루_견제사
2023,1,LG,144,86,56,2,0.606,0.0,5승0무5패,1승,45-1-25,41-1-31,0.279,5687,4881,767,1364,227,27,93,1924,714,94,55,583,16,73,804,89,0.394,0.361,0.755,144,0.298,0.217,3.67,86,56,37,92,0.606,1293 1/3,1266,74,491,76,977,610,527,1.36,0,9,50,18,5619,21814,0.256,215,17,64,42,15,47,5,128,8,3880,1341,131,0.976,10,115,30,20.7,267,166,101,62.2,78,15
2023,2,KT,144,79,62,3,0.56,6.5,6승0무4패,3승,41-2-30,38-1-32,0.265,5649,4973,672,1316,235,14,89,1846,621,57,47,524,13,48,1074,96,0.371,0.338,0.709,143,0.276,0.244,3.94,79,62,39,61,0.56,1287,1326,83,413,50,968,616,564,1.35,0,12,64,14,5542,20672,0.268,213,22,81,54,22,63,4,99,16,3861,1354,117,0.981,3,111,23,17.2,117,87,30,74.4,54,5
2023,3,SSG,144,76,65,3,0.539,9.5,8승0무2패,2승,39-2-32,37-1-33,0.26,5630,4923,658,1279,229,16,125,1915,611,77,45,507,21,78,943,89,0.389,0.336,0.725,142,0.254,0.206,4.37,76,65,46,71,0.539,1288 1/3,1354,104,612,67,974,698,626,1.53,1,7,57,21,5722,22881,0.275,216,14,59,52,20,61,3,119,15,3865,1503,163,0.978,11,127,56,30.6,124,96,28,77.4,43,10
2023,4,NC,144,75,67,2,0.528,11.0,5승0무5패,2패,41-1-29,34-1-38,0.27,5606,4895,679,1321,223,28,98,1894,642,63,55,493,10,100,1005,122,0.387,0.345,0.732,143,0.268,0.147,3.83,75,67,33,88,0.528,1281 1/3,1160,99,513,62,1090,617,545,1.31,0,14,53,17,5493,21941,0.241,179,24,63,42,6,58,3,130,7,3844,1339,126,0.976,7,96,42,30.4,157,111,46,70.7,53,8
2023,5,두산,144,74,68,2,0.521,12.0,4승0무6패,3패,37-1-35,37-1-33,0.255,5538,4859,620,1238,210,32,100,1812,565,57,41,505,25,76,975,90,0.373,0.332,0.705,144,0.242,0.214,3.92,74,68,41,70,0.521,1284 2/3,1245,90,501,82,1013,625,560,1.36,0,9,64,17,5582,22142,0.255,239,17,79,39,12,60,3,114,11,3854,1300,108,0.978,12,60,40,40.0,181,133,48,73.5,52,11
2023,6,KIA,144,73,69,2,0.514,13.0,7승0무3패,2승,38-2-31,35-0-38,0.276,5607,4954,726,1365,224,21,101,1934,673,63,44,500,15,46,957,115,0.39,0.345,0.735,144,0.3,0.285,4.13,73,69,33,66,0.514,1269,1244,89,564,59,980,650,583,1.42,1,8,46,10,5558,21710,0.258,220,25,67,45,20,55,4,102,10,3807,1356,137,0.981,12,98,35,26.3,156,122,34,78.2,41,6
2023,7,롯데,144,68,76,0,0.472,19.0,4승0무6패,1승,38-0-35,30-0-41,0.265,5576,4871,653,1289,231,19,69,1765,608,75,57,522,18,51,1000,110,0.362,0.338,0.7,144,0.288,0.263,4.15,68,76,35,82,0.472,1272 1/3,1328,80,532,82,1070,660,586,1.46,1,10,66,21,5653,22286,0.27,223,24,72,55,20,71,2,103,3,3817,1365,111,0.981,13,91,46,33.6,143,101,42,70.6,42,12
2023,8,삼성,144,61,82,1,0.427,25.5,4승0무6패,1패,32-0-39,29-1-43,0.263,5581,4912,636,1290,208,23,88,1808,603,77,43,487,15,62,954,114,0.368,0.334,0.702,143,0.267,0.199,4.6,61,82,38,69,0.427,1278 1/3,1414,120,464,52,899,728,654,1.47,1,5,63,17,5676,22135,0.28,238,22,66,51,19,51,7,103,9,3835,1403,111,0.981,6,86,32,27.1,138,103,35,74.6,56,10
2023,9,한화,144,58,80,6,0.42,26.0,3승0무7패,1패,32-1-40,26-5-40,0.241,5628,4906,604,1184,211,12,100,1719,568,59,40,535,21,88,1162,103,0.35,0.324,0.674,144,0.24,0.178,4.38,58,80,20,68,0.42,1291 2/3,1292,101,518,103,1037,708,628,1.4,0,8,40,24,5682,22355,0.261,241,34,60,48,23,73,7,109,7,3875,1359,106,0.98,10,94,48,33.8,89,67,22,75.3,35,7
2023,10,키움,144,58,83,3,0.411,27.5,5승0무5패,2패,33-2-36,25-1-47,0.261,5729,5062,607,1323,223,30,61,1789,576,51,58,484,21,74,1096,87,0.353,0.331,0.684,144,0.258,0.18,4.42,58,83,33,61,0.411,1288 1/3,1340,84,532,63,962,710,632,1.45,1,11,68,24,5704,21903,0.269,237,23,62,57,18,56,7,114,5,3865,1424,125,0.979,9,129,45,25.9,65,54,11,83.1,37,7
2022,1,SSG,144,88,52,4,0.629,0.0,4승0무6패,4패,49-0-23,39-4-29,0.254,5642,4893,720,1245,242,18,138,1937,682,77,47,530,22,95,1075,96,0.396,0.336,0.732,143,0.272,0.228,3.87,88,52,45,68,0.629,1301 1/3,1223,130,457,65,1023,622,560,1.29,1,10,78,23,5533,21355,0.248,174,17,53,33,18,75,2,109,9,3904,1455,138,0.98,4,107,31,22.5,137,98,39,71.5,42,4
2022,2,키움,144,80,62,2,0.563,9.0,5승0무5패,1승,39-1-32,41-1-30,0.252,5655,4953,621,1250,203,33,94,1801,578,49,34,527,26,92,1032,89,0.364,0.333,0.697,143,0.243,0.182,3.79,80,62,48,84,0.563,1296 1/3,1247,96,490,70,1010,610,546,1.34,2,19,71,18,5579,21568,0.254,259,15,66,42,18,51,1,118,3,3889,1549,134,0.979,7,85,42,33.1,83,63,20,75.9,42,8
2022,3,LG,144,87,55,2,0.613,2.0,4승0무6패,1승,38-1-33,49-1-22,0.269,5627,4927,715,1325,208,33,118,1953,674,49,46,501,18,103,924,109,0.396,0.346,0.742,144,0.274,0.236,3.33,87,55,43,107,0.613,1288,1179,94,451,59,1031,521,476,1.27,0,16,59,15,5432,20918,0.245,166,34,56,46,27,49,0,89,6,3864,1394,139,0.983,7,113,26,18.7,148,102,46,68.9,46,10
2022,4,KT,144,80,62,2,0.563,9.0,7승0무3패,1패,40-1-31,40-1-31,0.254,5547,4864,631,1237,192,19,119,1824,588,70,44,519,21,49,1183,105,0.375,0.33,0.705,144,0.239,0.232,3.51,80,62,37,65,0.563,1287 1/3,1243,92,364,63,1074,562,502,1.25,1,8,81,13,5405,20356,0.254,188,19,54,38,22,43,3,97,13,3862,1425,132,0.982,8,69,26,27.4,123,89,34,72.4,38,6
2022,5,KIA,144,70,73,1,0.49,19.5,7승0무3패,1패,31-0-41,39-1-32,0.272,5703,5000,720,1361,250,19,113,1988,677,61,36,542,21,63,983,111,0.398,0.349,0.747,144,0.273,0.219,4.2,70,73,38,74,0.49,1279 2/3,1286,120,526,67,1042,679,597,1.42,0,7,64,18,5636,21803,0.261,233,22,75,45,20,56,2,107,5,3839,1378,111,0.98,8,64,41,39.0,137,103,34,75.2,57,5
2022,6,NC,144,67,74,3,0.475,21.5,6승0무4패,1패,35-3-34,32-0-40,0.257,5585,4899,646,1260,230,15,105,1835,613,50,47,501,24,88,981,112,0.375,0.334,0.709,143,0.265,0.233,3.9,67,74,25,54,0.475,1286 2/3,1230,111,515,98,1168,642,557,1.36,0,11,58,15,5604,22069,0.252,218,18,60,42,10,80,5,127,4,3860,1360,115,0.976,9,60,42,41.2,139,100,39,71.9,56,7
2022,7,삼성,144,66,76,2,0.465,23.0,6승0무4패,2승,33-2-37,33-0-39,0.27,5647,5023,663,1358,241,19,103,1946,627,83,41,446,28,54,1029,119,0.387,0.334,0.721,144,0.281,0.273,4.29,66,76,34,71,0.465,1287,1370,129,478,66,971,695,613,1.44,1,6,63,21,5678,22174,0.272,251,15,62,34,22,47,3,118,9,3861,1448,125,0.978,6,51,35,40.7,118,91,27,77.1,50,6
2022,8,롯데,144,64,76,4,0.457,24.0,5승0무5패,1승,27-3-42,37-1-34,0.267,5534,4948,605,1320,227,16,106,1897,570,73,42,417,19,54,991,127,0.383,0.328,0.711,144,0.259,0.268,4.45,64,76,34,69,0.457,1280 2/3,1373,84,492,80,1199,712,633,1.46,0,13,58,13,5686,21932,0.274,257,22,64,37,21,72,1,114,3,3842,1403,124,0.979,11,99,39,28.3,100,61,39,61.0,54,6
2022,9,두산,144,60,82,2,0.423,29.0,4승0무6패,2패,29-1-42,31-1-40,0.255,5510,4891,638,1249,210,12,101,1786,592,53,45,450,16,71,1007,116,0.365,0.324,0.689,144,0.266,0.246,4.45,60,82,32,68,0.423,1279 1/3,1336,117,555,70,977,721,632,1.48,0,7,54,18,5700,22437,0.269,206,19,57,48,11,69,5,117,3,3838,1394,128,0.978,13,95,34,26.4,130,90,40,69.2,55,4
2022,10,한화,144,46,96,2,0.324,43.0,3승0무7패,1패,28-0-44,18-2-52,0.245,5513,4878,564,1196,217,19,88,1715,520,45,40,497,13,52,1264,92,0.352,0.319,0.671,144,0.237,0.211,4.83,46,96,25,81,0.324,1268 1/3,1314,112,602,83,974,759,680,1.51,1,9,37,25,5710,22412,0.268,268,22,63,57,39,65,4,134,7,3805,1406,111,0.975,8,121,51,29.7,142,93,49,65.5,49,6
2021,1,KT,144,76,59,9,0.563,0.0,3승1무6패,1승,41-7-24,35-2-35,0.265,5627,4810,719,1276,219,11,106,1835,673,69,44,645,27,58,1047,105,0.381,0.356,0.737,142,0.27,0.224,3.67,76,59,33,74,0.563,1264,1176,86,489,42,1062,584,515,1.32,2,6,76,16,5397,20893,0.246,184,13,46,48,18,56,1,112,7,3792,1466,133,0.979,7,93,31,25.0,158,112,46,70.9,50,6
2021,2,두산,144,71,65,8,0.522,5.5,5승2무3패,2승,35-6-31,36-2-34,0.268,5645,4900,738,1314,235,17,110,1913,698,46,53,560,13,86,943,137,0.39,0.35,0.74,143,0.29,0.259,4.26,71,65,28,61,0.522,1269 1/3,1295,104,587,73,1045,656,601,1.48,2,10,55,15,5631,22163,0.267,212,21,61,61,16,52,7,89,8,3808,1296,120,0.983,10,83,48,36.6,118,81,37,68.6,48,11
2021,3,삼성,144,76,59,9,0.563,0.0,6승1무3패,1승,42-4-26,34-5-33,0.267,5552,4836,712,1292,204,18,133,1931,669,48,68,545,21,55,902,98,0.399,0.344,0.743,144,0.265,0.213,4.3,76,59,46,80,0.563,1259,1297,131,530,51,1038,658,601,1.45,2,14,66,13,5536,21926,0.266,230,24,45,36,13,58,3,88,6,3777,1335,130,0.983,5,61,26,29.9,160,116,44,72.5,47,7
2021,4,LG,144,72,58,14,0.554,1.5,3승5무2패,1패,40-3-29,32-11-29,0.25,5533,4750,654,1188,210,11,110,1750,621,52,45,592,16,94,926,102,0.368,0.342,0.71,143,0.253,0.269,3.57,72,58,32,81,0.554,1272 1/3,1126,80,545,98,1068,561,505,1.31,0,18,50,14,5453,21456,0.238,197,18,45,43,18,43,5,91,4,3817,1481,147,0.983,12,98,40,29.0,126,92,34,73.0,43,15
2021,5,키움,144,70,67,7,0.511,7.0,6승1무3패,3승,42-4-26,28-3-41,0.259,5653,4874,722,1262,244,28,91,1835,671,35,56,595,17,93,1053,93,0.376,0.347,0.723,143,0.279,0.227,4.31,70,67,30,56,0.511,1263 1/3,1281,101,566,80,900,700,605,1.46,1,7,57,16,5599,21670,0.264,223,7,55,48,27,59,4,129,14,3790,1532,152,0.976,5,85,35,29.2,123,97,26,78.9,39,3
2021,6,SSG,144,66,64,14,0.508,7.5,4승2무4패,1패,37-8-27,29-6-37,0.261,5736,4899,755,1278,204,13,185,2063,712,55,52,637,23,93,1056,106,0.421,0.353,0.774,143,0.261,0.259,4.82,66,64,25,56,0.508,1276 2/3,1296,149,629,78,1012,741,684,1.51,0,5,42,24,5706,22459,0.265,214,14,54,50,27,41,9,102,14,3830,1409,123,0.981,12,105,46,30.5,143,100,43,69.9,42,3
2021,7,NC,144,67,68,9,0.496,9.0,4승1무5패,1패,36-2-34,31-7-34,0.261,5532,4808,702,1254,203,17,170,2001,670,59,43,511,14,111,1093,94,0.416,0.343,0.759,143,0.26,0.224,4.54,67,68,33,80,0.496,1256 2/3,1268,125,592,77,1055,697,634,1.48,3,10,53,18,5622,22346,0.26,231,15,34,41,14,75,8,111,4,3770,1292,105,0.979,5,84,40,32.3,147,101,46,68.7,39,9
2021,8,롯데,144,65,71,8,0.478,11.5,4승2무4패,1승,31-5-36,34-3-35,0.278,5726,5009,727,1393,266,10,107,2000,697,38,46,579,19,54,969,114,0.399,0.356,0.755,144,0.286,0.253,5.37,65,71,37,76,0.478,1271,1333,133,659,87,1054,808,758,1.57,1,12,46,15,5759,22835,0.271,253,16,53,40,19,102,5,85,9,3813,1403,123,0.984,8,101,44,30.3,91,60,31,65.9,54,8
2021,9,KIA,144,58,76,10,0.433,17.5,5승0무5패,2패,31-4-37,27-6-39,0.248,5577,4831,568,1198,183,21,66,1621,546,41,37,595,16,73,921,119,0.336,0.337,0.673,143,0.263,0.203,4.89,58,76,36,94,0.433,1269,1286,134,622,104,951,752,690,1.5,1,6,39,16,5701,22375,0.265,214,16,58,63,5,59,9,110,9,3807,1368,139,0.979,10,92,43,31.9,104,73,31,70.2,46,8
2021,10,한화,144,49,83,12,0.371,25.5,2승2무6패,6패,25-7-40,24-5-43,0.237,5495,4685,599,1111,213,17,80,1598,554,54,49,633,14,74,1286,110,0.341,0.334,0.675,143,0.248,0.195,4.65,49,83,21,62,0.371,1258 2/3,1208,115,673,101,1011,739,650,1.49,1,6,41,19,5672,22852,0.252,223,19,46,63,23,56,11,120,7,3776,1262,121,0.977,7,111,41,27.0,165,109,56,66.1,59,14
2020,1,NC,144,83,55,6,0.601,0.0,4승2무4패,1패,45-3-24,38-3-31,0.291,5833,5102,888,1483,258,28,187,2358,845,46,51,529,21,104,997,106,0.462,0.366,0.828,144,0.33,0.286,4.58,83,55,31,88,0.601,1296 2/3,1292,153,547,79,1049,714,660,1.42,0,7,59,19,5690,22362,0.26,199,15,53,35,10,65,7,87,9,3890,1294,120,0.983,10,49,42,46.2,139,101,38,72.7,49,7
2020,2,두산,144,79,61,4,0.564,5.0,6승0무4패,4승,41-2-29,38-2-32,0.293,5776,5046,816,1477,263,20,125,2155,778,38,73,551,20,68,796,132,0.427,0.365,0.792,142,0.291,0.246,4.31,79,61,23,45,0.564,1285 2/3,1395,109,478,61,1046,695,616,1.46,1,13,63,15,5681,22408,0.276,258,25,48,41,22,52,4,85,10,3857,1282,126,0.984,6,91,25,21.6,125,88,37,70.4,63,4
2020,3,KT,144,81,62,1,0.566,4.5,7승0무3패,1패,44-0-28,37-1-34,0.284,5762,5047,813,1432,238,21,163,2201,767,64,45,554,20,52,1097,104,0.436,0.358,0.794,144,0.289,0.192,4.54,81,62,33,71,0.566,1290 1/3,1357,118,523,59,848,715,651,1.46,0,5,56,23,5680,21496,0.271,227,9,45,48,20,75,1,102,4,3871,1486,154,0.981,10,75,21,21.9,156,106,50,67.9,49,6
2020,4,LG,144,79,61,4,0.564,5.0,5승1무4패,2패,39-3-30,40-1-31,0.277,5681,4999,802,1384,253,29,149,2142,760,49,49,509,21,75,969,115,0.428,0.349,0.777,144,0.31,0.223,4.37,79,61,29,67,0.564,1292 2/3,1344,123,493,86,1019,694,627,1.42,2,13,70,19,5655,21725,0.27,240,17,38,56,12,49,4,80,6,3878,1460,156,0.985,9,89,36,28.8,122,83,39,68.0,64,5
2020,5,키움,144,80,63,1,0.559,5.5,6승0무4패,1패,41-1-30,39-0-33,0.269,5721,4945,759,1332,254,25,127,2017,713,43,52,608,16,73,1030,107,0.408,0.355,0.763,144,0.281,0.211,4.39,80,63,42,81,0.559,1280 1/3,1336,126,446,73,950,692,624,1.39,0,6,53,18,5556,21349,0.27,208,15,50,39,16,51,7,112,15,3841,1544,143,0.98,8,87,39,31.0,140,113,27,80.7,40,11
2020,6,KIA,144,73,71,0,0.507,13.0,4승0무6패,1승,37-0-35,36-0-36,0.274,5642,4937,724,1355,224,13,130,1995,692,63,38,535,10,69,957,114,0.404,0.351,0.755,144,0.284,0.258,5.13,73,71,33,79,0.507,1270,1399,120,559,70,1038,795,724,1.54,1,5,57,18,5681,22134,0.284,265,34,59,59,8,78,4,100,7,3810,1480,169,0.981,10,82,46,35.9,72,47,25,65.3,47,6
2020,7,롯데,144,71,72,1,0.497,14.5,3승0무7패,1승,41-0-31,30-1-41,0.276,5669,4958,750,1366,252,6,131,2023,711,39,48,569,18,55,875,148,0.408,0.353,0.761,144,0.283,0.216,4.64,71,72,25,59,0.497,1277 1/3,1351,143,447,58,1002,720,659,1.41,1,16,59,18,5583,21520,0.271,241,17,51,40,25,62,4,94,3,3832,1444,124,0.982,7,95,28,22.8,121,90,31,74.4,52,3
2020,8,삼성,144,64,75,5,0.46,19.5,6승2무2패,1승,33-2-37,31-3-38,0.268,5574,4923,699,1317,211,12,129,1939,658,50,53,486,10,62,990,117,0.394,0.338,0.732,144,0.272,0.26,4.78,64,75,25,80,0.46,1272 1/3,1330,151,542,67,931,745,676,1.47,3,11,53,19,5634,22269,0.27,222,16,50,47,16,55,5,102,9,3817,1310,126,0.98,6,57,38,40.0,181,132,49,72.9,42,14
2020,9,SK,144,51,92,1,0.357,34.5,5승0무5패,1승,28-0-44,23-1-48,0.25,5502,4839,634,1212,177,17,143,1852,595,49,34,511,18,69,981,112,0.383,0.329,0.712,144,0.254,0.203,5.57,51,92,20,53,0.357,1259 1/3,1343,162,670,84,953,846,780,1.6,1,3,47,19,5727,22729,0.275,225,17,41,46,12,85,5,99,6,3778,1326,139,0.981,6,129,57,30.6,126,81,45,64.3,44,16
2020,10,한화,144,46,95,3,0.326,38.5,3승1무6패,1승,25-2-45,21-1-50,0.245,5483,4862,551,1189,195,12,79,1645,523,45,25,462,9,89,1163,119,0.338,0.32,0.658,144,0.245,0.22,5.28,46,95,21,54,0.326,1265,1400,158,609,79,1019,820,742,1.59,1,6,40,15,5756,22882,0.282,240,18,51,57,22,76,5,100,7,3795,1279,133,0.981,10,120,45,27.3,87,51,36,58.6,43,4
2019,1,두산,144,88,55,1,0.615,0.0,8승1무1패,5승,47-0-25,41-1-30,0.278,5670,4913,736,1364,235,31,84,1913,691,39,83,563,16,72,799,117,0.389,0.355,0.744,144,0.277,0.202,3.51,88,55,44,69,0.615,1283 2/3,1259,78,380,70,860,550,500,1.28,3,10,81,16,5434,20630,0.257,231,22,41,53,22,48,5,83,8,3851,1430,131,0.985,6,96,32,25.0,140,102,38,72.9,59,7
2019,2,키움,144,86,57,1,0.601,2.0,6승0무4패,2승,45-1-26,41-0-31,0.282,5658,4991,780,1405,251,38,112,2068,741,36,48,514,13,69,943,122,0.414,0.354,0.768,144,0.3,0.276,3.61,86,57,39,91,0.601,1279,1293,61,371,58,984,572,513,1.3,2,12,76,11,5427,20160,0.263,244,24,42,39,3,45,6,99,13,3837,1509,128,0.982,6,92,46,33.3,143,110,33,76.9,37,6
2019,3,SK,144,88,55,1,0.615,0.0,4승0무6패,2승,44-1-27,44-0-28,0.262,5542,4919,655,1290,218,14,117,1887,622,35,38,462,20,87,966,92,0.384,0.334,0.718,144,0.278,0.252,3.48,88,55,51,92,0.615,1292 1/3,1240,99,436,50,1092,546,500,1.3,0,19,78,8,5463,20930,0.254,176,14,48,44,12,50,4,87,9,3877,1416,131,0.984,3,105,31,22.8,168,118,50,70.2,51,12
2019,4,LG,144,79,64,1,0.552,9.0,4승0무6패,1승,41-1-30,38-0-34,0.267,5536,4928,641,1316,233,15,94,1861,604,49,48,434,17,77,962,117,0.378,0.333,0.711,144,0.265,0.222,3.86,79,64,43,62,0.552,1283 1/3,1257,89,499,91,953,633,551,1.37,1,9,73,13,5555,20969,0.258,223,23,40,48,15,64,1,95,6,3850,1507,139,0.983,7,115,41,26.3,155,108,47,69.7,38,6
2019,5,NC,144,73,69,2,0.514,14.5,4승1무5패,2패,40-2-30,33-0-39,0.278,5631,4968,674,1383,249,26,128,2068,639,64,60,456,14,83,880,126,0.416,0.345,0.761,144,0.266,0.179,4.01,73,69,32,68,0.514,1284 1/3,1285,103,483,92,991,631,572,1.38,5,8,60,17,5578,21407,0.262,199,19,41,54,10,68,2,95,6,3853,1477,130,0.982,4,64,49,43.4,132,87,45,65.9,53,7
2019,6,KT,144,71,71,2,0.5,16.5,7승0무3패,2승,41-1-30,30-1-41,0.277,5582,4965,650,1375,187,20,103,1911,615,45,45,475,15,52,975,113,0.385,0.344,0.729,144,0.27,0.218,4.29,71,71,37,59,0.5,1277,1303,118,481,61,848,661,608,1.4,2,10,62,9,5533,20662,0.266,225,25,47,42,17,50,6,102,7,3831,1479,137,0.981,15,90,43,32.3,148,104,44,70.3,58,8
2019,7,KIA,144,62,80,2,0.437,25.5,5승0무5패,3승,39-0-33,23-2-47,0.264,5505,4874,605,1286,248,19,76,1800,567,31,45,497,13,58,919,108,0.369,0.336,0.705,144,0.256,0.19,4.65,62,80,30,64,0.437,1264,1362,101,504,76,976,723,653,1.48,3,11,59,13,5614,21353,0.276,257,24,35,61,17,51,2,110,5,3792,1381,126,0.979,9,116,50,30.1,129,87,42,67.4,61,7
2019,8,삼성,144,60,83,1,0.42,28.0,4승0무6패,1패,36-0-36,24-1-47,0.256,5533,4866,622,1245,230,26,122,1893,598,58,53,478,15,78,976,107,0.389,0.329,0.718,143,0.254,0.204,4.64,60,83,29,60,0.42,1275 1/3,1332,125,523,70,924,731,658,1.45,4,8,54,15,5638,21721,0.269,253,37,40,56,9,49,5,105,4,3826,1370,132,0.98,9,90,38,29.7,149,107,42,71.8,45,7
2019,9,한화,144,58,86,0,0.403,30.5,6승0무4패,3패,31-0-41,27-0-45,0.256,5482,4882,607,1250,223,16,88,1769,562,44,45,441,12,70,1090,112,0.362,0.324,0.686,143,0.255,0.187,4.8,58,86,28,43,0.403,1268 2/3,1407,120,526,72,934,737,677,1.52,2,8,48,17,5656,21848,0.283,238,19,44,44,9,66,4,106,8,3806,1488,151,0.98,10,104,49,32.0,156,105,51,67.3,51,6
2019,10,롯데,144,48,93,3,0.34,39.0,1승0무9패,8패,29-1-42,19-2-51,0.25,5488,4919,578,1231,214,22,90,1759,545,35,40,429,12,65,1085,108,0.358,0.316,0.674,144,0.25,0.193,4.83,48,93,16,47,0.34,1271,1407,120,546,71,1033,764,682,1.54,1,8,47,17,5729,21946,0.282,242,20,58,64,33,103,4,114,8,3813,1432,131,0.979,11,91,44,32.6,96,65,31,67.7,49,8
2018,1,SK,144,78,65,1,0.545,14.5,3승0무7패,2패,42-0-30,36-1-35,0.281,5682,4992,829,1403,234,13,233,2362,791,54,34,483,6,119,1079,103,0.473,0.356,0.829,144,0.288,0.241,4.67,78,65,29,63,0.545,1274 2/3,1353,189,425,74,1130,729,662,1.39,0,7,60,21,5563,21347,0.271,232,17,39,24,15,62,2,116,6,3824,1434,133,0.978,6,95,39,29.1,147,108,39,73.5,51,10
2018,2,두산,144,93,51,0,0.646,0.0,6승0무4패,1승,51-0-21,42-0-30,0.309,5870,5176,944,1601,284,30,191,2518,898,43,63,496,16,92,1016,112,0.486,0.376,0.862,144,0.317,0.263,4.98,93,51,41,56,0.646,1288 2/3,1401,154,476,109,1025,756,713,1.46,1,9,73,17,5700,21946,0.279,266,16,42,43,17,72,2,77,2,3866,1403,147,0.986,8,68,43,38.7,119,96,23,80.7,54,7
2018,3,한화,144,77,67,0,0.535,16.0,5승0무5패,1승,43-0-29,34-0-38,0.275,5539,4972,729,1369,249,14,151,2099,668,31,28,420,17,88,1098,113,0.422,0.341,0.763,144,0.283,0.231,4.93,77,67,37,62,0.535,1274,1394,164,472,89,1124,761,698,1.46,0,5,45,13,5637,22342,0.279,246,13,29,46,9,78,7,99,10,3822,1397,141,0.981,11,83,41,33.1,182,118,64,64.8,58,10
2018,4,넥센,144,75,69,0,0.521,18.0,5승0무5패,1패,37-0-35,38-0-34,0.288,5780,5141,825,1481,288,19,165,2302,787,32,50,472,25,85,1208,93,0.448,0.355,0.803,144,0.296,0.265,5.08,75,69,32,72,0.521,1282,1442,178,416,98,1021,780,723,1.45,4,2,63,23,5646,21381,0.285,252,18,41,33,13,59,4,106,16,3846,1506,147,0.981,7,70,39,35.8,134,101,33,75.4,45,6
2018,5,KIA,144,70,74,0,0.486,23.0,4승0무6패,1패,43-0-29,27-0-45,0.295,5744,5036,865,1487,258,22,170,2299,823,56,50,503,27,99,905,135,0.457,0.367,0.824,144,0.302,0.207,5.4,70,74,26,43,0.486,1270 2/3,1511,181,445,69,1017,826,763,1.54,4,5,50,20,5708,21852,0.297,271,17,47,51,28,65,3,94,8,3812,1371,127,0.982,11,95,40,29.6,125,88,37,70.4,53,6
2018,6,삼성,144,68,72,4,0.486,23.0,6승1무3패,2승,33-3-36,35-1-36,0.288,5766,5109,776,1471,241,29,146,2208,732,57,45,468,14,87,1034,115,0.432,0.355,0.787,144,0.282,0.237,5.19,68,72,33,56,0.486,1285 1/3,1477,185,441,107,1114,802,741,1.49,0,5,58,17,5740,22530,0.289,291,18,40,43,10,45,5,79,5,3856,1337,133,0.985,7,100,38,27.5,168,116,52,69.0,46,4
2018,7,롯데,144,68,74,2,0.479,24.0,6승0무4패,1패,34-0-38,34-2-36,0.289,5764,5130,821,1484,289,17,203,2416,792,45,37,471,22,81,1157,124,0.471,0.356,0.827,144,0.29,0.25,5.37,68,74,29,64,0.479,1283 2/3,1410,166,548,73,1164,846,766,1.53,0,6,43,22,5788,22871,0.279,295,26,63,43,23,65,7,117,5,3851,1426,132,0.978,14,101,41,28.9,100,68,32,68.0,46,10
2018,8,LG,144,68,75,1,0.476,24.5,4승0무6패,2승,39-1-32,29-0-43,0.293,5665,5070,788,1487,299,12,148,2254,740,51,51,418,14,75,1001,125,0.445,0.353,0.798,144,0.307,0.245,5.29,68,75,29,43,0.476,1268 2/3,1434,159,453,89,1058,816,746,1.49,3,7,64,17,5677,21711,0.285,266,19,45,50,13,72,4,100,7,3806,1404,121,0.981,10,100,41,29.1,109,71,38,65.1,48,7
2018,9,KT,144,59,82,3,0.418,32.5,5승0무5패,1승,31-2-39,28-1-43,0.275,5605,5026,757,1382,264,13,206,2290,721,43,26,464,14,46,1109,103,0.456,0.34,0.796,144,0.273,0.262,5.34,59,82,24,45,0.418,1274 1/3,1580,194,409,84,1025,834,756,1.56,4,5,59,18,5743,21948,0.307,272,23,56,43,25,63,1,99,9,3823,1502,161,0.982,21,99,42,29.8,137,80,57,58.4,63,7
2018,10,NC,144,58,85,1,0.406,34.5,2승0무8패,3패,33-0-39,25-1-46,0.261,5488,4895,660,1280,233,18,143,1978,629,35,43,427,15,88,1081,115,0.404,0.329,0.733,143,0.268,0.284,5.48,58,85,24,51,0.406,1264,1443,186,537,68,1010,844,769,1.57,1,4,45,20,5701,22506,0.289,248,20,45,51,17,92,6,107,7,3792,1401,141,0.98,19,86,46,34.8,117,82,35,70.1,48,8
2017,1,KIA,144,87,56,1,0.608,0.0,6승0무4패,2승,45-0-27,42-1-29,0.302,5841,5142,906,1554,292,29,170,2414,868,55,56,499,19,89,891,117,0.469,0.37,0.839,144,0.324,0.254,4.79,87,56,33,46,0.608,1290,1518,137,434,77,985,743,687,1.51,5,5,75,18,5748,22223,0.295,255,21,52,46,22,69,4,98,4,3870,1498,153,0.982,12,69,45,39.5,110,76,34,69.1,46,8
2017,2,두산,144,84,57,3,0.596,2.0,8승0무2패,1패,39-3-30,45-0-27,0.294,5833,5102,849,1499,270,20,178,2343,812,48,47,541,19,95,960,120,0.459,0.369,0.828,144,0.296,0.2,4.38,84,57,35,46,0.596,1288,1405,125,464,87,956,678,627,1.45,3,9,69,13,5682,22169,0.28,234,31,77,39,11,54,4,90,9,3864,1468,138,0.983,5,64,36,36.0,102,69,33,67.6,36,8
2017,3,롯데,144,80,62,2,0.563,6.5,8승0무2패,5승,45-2-25,35-0-37,0.285,5671,4994,743,1425,250,17,151,2162,697,76,32,457,33,112,1018,146,0.433,0.356,0.789,144,0.28,0.229,4.56,80,62,39,59,0.563,1287 1/3,1357,162,477,79,1096,701,652,1.42,1,10,61,21,5634,21978,0.273,245,20,51,50,25,67,7,86,10,3862,1514,132,0.984,14,87,45,34.1,136,92,44,67.6,52,10
2017,4,NC,144,79,62,3,0.56,7.0,5승1무4패,4승,44-1-27,35-2-35,0.293,5790,5079,786,1489,277,19,149,2251,739,62,48,471,19,130,979,119,0.443,0.365,0.808,144,0.292,0.249,4.71,79,62,32,51,0.56,1284 2/3,1342,169,470,93,1097,745,673,1.41,1,10,48,11,5640,22176,0.269,208,9,63,29,12,93,3,108,4,3854,1432,134,0.98,4,64,42,39.6,125,93,32,74.4,59,7
2017,5,SK,144,75,68,1,0.524,12.0,7승0무3패,2승,42-0-30,33-1-38,0.271,5564,4925,761,1337,222,15,234,2291,733,57,41,427,20,113,1100,97,0.465,0.341,0.806,144,0.273,0.237,5.02,75,68,30,64,0.524,1270 2/3,1443,154,481,105,940,767,709,1.51,2,4,57,24,5692,21752,0.288,271,17,58,36,35,61,7,108,15,3812,1552,139,0.98,8,80,39,32.8,95,53,42,55.8,33,7
2017,6,LG,144,69,72,3,0.489,17.0,4승0무6패,2패,38-0-34,31-3-38,0.281,5614,4944,699,1390,216,20,110,1976,663,76,55,438,17,101,1021,123,0.4,0.348,0.748,144,0.295,0.217,4.3,69,72,32,66,0.489,1279,1305,124,379,102,1040,677,611,1.32,4,6,62,18,5507,21107,0.266,249,29,57,54,31,81,3,103,12,3837,1434,127,0.981,9,62,37,37.4,133,77,56,57.9,50,9
2017,7,넥센,144,69,73,2,0.486,17.5,3승0무7패,4패,39-2-31,30-0-42,0.29,5712,5098,789,1479,267,30,141,2229,748,21,42,468,15,83,1066,129,0.437,0.357,0.794,144,0.29,0.23,5.03,69,73,40,66,0.486,1271,1488,149,388,97,1005,764,710,1.48,2,5,60,18,5663,21258,0.292,280,21,47,40,10,56,3,91,7,3813,1424,125,0.983,8,73,43,37.1,104,70,34,67.3,55,2
2017,8,한화,144,61,81,2,0.43,25.5,3승1무6패,5패,30-1-41,31-1-40,0.287,5665,5030,737,1445,261,16,150,2188,684,85,38,416,15,94,974,112,0.435,0.35,0.785,144,0.29,0.281,5.28,61,81,31,49,0.43,1273,1474,166,446,100,914,820,747,1.51,1,5,54,21,5698,22066,0.293,278,16,71,57,13,77,4,91,4,3819,1500,151,0.983,11,78,42,35.0,108,64,44,59.3,58,12
2017,9,삼성,144,55,84,5,0.396,30.0,4승0무6패,2승,28-2-42,27-3-42,0.279,5707,5095,757,1419,255,36,145,2181,703,58,55,429,17,70,983,97,0.428,0.34,0.768,144,0.285,0.22,5.88,55,84,27,34,0.396,1281 1/3,1541,187,548,118,1063,911,837,1.63,1,3,43,12,5916,23196,0.3,281,28,56,59,15,74,4,95,6,3844,1454,152,0.982,14,64,35,35.4,135,98,37,72.6,53,6
2017,10,KT,144,50,94,0,0.347,37.5,3승0무7패,2패,27-0-45,23-0-49,0.275,5485,4937,655,1360,274,17,119,2025,625,62,45,374,11,66,1017,118,0.41,0.332,0.742,144,0.29,0.239,5.75,50,94,22,41,0.347,1256,1524,174,433,95,913,876,803,1.56,4,7,49,18,5702,21518,0.301,283,27,68,49,11,77,6,112,6,3768,1460,134,0.979,10,109,43,28.3,137,86,51,62.8,54,8
2016,1,두산,144,93,50,1,0.65,0.0,6승0무4패,2승,46-1-25,47-0-25,0.298,5841,5044,935,1504,284,25,183,2387,877,43,68,600,11,86,884,121,0.473,0.378,0.851,144,0.305,0.261,4.45,93,50,36,55,0.65,1287 2/3,1385,136,498,77,982,682,636,1.46,2,7,75,15,5658,22155,0.279,246,30,59,51,7,66,4,79,8,3863,1522,160,0.986,4,82,44,34.9,130,85,45,65.4,64,4
2016,2,NC,144,83,58,3,0.589,9.0,6승0무4패,2패,39-2-31,44-1-27,0.291,5833,5007,857,1457,249,19,169,2251,808,70,52,609,18,93,1023,133,0.45,0.375,0.825,143,0.302,0.239,4.48,83,58,36,62,0.589,1286 1/3,1314,137,516,86,1147,690,640,1.42,0,10,42,13,5643,22029,0.266,208,18,53,40,2,84,7,100,4,3859,1430,136,0.981,3,70,43,38.1,140,99,41,70.7,48,3
2016,3,넥센,144,77,66,1,0.538,16.0,3승0무7패,3패,44-0-28,33-1-38,0.293,5702,4990,813,1464,254,39,134,2198,765,34,59,556,17,63,956,121,0.44,0.368,0.808,144,0.306,0.244,4.96,77,66,38,74,0.538,1280 1/3,1487,152,435,68,895,757,705,1.5,0,4,45,17,5684,21627,0.294,249,27,66,59,3,50,3,94,8,3841,1460,121,0.983,11,98,60,38.0,237,154,83,65.0,56,11
2016,4,LG,144,71,71,2,0.5,21.5,4승1무5패,1패,40-2-30,31-0-41,0.29,5765,5051,786,1464,238,26,118,2108,744,65,54,523,10,72,982,92,0.417,0.361,0.778,143,0.286,0.236,5.04,71,71,34,75,0.5,1287 2/3,1426,122,539,109,909,807,721,1.53,2,5,53,16,5782,22100,0.284,243,23,64,56,27,84,1,103,12,3863,1580,139,0.981,9,80,49,38.0,191,121,70,63.4,70,13
2016,5,KIA,144,70,73,1,0.49,23.0,5승0무5패,2패,38-0-34,32-1-39,0.286,5696,4999,803,1429,264,28,170,2259,754,66,45,499,12,87,997,109,0.452,0.358,0.81,144,0.288,0.286,4.97,70,73,38,74,0.49,1276,1456,131,561,59,965,785,705,1.58,7,5,58,21,5771,22527,0.29,230,23,75,54,18,69,7,111,10,3828,1441,139,0.979,4,136,49,26.5,151,101,50,66.9,52,12
2016,6,SK,144,69,75,0,0.479,24.5,4승0무6패,1승,35-0-37,34-0-38,0.291,5672,5023,753,1464,234,19,182,2282,715,71,47,429,13,102,1018,104,0.454,0.356,0.81,142,0.276,0.299,4.87,69,75,31,43,0.479,1274,1386,151,527,76,945,784,689,1.5,1,5,60,12,5659,21558,0.28,232,22,61,48,18,65,7,123,7,3822,1691,149,0.978,4,106,64,37.6,149,89,60,59.7,71,8
2016,7,한화,144,66,75,3,0.468,26.0,6승0무4패,3승,36-2-34,30-1-41,0.289,5838,5109,826,1478,242,27,142,2200,787,87,41,510,19,91,1025,123,0.431,0.362,0.793,144,0.301,0.28,5.76,66,75,24,39,0.468,1292 2/3,1520,155,634,76,976,908,827,1.67,1,2,25,13,5937,23157,0.299,230,15,81,59,23,72,6,124,7,3878,1497,152,0.977,8,124,66,34.7,102,64,38,62.7,58,10
2016,8,롯데,144,66,78,0,0.458,27.5,5승0무5패,2승,40-0-32,26-0-46,0.288,5784,5001,777,1439,252,20,127,2112,732,62,41,596,18,83,1061,120,0.422,0.37,0.792,144,0.285,0.251,5.63,66,78,27,59,0.458,1266 1/3,1486,161,585,78,1009,865,792,1.64,2,5,50,18,5785,22761,0.297,276,32,60,52,27,82,5,91,14,3799,1545,142,0.983,14,90,59,39.6,209,145,64,69.4,55,10
2016,9,삼성,144,65,78,1,0.455,28.0,5승0무5패,1패,34-0-38,31-1-40,0.293,5863,5093,852,1492,249,34,142,2235,792,88,55,552,15,75,864,119,0.439,0.367,0.806,144,0.298,0.221,5.64,65,78,34,60,0.455,1282 1/3,1507,193,518,87,935,869,804,1.58,2,4,49,18,5799,22623,0.296,251,20,59,43,6,52,8,90,12,3847,1410,140,0.983,8,115,58,33.5,154,104,50,67.5,51,5
2016,10,KT,144,53,89,2,0.373,39.5,4승0무6패,2승,28-0-44,25-2-45,0.276,5620,4963,672,1369,214,11,116,1953,639,65,45,499,7,48,933,130,0.394,0.345,0.739,144,0.278,0.22,5.92,53,89,27,48,0.373,1273,1593,145,560,84,980,927,838,1.69,1,2,38,15,5896,23328,0.31,315,38,73,45,9,77,9,130,5,3819,1550,151,0.976,11,115,55,32.4,142,96,46,67.6,58,11
2015,1,두산,144,79,65,0,0.549,9.0,6승0무4패,2승,41-0-31,38-0-34,0.29,5759,4957,807,1436,254,22,140,2154,770,75,60,567,24,99,820,139,0.435,0.37,0.805,143,0.287,0.262,5.02,79,65,30,57,0.549,1286,1385,138,584,77,1064,776,718,1.53,3,10,58,18,5762,22557,0.28,248,22,104,45,15,72,11,93,7,3858,1498,134,0.983,6,109,48,30.6,158,111,47,70.3,56,6
2015,2,삼성,144,88,56,0,0.611,0.0,6승0무4패,3승,46-0-26,42-0-30,0.302,5803,5019,897,1515,259,25,176,2352,850,76,57,581,21,70,930,109,0.469,0.378,0.847,143,0.311,0.239,4.69,88,56,34,60,0.611,1275 1/3,1323,182,423,64,1194,716,665,1.37,4,7,75,10,5523,21832,0.268,270,17,67,37,11,44,2,96,9,3826,1304,104,0.982,8,80,49,38.0,209,157,52,75.1,60,6
2015,3,NC,144,84,57,3,0.596,2.5,6승1무3패,1패,40-2-30,44-1-27,0.289,5727,4967,844,1437,283,28,161,2259,802,64,53,536,25,106,1023,105,0.455,0.367,0.822,144,0.293,0.28,4.26,84,57,37,55,0.596,1279 1/3,1283,149,436,113,1057,655,605,1.34,1,11,55,11,5536,21650,0.264,221,17,79,50,13,60,3,83,3,3838,1460,133,0.985,5,85,37,30.3,264,204,60,77.3,50,14
2015,4,넥센,144,78,65,1,0.545,9.5,4승0무6패,1패,40-0-32,38-1-33,0.298,5811,5069,904,1512,304,20,203,2465,855,61,55,544,18,82,1098,112,0.486,0.372,0.858,141,0.298,0.27,4.91,78,65,29,44,0.545,1286,1404,146,518,81,1066,790,701,1.49,1,7,49,11,5709,22181,0.281,236,28,70,45,8,85,4,110,24,3858,1540,138,0.98,10,111,52,31.9,147,100,47,68.0,72,16
2015,5,SK,144,69,73,2,0.486,18.0,6승0무4패,1승,37-1-34,32-1-39,0.272,5588,4861,693,1323,214,10,145,1992,656,110,29,490,13,98,1047,113,0.41,0.349,0.759,144,0.28,0.227,4.71,69,73,31,60,0.486,1280 2/3,1358,153,517,70,1149,724,670,1.46,3,7,57,12,5646,22190,0.275,270,11,77,38,31,71,4,95,7,3842,1471,130,0.982,6,108,51,32.1,153,94,59,61.4,59,14
2015,6,한화,144,68,76,0,0.472,20.0,6승0무4패,1패,38-0-34,30-0-42,0.271,5716,4852,717,1316,218,19,130,1962,667,139,35,581,33,109,1135,112,0.404,0.36,0.764,144,0.269,0.207,5.11,68,76,32,44,0.472,1279 2/3,1349,157,648,96,920,800,727,1.56,5,7,37,14,5771,22825,0.275,232,12,82,45,38,85,9,105,9,3839,1582,145,0.981,14,165,63,27.6,127,80,47,63.0,57,14
2015,7,KIA,144,67,77,0,0.465,21.0,4승0무6패,4패,36-0-36,31-0-41,0.251,5454,4777,648,1197,223,22,136,1872,602,79,43,454,16,101,1126,105,0.392,0.326,0.718,144,0.248,0.198,4.79,67,77,32,65,0.465,1273,1371,143,572,98,979,739,678,1.53,1,10,44,17,5673,22126,0.283,252,31,101,49,22,80,4,84,14,3819,1537,148,0.985,6,140,56,28.6,165,115,50,69.7,60,13
2015,8,롯데,144,66,77,1,0.462,21.5,2승0무8패,1승,37-0-35,29-1-42,0.28,5680,4972,765,1393,254,19,177,2216,727,80,28,532,22,68,1186,136,0.446,0.356,0.802,144,0.274,0.183,5.07,66,77,19,47,0.462,1281 1/3,1461,164,489,87,1015,802,722,1.52,3,5,59,18,5724,22356,0.291,253,13,76,49,26,89,3,114,10,3844,1569,138,0.979,16,107,54,33.5,154,104,50,67.5,56,9
2015,9,LG,144,64,78,2,0.451,23.0,6승0무4패,2승,33-2-37,31-0-41,0.269,5599,4941,653,1331,252,22,114,1969,601,75,41,462,18,80,1076,98,0.399,0.339,0.738,144,0.245,0.218,4.62,64,78,25,44,0.451,1279 2/3,1352,125,490,98,1063,721,657,1.44,3,5,57,15,5599,21661,0.277,227,26,91,37,30,82,3,103,14,3839,1608,162,0.981,8,127,52,29.1,175,113,62,64.6,55,9
2015,10,KT,144,52,91,1,0.364,35.5,2승1무7패,1패,30-0-42,22-1-49,0.273,5605,4927,670,1344,221,15,129,1982,633,75,37,507,21,58,1112,118,0.402,0.345,0.747,142,0.272,0.267,5.56,52,91,16,31,0.364,1266 2/3,1518,154,577,87,1046,875,782,1.65,3,3,34,10,5799,22867,0.303,273,25,87,43,17,86,4,118,14,3800,1530,159,0.978,6,139,64,31.5,176,124,52,70.5,58,10
2014,1,삼성,128,78,47,3,0.624,0.0,3승0무7패,1패,40-2-22,38-1-25,0.301,5152,4464,812,1345,238,23,161,2112,763,76,43,507,11,62,743,88,0.473,0.377,0.85,128,0.327,0.223,4.52,78,47,35,65,0.624,1144,1217,120,395,61,996,621,575,1.41,3,6,63,18,4990,19628,0.275,257,24,66,40,11,51,3,77,6,3432,1171,104,0.984,8,100,44,30.6,207,161,46,77.8,60,10
2014,2,넥센,128,78,48,2,0.619,0.5,7승1무2패,6승,42-1-21,36-1-27,0.298,5163,4434,841,1323,275,31,199,2257,786,65,40,523,10,101,849,100,0.509,0.382,0.891,128,0.286,0.233,5.25,78,48,35,55,0.619,1131 2/3,1299,142,516,61,901,716,660,1.6,0,3,43,12,5107,20728,0.293,231,18,57,36,2,55,4,79,12,3395,1342,125,0.984,7,118,44,27.2,144,100,44,69.4,54,13
2014,3,NC,128,70,57,1,0.551,9.0,6승0무4패,1패,38-0-26,32-1-31,0.282,5031,4426,737,1249,228,36,143,1978,697,44,51,443,9,67,918,90,0.447,0.353,0.8,127,0.3,0.257,4.29,70,57,31,59,0.551,1135 2/3,1174,117,481,73,848,608,541,1.46,3,4,59,19,5003,19320,0.271,223,12,78,38,8,50,5,87,6,3407,1384,125,0.982,9,94,43,31.4,201,154,47,76.6,44,7
2014,4,LG,128,62,64,2,0.492,16.5,6승0무4패,3패,33-1-30,29-1-34,0.279,5070,4349,668,1214,213,22,90,1741,622,77,57,524,17,63,817,112,0.4,0.361,0.761,127,0.29,0.202,4.58,62,64,35,65,0.492,1142 2/3,1211,104,419,95,810,643,581,1.43,2,9,47,21,5028,19440,0.275,195,27,72,44,25,51,1,91,10,3428,1414,125,0.982,9,119,48,28.7,169,105,64,62.1,51,9
2014,5,SK,128,61,65,2,0.484,17.5,6승1무3패,1패,31-2-31,30-0-34,0.291,5082,4423,735,1285,245,22,115,1919,696,91,49,447,12,72,926,92,0.434,0.361,0.795,128,0.301,0.305,5.51,61,65,26,44,0.484,1129 1/3,1271,153,522,68,837,760,692,1.59,2,3,41,15,5112,20141,0.287,239,21,60,36,19,67,1,107,3,3388,1373,132,0.978,6,103,51,33.1,185,139,46,75.1,50,11
2014,6,두산,128,59,68,1,0.465,20.0,6승0무4패,1승,29-0-35,30-1-33,0.293,5083,4427,687,1299,235,26,108,1910,646,81,43,468,10,64,731,103,0.431,0.366,0.797,128,0.282,0.194,5.43,59,68,19,61,0.465,1123 2/3,1311,121,450,58,840,733,678,1.57,4,2,42,14,5066,19670,0.295,243,29,63,55,4,56,4,81,3,3371,1268,102,0.983,7,113,46,28.9,155,111,44,71.6,50,6
2014,7,롯데,128,58,69,1,0.457,21.0,5승0무5패,1승,32-1-31,26-0-38,0.287,5194,4487,716,1288,252,26,121,1955,685,62,41,534,19,70,964,95,0.436,0.369,0.805,127,0.283,0.245,5.19,58,69,28,64,0.457,1133 1/3,1310,127,471,52,781,719,654,1.57,0,4,46,14,5092,19761,0.295,250,26,82,42,13,54,1,89,16,3400,1407,134,0.982,11,84,37,30.6,104,63,41,60.6,49,2
2014,8,KIA,128,54,74,0,0.422,25.5,3승0무7패,2승,26-0-38,28-0-36,0.288,5023,4443,662,1279,246,27,121,1942,631,67,35,416,11,62,870,95,0.437,0.355,0.792,128,0.258,0.235,5.82,54,74,26,40,0.422,1121 2/3,1289,116,561,67,896,788,725,1.65,2,5,42,21,5143,20272,0.293,252,32,66,52,8,78,1,94,7,3365,1348,131,0.98,7,162,64,28.3,184,121,63,65.8,59,7
2014,9,한화,128,49,77,2,0.389,29.5,2승0무8패,5패,28-0-36,21-2-41,0.283,5055,4417,619,1251,223,24,104,1834,594,50,43,490,5,55,839,125,0.415,0.359,0.774,128,0.266,0.221,6.35,49,77,26,30,0.389,1129,1451,162,537,81,748,889,796,1.76,2,3,37,11,5312,20365,0.318,265,48,69,59,14,83,3,113,7,3387,1344,126,0.977,12,110,59,34.9,111,70,41,63.1,46,5
