,연도,선수,팀,구종,직구_구사%,직구_구속,직구_상하_무브먼트,직구_좌우_무브먼트,직구_분당_회전수,직구_좌우_릴리스포인트,직구_상하_릴리스포인트,직구_타구_속도,직구_상하_각도,직구_피안타율,직구_피장타율,직구_땅볼%,직구_라인드라이브%,직구_뜬공%,직구_팝플라이%,직구_강한_타구%
0,2023,김서준,삼성,직구,78.2,141.6,24.9,-24.9,2622.8,-60.3,163.5,134.8,27.2,0.32,0.4,13.0,52.2,4.3,30.4,17.4
1,2023,김동규,키움,직구,76.2,144.4,31.0,-12.1,2510.5,-11.7,184.1,131.3,21.3,0.364,0.636,27.3,9.1,54.5,9.1,18.2
2,2023,김승현,KIA,직구,74.7,144.9,22.7,-3.5,1753.2,-58.9,170.4,129.2,24.2,0.257,0.4,30.8,26.9,19.2,23.1,19.2
3,2023,김기훈,KIA,직구,74.2,143.7,33.7,14.1,2722.3,46.4,180.1,136.1,27.4,0.222,0.278,30.2,19.0,22.2,28.6,22.2
4,2023,김재영,한화,직구,71.7,137.4,6.2,-26.4,1973.6,-90.3,111.3,129.5,21.0,0.37,0.63,25.0,35.0,25.0,15.0,20.0
5,2023,김재윤,KT,직구,71.2,142.6,30.9,-14.0,2576.0,-69.4,174.6,134.9,31.0,0.209,0.294,19.2,26.0,24.0,30.8,22.1
6,2023,박세진,KT,직구,69.5,140.2,28.9,27.0,2957.4,41.3,161.4,135.6,20.9,0.29,0.419,33.3,26.7,20.0,20.0,33.3
7,2023,손주영,LG,직구,69.3,143.2,23.9,7.9,1906.1,50.1,187.8,116.3,23.1,0.323,0.323,25.0,50.0,6.3,18.8,0.0
8,2023,박승주,키움,직구,68.5,141.8,33.4,-10.5,2586.7,-30.8,177.1,132.5,29.4,0.255,0.451,19.5,24.4,24.4,31.7,31.7
9,2023,이병헌,두산,직구,68.4,144.2,24.7,11.5,2114.2,38.2,168.6,135.7,22.8,0.254,0.394,24.4,37.8,20.0,17.8,24.4
10,2023,문성현,키움,직구,68.3,141.6,36.1,-2.2,2662.9,-8.8,171.5,134.6,21.8,0.265,0.338,27.1,33.3,25.0,14.6,22.9
11,2023,장현식,KIA,직구,66.9,146.4,27.0,-12.2,2271.2,-44.0,176.4,138.6,21.7,0.298,0.444,25.3,34.9,25.3,14.5,27.7
12,2023,이종민,키움,직구,66.0,137.4,29.7,20.6,2578.9,51.5,177.6,135.3,23.9,0.325,0.425,29.0,29.0,22.6,19.4,35.5
13,2023,김유성,두산,직구,65.5,145.4,32.3,-8.8,2594.7,-43.3,185.6,145.5,26.3,0.2,0.6,28.6,14.3,28.6,28.6,35.7
14,2023,한재승,NC,직구,64.6,145.4,30.0,-4.3,2326.3,-44.3,178.5,135.1,22.3,0.25,0.45,42.9,7.1,21.4,28.6,28.6
15,2023,전용주,KT,직구,64.2,142.2,25.2,19.2,2399.5,46.0,168.9,138.9,18.1,0.167,0.292,40.0,30.0,10.0,20.0,40.0
16,2023,정해영,KIA,직구,63.6,142.9,29.4,-10.8,2334.4,-55.1,186.0,136.3,22.8,0.281,0.421,27.6,29.9,24.1,18.4,24.1
17,2023,최지민,KIA,직구,63.4,145.6,26.5,23.0,2648.3,58.4,162.9,137.1,18.9,0.231,0.343,36.1,26.8,18.6,18.6,28.9
18,2023,정성종,롯데,직구,63.1,145.8,20.2,-18.8,2147.1,-51.0,167.4,135.3,15.7,0.232,0.321,47.1,17.6,26.5,8.8,38.2
19,2023,노건우,삼성,직구,63.0,143.3,29.3,19.5,2646.6,36.7,164.4,137.7,23.5,0.348,0.609,23.5,41.2,11.8,23.5,23.5
20,2023,정철원,두산,직구,62.8,147.0,28.5,-12.9,2427.9,-20.4,184.2,137.6,22.2,0.289,0.454,27.2,29.1,29.1,14.6,35.0
21,2023,김재웅,키움,직구,62.4,140.1,35.6,8.2,2672.3,4.6,166.4,134.1,23.0,0.27,0.365,30.0,27.8,24.4,17.8,21.1
22,2023,신헌민,SSG,직구,61.6,145.8,24.8,-16.8,2325.7,-42.7,171.1,131.4,24.1,0.35,0.525,19.2,42.3,15.4,23.1,15.4
23,2023,김진호,NC,직구,61.1,147.5,24.9,-22.7,2598.1,-42.9,161.2,137.1,13.3,0.206,0.235,50.0,20.0,15.0,15.0,20.0
24,2023,문용익,삼성,직구,60.8,145.9,27.6,-15.7,2450.1,-46.5,168.8,143.4,7.2,0.231,0.269,50.0,35.0,15.0,0.0,45.0
25,2023,김진욱,롯데,직구,60.7,143.3,31.0,12.1,2506.3,30.1,182.2,137.5,21.3,0.247,0.407,23.4,31.9,36.2,8.5,29.8
26,2023,이승현,삼성,직구,60.4,142.0,30.2,6.8,2338.7,40.2,193.2,132.1,23.6,0.212,0.376,32.1,26.4,20.8,20.8,22.6
27,2023,하준호,KT,직구,60.4,142.2,25.4,18.3,2363.8,47.1,160.8,137.2,14.5,0.368,0.421,23.1,53.8,15.4,7.7,15.4
28,2023,박영현,KT,직구,60.3,144.3,31.9,-10.6,2597.1,-33.2,155.0,131.7,34.1,0.192,0.269,18.2,24.2,18.2,39.4,18.2
29,2023,손동현,KT,직구,59.9,142.4,28.6,-14.4,2438.3,-33.4,163.4,132.5,29.0,0.25,0.331,20.8,27.5,23.3,28.3,21.7
30,2023,이우찬,LG,직구,59.7,142.7,22.9,10.7,1923.8,49.3,181.1,133.0,16.8,0.351,0.429,34.5,34.5,16.4,14.5,18.2
31,2023,이의리,KIA,직구,59.4,145.9,30.5,17.4,2663.6,59.7,175.5,134.1,25.8,0.233,0.3,23.3,27.6,23.9,25.2,21.5
32,2023,김유신,KIA,직구,59.3,135.7,29.5,10.2,2204.6,42.2,182.0,139.3,14.3,0.333,0.476,41.2,33.3,13.7,11.8,29.4
33,2023,최동환,LG,직구,59.1,142.6,29.4,-16.0,2511.4,-40.7,181.5,137.3,28.4,0.256,0.378,19.4,33.3,20.8,26.4,29.2
34,2023,윤대경,한화,직구,59.1,139.0,30.4,-11.8,2420.1,-47.7,184.2,135.4,29.0,0.228,0.366,15.4,33.3,24.4,26.9,17.9
35,2023,장재영,키움,직구,58.8,148.3,30.1,-11.8,2516.0,-29.0,171.8,141.0,17.7,0.25,0.364,32.3,31.3,22.9,13.5,31.3
36,2023,양창섭,삼성,직구,58.7,142.7,28.1,-16.5,2466.6,-39.0,177.3,141.5,28.2,0.328,0.612,13.5,44.2,15.4,26.9,32.7
37,2023,백승현,LG,직구,58.6,145.8,28.5,-12.5,2402.3,-17.5,172.8,133.5,23.2,0.21,0.272,25.0,30.8,23.1,21.2,28.8
38,2023,주승우,키움,직구,58.4,143.1,28.3,-10.3,2279.1,-16.5,174.2,138.0,24.3,0.341,0.537,24.1,37.9,13.8,24.1,27.6
39,2023,이건욱,SSG,직구,58.0,144.0,30.7,-14.2,2567.5,-15.6,176.7,136.7,24.3,0.256,0.346,22.8,36.8,19.3,21.1,22.8
40,2023,최이준,롯데,직구,57.7,145.4,29.0,-15.7,2541.1,-30.7,167.2,140.3,20.7,0.368,0.592,25.5,41.8,18.2,14.5,32.7
41,2023,오상원,키움,직구,57.7,140.4,30.2,-12.1,2386.0,-23.7,176.4,138.3,25.3,0.275,0.375,20.0,45.7,5.7,28.6,28.6
42,2023,고우석,LG,직구,57.7,151.6,25.5,-14.4,2360.2,-60.4,162.1,137.6,21.9,0.205,0.329,27.3,38.6,11.4,22.7,25.0
43,2023,박명근,LG,직구,57.0,144.7,17.9,-28.2,2541.0,-73.3,133.6,131.5,32.0,0.253,0.424,22.7,18.7,25.3,33.3,25.3
44,2023,김재열,KIA,직구,56.8,143.5,29.7,-7.9,2342.3,-29.2,186.6,135.4,25.0,0.406,0.688,12.5,45.8,20.8,20.8,20.8
45,2023,이채호,KT,직구,56.7,134.4,-1.6,-21.9,1571.2,-62.1,91.7,136.8,20.3,0.328,0.574,20.0,42.2,31.1,6.7,31.1
46,2023,유영찬,LG,직구,56.5,146.7,26.5,-15.2,2392.1,-34.8,177.4,137.3,23.6,0.281,0.452,28.9,28.9,20.7,21.5,24.0
47,2023,허윤동,삼성,직구,56.1,136.1,27.4,13.6,2197.4,37.9,174.3,140.8,19.3,0.407,0.519,22.7,45.5,13.6,18.2,31.8
48,2023,홍건희,두산,직구,55.9,145.3,26.2,-5.6,2077.7,-51.5,180.6,131.7,26.0,0.301,0.471,21.1,36.8,22.1,20.0,23.2
49,2023,송영진,SSG,직구,55.5,144.4,20.4,-7.2,1727.2,-37.7,180.0,136.5,18.2,0.265,0.343,35.7,32.1,16.1,16.1,28.6
50,2023,원종현,키움,직구,55.5,144.0,23.1,-8.0,1882.0,-47.3,149.6,125.4,29.6,0.209,0.349,20.0,23.3,26.7,30.0,6.7
51,2023,이준호,NC,직구,54.9,142.0,27.8,-4.4,2111.8,-42.6,177.6,135.1,21.6,0.247,0.356,24.5,35.8,18.9,20.8,34.0
52,2023,박상원,한화,직구,54.8,147.2,27.2,-7.6,2212.3,-53.8,177.1,129.2,23.3,0.305,0.414,24.7,36.6,17.2,21.5,18.3
53,2023,이상영,LG,직구,54.8,139.7,21.7,23.3,2348.4,74.9,177.2,143.1,22.4,0.35,0.45,18.2,45.5,18.2,18.2,36.4
54,2023,정우람,한화,직구,54.6,133.2,28.5,27.1,2723.7,61.2,169.9,129.7,25.9,0.208,0.302,19.7,41.0,13.1,26.2,14.8
55,2023,최준용,롯데,직구,54.6,145.1,25.7,-15.6,2314.3,-75.3,164.4,133.8,20.8,0.258,0.333,23.9,44.8,14.9,16.4,28.4
56,2023,류진욱,NC,직구,54.6,147.2,24.4,-15.9,2256.6,-47.2,168.9,132.4,22.9,0.198,0.257,30.6,19.4,30.6,19.4,25.8
57,2023,이상동,KT,직구,54.5,143.1,29.3,-14.8,2504.2,-48.4,174.6,138.5,24.2,0.349,0.506,25.4,31.7,22.2,20.6,28.6
58,2023,함덕주,LG,직구,54.5,139.4,28.2,13.9,2332.4,54.8,175.6,130.1,24.6,0.214,0.327,23.0,34.4,21.3,21.3,18.0
59,2023,문동주,한화,직구,54.4,151.0,28.1,-11.6,2436.3,-32.9,185.1,133.2,21.5,0.258,0.367,29.3,36.0,15.9,18.9,20.7
60,2023,양현종,KIA,직구,54.0,141.8,29.8,11.1,2340.7,55.5,179.5,134.7,23.3,0.311,0.45,24.4,32.6,21.9,21.1,21.5
61,2023,주현상,한화,직구,53.7,144.1,30.7,-7.9,2422.6,-49.0,174.9,134.4,28.2,0.184,0.289,19.3,30.1,28.9,21.7,16.9
62,2023,이로운,SSG,직구,53.6,147.4,27.6,-9.7,2314.6,-8.2,172.2,135.2,17.7,0.333,0.496,26.7,41.9,18.6,12.8,23.3
63,2023,김태현,NC,직구,53.4,144.8,25.3,19.4,2418.0,53.2,183.9,129.1,26.3,0.265,0.529,20.0,36.0,16.0,28.0,12.0
64,2023,최원준,두산,직구,52.8,137.2,9.1,-29.3,2221.2,-86.1,110.4,137.7,24.2,0.308,0.491,19.8,36.5,25.1,18.6,38.3
65,2023,김진성,LG,직구,52.8,141.8,30.7,-15.2,2560.7,-0.4,192.0,136.1,30.1,0.198,0.422,13.3,35.6,27.8,23.3,26.7
66,2023,한현희,롯데,직구,52.2,142.8,11.7,-30.7,2471.1,-90.2,138.9,134.0,24.0,0.325,0.509,24.2,30.3,28.5,17.0,23.6
67,2023,김강률,두산,직구,52.0,144.5,27.4,-7.2,2193.2,-19.4,179.4,131.8,22.6,0.373,0.49,15.6,46.9,21.9,15.6,18.8
68,2023,남지민,한화,직구,51.8,145.3,29.9,-1.3,2282.6,-31.5,187.1,132.7,21.8,0.323,0.419,23.7,40.8,15.8,19.7,9.2
69,2023,김윤식,LG,직구,51.6,139.6,25.2,17.6,2273.0,40.7,174.5,136.6,19.3,0.292,0.382,29.4,40.2,14.7,15.7,36.3
70,2023,이승현,삼성,직구,51.3,141.1,31.7,-13.0,2554.7,-24.2,184.8,137.2,27.0,0.25,0.363,17.4,30.2,33.7,18.6,24.4
71,2023,이용준,NC,직구,51.1,143.2,27.1,-15.1,2337.5,-53.9,180.4,137.6,17.8,0.255,0.362,35.8,28.4,25.3,10.5,26.3
72,2023,배제성,KT,직구,51.0,140.4,32.6,-0.6,2455.4,-23.3,184.9,134.2,18.2,0.301,0.379,27.3,38.8,23.6,10.3,26.1
73,2023,이정용,LG,직구,50.8,142.8,29.0,-18.2,2593.7,-31.6,181.0,138.6,25.3,0.256,0.389,21.1,29.9,28.6,20.4,25.2
74,2023,김서현,한화,직구,50.8,151.7,17.9,-18.0,2051.2,-70.5,159.2,137.0,10.0,0.35,0.6,45.8,37.5,12.5,4.2,33.3
75,2023,엘리아스,SSG,직구,50.7,147.8,27.5,17.4,2534.1,44.9,175.6,135.2,27.0,0.29,0.426,20.3,33.9,18.2,27.6,26.0
76,2023,구창모,NC,직구,50.7,142.6,30.0,19.5,2670.8,62.8,174.0,130.8,23.1,0.196,0.283,25.4,30.5,22.0,22.0,13.6
77,2023,슐서,KT,직구,50.6,143.7,28.1,-15.0,2457.4,-38.0,184.0,133.4,27.8,0.352,0.533,23.8,23.8,22.6,29.8,23.8
78,2023,안우진,키움,직구,50.5,152.5,31.1,-11.5,2660.8,-14.7,176.8,137.0,22.7,0.248,0.316,25.1,33.2,23.6,18.1,29.1
79,2023,송명기,NC,직구,50.5,142.1,21.7,-24.9,2447.9,-90.5,151.9,135.1,25.9,0.272,0.413,19.3,30.4,31.7,18.6,19.3
80,2023,황동하,KIA,직구,50.4,141.6,26.1,-19.0,2367.0,-31.4,172.2,137.8,21.8,0.305,0.661,26.1,30.4,26.1,17.4,30.4
81,2023,홍정우,삼성,직구,50.3,140.1,30.7,-14.4,2506.8,-50.5,178.0,139.9,21.6,0.306,0.484,23.8,35.7,23.8,16.7,23.8
82,2023,서진용,SSG,직구,50.2,143.1,30.0,-13.2,2463.5,-43.1,177.0,132.2,20.5,0.266,0.344,27.8,30.4,27.8,13.9,15.2
83,2023,알칸타라,두산,직구,49.7,149.9,27.1,-18.4,2591.3,-33.0,175.1,134.9,24.2,0.231,0.365,23.9,31.9,26.5,17.7,22.1
84,2023,김규연,한화,직구,49.6,144.7,20.6,-17.5,2094.1,-46.7,172.8,137.4,24.0,0.263,0.342,22.2,25.9,33.3,18.5,22.2
85,2023,김영현,KT,직구,49.6,143.4,30.2,-7.8,2386.3,-27.7,168.0,138.2,27.1,0.254,0.492,20.0,28.6,28.6,22.9,37.1
86,2023,박치국,두산,직구,49.5,143.2,9.3,-24.8,2015.0,-54.3,120.0,133.1,21.0,0.274,0.4,21.5,41.5,26.2,10.8,26.2
87,2023,이영하,두산,직구,49.5,147.5,28.5,-15.6,2534.0,-40.1,197.5,138.8,22.3,0.342,0.506,27.6,31.0,24.1,17.2,32.8
88,2023,이호성,삼성,직구,49.4,140.6,32.0,-11.9,2557.4,-14.2,171.9,139.9,18.7,0.242,0.515,29.6,25.9,33.3,11.1,18.5
89,2023,김명신,두산,직구,48.9,141.0,27.4,-15.5,2355.1,-26.8,175.0,131.8,22.2,0.266,0.352,18.5,43.5,22.8,15.2,21.7
90,2023,이지강,LG,직구,48.7,142.5,28.6,-13.7,2384.0,-25.1,166.8,135.6,25.5,0.223,0.331,24.0,26.9,29.8,19.2,17.3
91,2023,김도규,롯데,직구,48.7,141.0,26.4,-19.2,2441.6,-14.1,191.6,138.3,18.6,0.21,0.274,35.6,24.4,26.7,13.3,24.4
92,2023,산체스,한화,직구,48.6,147.8,22.5,26.9,2713.4,60.4,163.2,132.5,17.4,0.288,0.394,34.8,32.3,19.6,13.3,22.8
93,2023,태너,NC,직구,48.2,139.8,26.0,14.2,2182.7,69.0,181.9,134.5,23.3,0.3,0.491,27.8,29.1,27.8,15.2,25.3
94,2023,이용찬,NC,직구,48.1,145.9,23.9,-21.4,2449.8,-56.6,167.8,130.7,22.2,0.188,0.241,27.6,27.6,27.6,17.1,25.0
95,2023,맥키니,키움,직구,48.0,139.6,30.2,17.6,2549.0,36.0,177.4,139.1,27.4,0.223,0.394,21.9,26.0,27.4,24.7,24.7
96,2023,오원석,SSG,직구,48.0,141.8,25.1,18.5,2327.4,61.1,168.7,134.8,18.1,0.295,0.411,37.5,29.2,17.7,15.6,25.5
97,2023,정구범,NC,직구,47.9,141.4,24.8,18.3,2280.0,60.7,170.7,142.2,21.0,0.364,0.727,25.0,43.8,12.5,18.8,50.0
98,2023,최승용,두산,직구,47.9,141.5,27.0,20.1,2513.4,55.8,172.3,136.3,25.1,0.289,0.381,23.9,26.8,29.7,19.6,26.1
99,2023,김영규,NC,직구,47.7,144.5,28.0,16.9,2477.9,54.6,181.1,133.7,16.3,0.206,0.34,36.7,25.0,31.7,6.7,16.7
100,2023,전상현,KIA,직구,47.7,142.2,32.4,-9.1,2482.2,-38.6,169.1,138.7,20.4,0.291,0.369,29.2,33.3,23.6,13.9,25.0
101,2023,장시환,한화,직구,47.4,145.1,28.0,-9.8,2290.6,-50.7,170.1,139.0,19.3,0.308,0.365,27.3,39.4,15.2,18.2,21.2
102,2023,신정락,롯데,직구,47.0,137.2,2.3,-25.6,1879.2,-66.1,112.1,137.1,19.8,0.34,0.48,28.6,40.0,17.1,14.3,37.1
103,2023,윤석원,키움,직구,46.8,136.8,27.5,7.5,2061.1,37.8,179.7,139.3,21.5,0.318,0.432,22.9,42.9,17.1,17.1,28.6
104,2023,최지강,두산,직구,46.7,144.0,21.8,-22.2,2363.7,-54.4,158.9,142.3,11.8,0.259,0.296,43.5,30.4,17.4,8.7,39.1
105,2023,김민우,한화,직구,46.7,139.4,31.5,-1.7,2354.7,-29.4,186.2,138.9,27.6,0.369,0.631,19.7,31.8,21.2,27.3,31.8
106,2023,최성영,NC,직구,46.4,137.0,27.9,15.9,2311.5,69.7,167.7,133.5,20.7,0.328,0.525,27.8,34.4,22.2,15.6,23.3
107,2023,임창민,키움,직구,46.4,141.1,31.6,-16.5,2635.3,-62.7,174.9,136.9,23.9,0.264,0.429,22.2,31.7,27.0,19.0,19.0
108,2023,오승환,삼성,직구,46.3,143.4,26.4,-19.3,2473.3,-68.8,168.0,138.7,18.3,0.323,0.473,29.7,39.2,23.0,8.1,36.5
109,2023,이명종,키움,직구,46.3,139.5,24.7,-19.4,2301.8,-36.4,163.2,138.6,20.2,0.312,0.431,25.6,36.6,24.4,13.4,26.8
110,2023,황동재,삼성,직구,46.3,139.6,28.2,-18.4,2490.3,-46.4,184.8,138.7,22.0,0.351,0.561,22.9,33.3,29.2,14.6,31.3
111,2023,조민석,NC,직구,45.9,143.4,28.3,-17.2,2476.3,-37.4,169.4,137.5,19.0,0.333,0.519,28.9,37.8,17.8,15.6,24.4
112,2023,고효준,SSG,직구,45.5,142.7,32.6,6.6,2505.1,46.2,169.4,132.2,28.1,0.178,0.211,21.6,29.4,19.6,29.4,11.8
113,2023,김기중,한화,직구,45.4,140.9,30.2,18.5,2639.7,38.9,185.1,132.7,21.7,0.265,0.388,33.8,28.2,18.3,19.7,25.4
114,2023,강효종,LG,직구,45.3,144.0,26.0,-17.8,2404.9,-53.7,171.2,124.8,7.7,0.333,0.375,46.7,40.0,13.3,0.0,0.0
115,2023,박신지,두산,직구,44.7,143.2,26.3,-18.0,2395.7,-61.4,177.6,138.5,23.3,0.413,0.619,21.8,41.8,21.8,14.5,29.1
116,2023,김상수,롯데,직구,44.3,142.2,25.8,-15.8,2291.0,-59.4,170.6,127.1,30.2,0.232,0.261,10.9,34.8,26.1,28.3,19.6
117,2023,김원중,롯데,직구,44.3,146.4,26.5,-22.7,2685.9,-53.1,185.1,140.3,15.0,0.255,0.362,37.5,32.1,21.4,8.9,33.9
118,2023,산체스,KIA,직구,43.7,143.9,26.6,-13.4,2247.7,-33.5,162.5,133.9,25.8,0.25,0.41,20.5,32.9,27.4,19.2,20.5
119,2023,김동주,두산,직구,43.5,142.9,25.6,-22.4,2579.8,-70.8,187.4,134.2,22.0,0.294,0.459,26.4,35.6,20.7,17.2,20.7
120,2023,구승민,롯데,직구,43.5,145.2,28.2,-16.0,2495.6,-35.2,172.9,138.6,20.6,0.266,0.372,33.9,27.4,27.4,11.3,29.0
121,2023,임준섭,SSG,직구,43.0,141.8,23.1,3.1,1784.2,39.1,184.6,139.4,15.1,0.373,0.458,35.7,35.7,19.0,9.5,31.0
122,2023,하준영,NC,직구,43.0,142.8,28.8,16.8,2486.7,62.9,170.8,134.8,16.6,0.286,0.357,36.7,32.7,16.3,14.3,18.4
123,2023,김대유,KIA,직구,43.0,136.6,16.7,24.6,2134.2,87.8,142.5,132.8,15.6,0.325,0.45,43.5,30.4,13.0,13.0,21.7
124,2023,곽빈,두산,직구,42.8,147.1,24.8,-19.8,2464.9,-46.9,172.8,136.3,26.4,0.267,0.378,21.0,26.1,31.9,21.0,25.4
125,2023,이재학,NC,직구,42.7,139.9,21.0,-25.9,2429.9,-60.7,156.1,136.5,28.9,0.262,0.383,15.6,27.3,28.6,28.6,20.8
126,2023,장필준,삼성,직구,42.6,145.0,27.0,-14.3,2343.6,-49.0,185.6,134.1,25.3,0.333,0.485,23.1,30.8,26.9,19.2,26.9
127,2023,김범수,한화,직구,42.6,147.3,24.4,21.9,2545.4,40.4,161.1,133.3,24.0,0.245,0.327,33.3,19.8,21.0,25.9,18.5
128,2023,진승현,롯데,직구,42.6,141.2,31.1,-4.3,2341.7,-16.2,177.8,140.6,23.1,0.457,0.652,24.3,35.1,24.3,16.2,21.6
129,2023,한승주,한화,직구,42.6,143.1,23.5,-9.8,1953.4,-41.4,179.7,140.2,16.7,0.366,0.557,34.1,39.8,13.6,12.5,30.7
130,2023,이태양,한화,직구,42.3,139.1,28.1,-13.6,2316.8,-15.0,186.3,131.7,26.9,0.254,0.422,18.3,28.6,30.2,23.0,20.6
131,2023,윤영철,KIA,직구,41.7,137.3,30.1,18.4,2508.2,60.7,179.2,137.5,23.0,0.342,0.513,27.9,30.5,21.4,20.1,24.0
132,2023,백승건,SSG,직구,41.6,141.8,31.2,8.2,2413.2,38.7,169.8,138.2,21.4,0.28,0.453,27.3,36.4,20.0,16.4,25.5
133,2023,김시훈,NC,직구,41.6,143.2,30.2,-11.5,2426.8,-34.0,183.0,142.4,14.8,0.297,0.446,35.3,39.2,13.7,11.8,33.3
134,2023,심재민,롯데,직구,41.4,139.0,25.3,8.8,2003.4,29.3,178.8,139.3,14.1,0.278,0.333,44.7,25.5,23.4,6.4,38.3
135,2023,김건국,KIA,직구,41.2,142.9,24.8,-13.4,2136.1,-26.4,179.8,142.7,17.5,0.357,0.571,31.8,40.9,13.6,13.6,31.8
136,2023,원태인,삼성,직구,41.2,143.8,28.8,-12.7,2389.2,-36.1,173.8,137.2,21.1,0.294,0.442,23.7,34.3,27.2,14.8,23.7
137,2023,장민재,한화,직구,41.0,135.3,28.1,-12.9,2212.6,-57.8,180.3,137.6,18.8,0.287,0.475,34.4,25.8,25.8,14.0,30.1
138,2023,스트레일리,롯데,직구,40.9,143.0,25.6,-17.5,2374.4,-67.7,178.0,131.0,26.6,0.315,0.5,20.9,33.7,24.4,20.9,20.9
139,2023,김선기,키움,직구,40.8,142.4,29.0,-16.3,2475.8,-55.1,166.4,139.5,22.1,0.354,0.519,21.8,41.8,23.6,12.7,29.1
140,2023,나균안,롯데,직구,40.7,142.5,29.7,-12.0,2420.3,-33.9,174.5,138.1,23.7,0.273,0.412,28.5,25.7,26.4,19.4,30.6
141,2023,맥카티,SSG,직구,40.6,144.8,28.8,13.7,2446.6,41.9,177.7,134.2,23.4,0.248,0.364,26.2,32.3,23.8,17.7,23.8
142,2023,김민,KT,직구,40.4,144.2,23.9,-6.2,1966.0,-47.4,176.5,137.1,17.3,0.475,0.65,29.4,41.2,20.6,8.8,32.4
143,2023,백정현,삼성,직구,40.3,135.8,33.4,12.5,2555.7,47.8,174.4,138.5,20.1,0.283,0.447,32.5,32.5,19.2,15.8,30.8
144,2023,페냐,한화,직구,40.2,144.8,25.5,-13.9,2240.0,-64.6,185.5,135.6,22.1,0.28,0.454,26.2,29.3,27.6,16.9,20.9
145,2023,브랜든,두산,직구,40.1,146.5,23.6,11.9,2065.6,62.5,184.2,130.2,18.2,0.195,0.252,35.1,32.5,16.9,15.6,23.4
146,2023,박세웅,롯데,직구,40.0,145.4,25.1,-15.0,2260.7,-23.9,167.6,135.2,18.1,0.312,0.432,33.9,33.3,20.3,12.4,26.6
147,2023,최지광,삼성,직구,39.6,142.5,26.2,-11.9,2174.3,-51.7,169.7,143.8,21.8,0.261,0.522,41.2,23.5,17.6,17.6,47.1
148,2023,벤자민,KT,직구,39.1,143.7,28.2,23.1,2790.6,66.4,187.4,135.9,23.6,0.243,0.369,23.8,35.7,21.7,18.9,23.8
149,2023,임찬규,LG,직구,39.1,140.8,26.9,-17.4,2385.1,-22.6,173.1,137.3,23.1,0.261,0.36,24.4,32.1,26.3,17.3,23.7
150,2023,문승원,SSG,직구,38.8,144.4,28.9,-19.3,2645.8,-42.5,166.3,136.6,21.0,0.333,0.567,32.3,28.5,21.5,17.7,25.4
151,2023,이상민,삼성,직구,38.5,136.9,24.1,20.0,2262.5,55.4,168.7,133.3,9.6,0.485,0.515,43.5,39.1,8.7,8.7,17.4
152,2023,최채흥,삼성,직구,38.2,137.0,27.0,11.7,2147.9,65.9,182.1,136.9,22.6,0.33,0.58,21.7,37.7,24.6,15.9,29.0
153,2023,박정수,두산,직구,38.0,139.1,11.8,-23.7,1980.7,-59.8,138.1,143.2,17.7,0.3,0.5,32.3,32.3,25.8,9.7,41.9
154,2023,강재민,한화,직구,37.9,141.2,14.4,-14.8,1616.3,-51.0,138.6,134.0,24.8,0.241,0.5,13.2,44.7,31.6,10.5,23.7
155,2023,플럿코,LG,직구,37.7,143.4,29.0,-12.1,2400.1,-37.7,181.7,134.8,28.0,0.254,0.373,21.2,26.7,26.0,26.0,21.9
156,2023,윌커슨,롯데,직구,37.5,144.1,26.1,-11.3,2195.5,-64.5,172.4,134.2,29.1,0.155,0.237,25.9,20.4,22.2,31.5,20.4
157,2023,임기영,KIA,직구,36.9,136.7,15.2,-28.2,2265.7,-80.7,143.1,131.5,26.7,0.189,0.337,20.5,23.3,35.6,20.5,15.1
158,2023,켈리,LG,직구,36.0,144.7,27.3,-13.6,2349.4,-27.5,192.6,137.8,20.2,0.304,0.379,28.9,35.3,20.3,15.5,33.2
159,2023,조이현,KT,직구,35.8,136.9,33.3,-8.4,2500.9,-15.3,179.9,139.7,24.6,0.478,0.761,17.5,40.0,22.5,20.0,25.0
160,2023,반즈,롯데,직구,35.6,143.3,21.3,20.7,2244.0,43.9,172.3,135.6,18.7,0.286,0.395,28.6,37.9,20.0,13.6,25.0
161,2023,김동혁,키움,직구,35.5,132.7,4.8,-23.5,1693.8,-71.7,113.7,142.6,9.7,0.382,0.491,42.5,42.5,10.0,5.0,35.0
162,2023,와이드너,삼성,직구,35.4,145.0,22.1,-12.9,1971.9,-58.0,158.0,131.5,24.0,0.238,0.357,18.0,40.4,24.7,16.9,15.7
163,2023,주권,KT,직구,34.2,140.8,24.7,-9.7,2019.0,-37.8,165.6,135.4,16.7,0.426,0.722,34.0,34.0,21.3,10.6,17.0
164,2023,앤더슨,KIA,직구,33.0,146.2,25.9,-5.0,2052.6,-54.5,184.5,134.6,22.6,0.25,0.35,30.9,22.1,30.9,16.2,19.1
165,2023,윤명준,롯데,직구,33.0,140.9,27.2,-19.2,2454.2,-49.2,176.0,133.8,23.4,0.424,0.788,26.9,26.9,30.8,15.4,38.5
166,2023,최민준,SSG,직구,31.8,142.7,27.5,-14.1,2354.0,-47.7,172.5,139.4,19.4,0.306,0.5,28.8,40.4,19.2,11.5,38.5
167,2023,윤중현,KIA,직구,31.4,139.5,11.9,-25.2,2023.1,-78.9,130.6,136.2,22.5,0.296,0.407,19.0,33.3,38.1,9.5,23.8
168,2023,수아레즈,삼성,직구,30.8,149.3,26.9,-14.5,2446.4,-31.2,189.8,131.0,19.6,0.324,0.402,23.6,41.7,22.2,12.5,20.8
169,2023,엄상백,KT,직구,30.8,143.3,22.2,-20.8,2321.4,-55.1,150.2,135.3,22.0,0.218,0.311,28.4,27.2,28.4,16.0,29.6
170,2023,파노니,KIA,직구,30.6,141.3,26.0,15.5,2233.1,50.7,164.0,128.2,21.8,0.316,0.411,26.9,38.8,14.9,19.4,9.0
171,2023,쿠에바스,KT,직구,30.5,144.8,25.7,-12.7,2219.7,-47.1,168.1,139.4,21.6,0.276,0.388,20.2,39.3,28.1,12.4,24.7
172,2023,김광현,SSG,직구,30.1,143.5,26.9,4.2,2087.0,42.5,171.2,137.6,17.8,0.263,0.332,30.1,35.8,21.1,13.0,21.1
173,2023,우규민,삼성,직구,29.6,135.8,6.4,-28.0,2053.1,-95.2,111.0,134.7,21.6,0.357,0.452,20.0,40.0,30.0,10.0,20.0
174,2023,후라도,키움,직구,28.8,145.5,30.6,-14.8,2581.8,-21.9,186.9,133.8,24.9,0.249,0.29,24.2,29.7,22.7,23.4,21.9
175,2023,이민호,LG,직구,28.2,141.0,24.5,-15.0,2165.8,-51.4,163.7,146.3,9.8,0.393,0.571,51.9,25.9,18.5,3.7,51.9
176,2023,고영표,KT,직구,28.1,133.8,-3.0,-23.4,1666.2,-65.3,108.6,137.9,13.0,0.332,0.401,44.5,32.8,11.7,10.9,29.9
177,2023,하영민,키움,직구,28.0,147.4,30.8,-14.2,2606.5,-36.5,162.6,140.9,18.5,0.424,0.6,29.0,41.9,12.9,16.1,41.9
178,2023,한승혁,한화,직구,27.7,146.7,24.8,-12.2,2185.6,-39.0,174.3,139.0,20.6,0.3,0.4,28.1,28.1,28.1,15.6,21.9
179,2023,김대우,삼성,직구,26.9,132.0,-2.8,-14.1,1045.8,-79.3,62.9,129.3,22.0,0.169,0.197,23.8,42.9,14.3,19.0,23.8
180,2023,이준영,KIA,직구,26.9,140.8,28.3,11.3,2248.4,28.2,182.5,130.2,38.2,0.063,0.063,14.3,14.3,28.6,42.9,7.1
181,2023,노경은,SSG,직구,26.8,144.5,29.8,-17.4,2631.6,-31.0,182.0,135.8,20.3,0.333,0.493,22.2,40.7,24.1,13.0,20.4
182,2023,신민혁,NC,직구,26.5,140.7,27.8,-11.4,2229.6,-20.0,172.6,139.0,19.8,0.308,0.531,27.9,35.6,22.1,14.4,24.0
183,2023,김태훈,삼성,직구,22.4,143.2,27.5,-9.4,2207.7,-24.7,176.6,136.4,24.8,0.25,0.327,19.5,36.6,24.4,19.5,26.8
184,2023,최원태,LG,직구,19.4,144.9,27.0,-14.6,2353.2,-35.2,161.3,132.9,25.3,0.321,0.377,17.3,39.5,17.3,25.9,25.9
185,2023,뷰캐넌,삼성,직구,12.3,145.9,26.0,-10.9,2190.8,-59.2,182.7,139.8,20.2,0.3,0.389,24.6,42.6,14.8,18.0,32.8
186,2023,메디나,KIA,직구,10.5,146.5,19.1,-14.1,1859.7,-70.6,173.2,128.6,24.2,0.35,0.65,23.5,23.5,35.3,17.6,29.4
187,2023,박종훈,SSG,직구,9.7,133.6,-10.0,-20.8,1614.6,-47.6,63.1,138.3,18.1,0.292,0.583,29.4,47.1,11.8,11.8,35.3
188,2022,김재영,한화,직구,76.1,139.1,3.4,-27.3,2002.7,-84.8,106.6,131.6,18.7,0.341,0.523,31.3,32.8,25.0,10.9,23.4
189,2022,윤호솔,한화,직구,73.9,144.9,31.8,-4.4,2474.7,-26.6,176.2,134.9,24.9,0.245,0.345,21.1,36.8,18.4,23.7,27.6
190,2022,송승기,LG,직구,73.2,140.6,31.3,12.1,2484.9,41.8,177.6,137.6,17.6,0.2,0.4,30.8,30.8,38.5,0.0,23.1
191,2022,백승현,LG,직구,72.8,146.1,28.0,-17.5,2544.6,-17.8,175.0,143.4,16.8,0.31,0.483,45.8,20.8,12.5,20.8,45.8
192,2022,이지강,LG,직구,72.7,143.4,27.6,-12.6,2274.5,-39.6,165.2,135.6,22.0,0.313,0.344,34.6,26.9,15.4,23.1,15.4
193,2022,함덕주,LG,직구,71.7,138.6,30.2,13.9,2432.5,57.8,173.6,139.6,15.6,0.185,0.222,40.9,18.2,31.8,9.1,18.2
194,2022,박승주,키움,직구,71.0,141.9,35.3,-7.0,2683.5,-31.2,174.6,132.8,27.6,0.211,0.298,8.6,34.3,37.1,20.0,14.3
195,2022,박준영,한화,직구,69.9,142.5,32.3,1.6,2422.7,-34.9,184.2,129.9,16.4,0.258,0.258,30.8,34.6,30.8,3.8,11.5
196,2022,이영준,키움,직구,69.9,141.4,21.8,6.1,1719.6,47.7,180.4,137.5,13.9,0.322,0.339,39.5,37.2,9.3,14.0,16.3
197,2022,유승철,KIA,직구,68.4,145.2,32.9,-5.7,2566.6,-39.9,181.5,139.7,30.2,0.347,0.755,17.9,25.6,30.8,25.6,30.8
198,2022,최동환,LG,직구,68.1,142.4,31.4,-12.8,2552.1,-22.2,185.0,130.8,28.4,0.258,0.433,23.5,25.5,23.5,27.5,15.7
199,2022,남하준,KIA,직구,67.8,141.1,29.2,-15.4,2441.7,-40.5,172.8,137.0,22.4,0.429,0.964,27.3,22.7,40.9,9.1,22.7
200,2022,박민호,SSG,직구,67.6,135.7,13.2,-30.4,2363.4,-97.6,132.1,135.8,15.9,0.295,0.41,26.2,45.2,26.2,2.4,26.2
201,2022,최준용,롯데,직구,67.3,145.7,27.7,-14.6,2415.4,-77.7,162.6,133.9,24.3,0.277,0.464,22.9,33.9,20.3,22.9,17.8
202,2022,조현우,KT,직구,66.7,138.5,27.7,23.2,2674.3,42.8,158.1,136.8,18.9,0.207,0.207,19.0,52.4,19.0,9.5,28.6
203,2022,폰트,SSG,직구,66.2,149.1,30.0,-20.0,2836.6,-62.7,199.6,133.2,25.0,0.22,0.378,24.5,29.7,22.2,23.5,21.2
204,2022,김강률,두산,직구,65.1,145.9,28.6,-7.6,2306.7,-24.5,179.9,136.5,23.2,0.333,0.455,26.0,34.0,24.0,16.0,20.0
205,2022,김정빈,KIA,직구,64.8,143.2,29.4,16.4,2519.6,24.0,169.3,133.1,20.0,0.233,0.383,30.6,27.8,25.0,16.7,30.6
206,2022,정철원,두산,직구,64.6,148.8,26.4,-15.4,2419.8,-23.2,180.1,136.0,16.1,0.242,0.385,38.0,29.6,25.0,7.4,25.0
207,2022,김준형,키움,직구,64.4,146.1,31.7,-10.3,2545.8,-28.5,170.3,132.3,22.5,0.222,0.259,33.3,25.0,12.5,29.2,16.7
208,2022,김재웅,키움,직구,64.4,140.0,36.6,9.0,2769.5,0.6,168.5,134.2,27.7,0.187,0.281,25.0,20.7,26.1,28.3,19.6
209,2022,진명호,롯데,직구,63.9,140.2,27.1,-2.0,2032.0,-27.9,183.7,131.6,18.4,0.27,0.297,40.0,32.0,0.0,28.0,36.0
210,2022,김재윤,KT,직구,63.9,143.3,32.4,-12.0,2662.5,-67.7,175.5,131.2,32.5,0.185,0.274,16.3,26.7,27.9,29.1,19.8
211,2022,이의리,KIA,직구,63.7,146.1,32.4,15.7,2743.3,67.5,177.3,134.7,23.5,0.238,0.436,25.8,30.2,24.4,19.6,19.6
212,2022,이승호,키움,직구,63.6,143.6,35.0,16.3,2897.4,37.9,176.0,140.8,20.9,0.294,0.471,28.4,29.5,26.1,15.9,31.8
213,2022,정해영,KIA,직구,63.5,144.5,30.9,-12.3,2507.9,-53.4,185.3,137.2,23.9,0.26,0.358,20.9,39.5,20.9,18.6,25.6
214,2022,박영현,KT,직구,63.2,143.0,32.9,-8.1,2602.5,-41.1,158.1,131.2,31.9,0.248,0.392,14.3,23.8,32.1,29.8,14.3
215,2022,한재승,NC,직구,63.1,145.5,33.0,-2.4,2521.7,-33.0,177.0,141.4,10.9,0.4,0.45,40.0,40.0,13.3,6.7,33.3
216,2022,한현희,키움,직구,63.1,144.2,13.2,-30.4,2503.5,-86.3,132.0,140.6,21.2,0.305,0.525,31.1,26.5,27.2,15.2,31.1
217,2022,김건태,NC,직구,62.9,143.6,26.6,-17.8,2416.4,-64.9,162.6,124.1,33.0,0.289,0.444,8.3,33.3,30.6,27.8,11.1
218,2022,김재열,KIA,직구,62.8,144.8,30.7,-6.6,2386.5,-19.5,185.1,135.4,25.5,0.318,0.57,20.9,34.9,20.9,23.3,20.9
219,2022,손주영,LG,직구,62.7,142.0,30.5,13.9,2516.7,57.6,186.0,137.4,17.3,0.156,0.313,42.9,19.0,28.6,9.5,19.0
220,2022,김진욱,롯데,직구,62.5,143.0,30.5,13.4,2517.7,43.0,181.8,141.0,17.0,0.288,0.407,30.8,37.2,17.9,14.1,38.5
221,2022,홍건희,두산,직구,62.3,147.5,26.3,-7.6,2157.9,-47.3,176.5,132.6,16.5,0.297,0.37,37.2,29.1,20.9,12.8,19.8
222,2022,박정준,삼성,직구,62.2,142.5,22.4,-7.3,1814.7,-33.3,173.4,134.3,16.9,0.269,0.423,33.3,33.3,16.7,16.7,5.6
223,2022,이민석,롯데,직구,62.2,148.8,28.1,-6.9,2300.8,-50.1,186.8,137.0,18.1,0.341,0.506,37.9,27.6,17.2,17.2,22.4
224,2022,문성현,키움,직구,62.1,142.8,35.2,1.7,2648.5,-7.0,169.4,131.6,18.9,0.221,0.302,35.6,33.9,13.6,16.9,23.7
225,2022,허윤동,삼성,직구,61.3,138.9,32.3,13.5,2566.3,33.5,174.2,138.4,25.0,0.268,0.479,23.0,33.6,22.1,21.2,28.3
226,2022,김종수,한화,직구,61.1,142.8,32.5,-4.0,2465.3,-45.7,175.3,132.0,24.6,0.196,0.402,22.5,28.2,26.8,22.5,14.1
227,2022,이승현,삼성,직구,61.0,141.2,32.7,-11.3,2594.6,-6.8,183.5,133.1,27.4,0.248,0.402,19.1,31.5,19.1,30.3,23.6
228,2022,김윤수,삼성,직구,60.9,150.2,28.4,-9.3,2377.2,-29.9,179.7,136.1,18.5,0.33,0.489,34.9,30.2,15.9,19.0,23.8
229,2022,장시환,한화,직구,60.6,146.0,30.1,-9.2,2425.3,-42.9,173.6,132.0,22.1,0.267,0.397,29.7,30.8,15.4,24.2,16.5
230,2022,장재영,키움,직구,60.6,151.3,33.0,-13.5,2812.0,-29.0,168.0,134.4,21.3,0.439,0.634,14.8,48.1,29.6,7.4,18.5
231,2022,김동주,두산,직구,60.4,143.0,25.9,-20.6,2511.3,-58.9,192.2,137.8,21.3,0.302,0.472,37.5,22.5,20.0,20.0,27.5
232,2022,박치국,두산,직구,60.3,143.6,9.8,-23.0,1945.0,-80.5,119.6,137.0,22.6,0.208,0.208,41.7,8.3,25.0,25.0,41.7
233,2022,문용익,삼성,직구,60.2,144.8,28.5,-16.8,2547.7,-48.3,167.7,138.8,20.9,0.214,0.343,30.2,28.3,28.3,13.2,32.1
234,2022,김현준,KIA,직구,59.4,143.7,32.4,-14.4,2669.4,-40.2,162.2,139.4,24.4,0.325,0.475,22.6,38.7,22.6,16.1,29.0
235,2022,미란다,두산,직구,58.9,141.1,30.3,10.1,2381.9,19.8,181.1,144.9,19.5,0.25,0.5,25.0,37.5,37.5,0.0,25.0
236,2022,류희운,한화,직구,58.8,142.5,29.6,-4.3,2317.6,-9.8,178.9,137.1,23.4,0.318,0.591,20.0,40.0,20.0,20.0,13.3
237,2022,류진욱,NC,직구,58.7,146.3,25.5,-10.7,2156.8,-60.7,173.0,136.7,19.2,0.25,0.323,25.0,34.4,26.6,14.1,29.7
238,2022,박주성,키움,직구,58.6,139.8,29.4,-12.7,2343.2,-18.0,160.5,132.2,17.9,0.2,0.6,29.4,29.4,35.3,5.9,17.6
239,2022,이승현,삼성,직구,58.3,142.2,28.8,9.7,2307.1,45.6,190.3,138.3,20.0,0.298,0.489,27.3,39.4,18.2,15.2,25.8
240,2022,이우찬,LG,직구,58.3,145.1,20.4,9.3,1750.5,53.1,179.6,139.1,11.3,0.239,0.304,51.6,19.4,19.4,9.7,35.5
241,2022,김규연,한화,직구,57.5,143.8,24.2,-21.4,2440.5,-48.8,174.7,134.1,23.0,0.382,0.676,16.7,36.7,33.3,13.3,16.7
242,2022,전상현,KIA,직구,57.5,142.8,32.6,-9.4,2521.4,-42.9,164.4,133.5,20.6,0.266,0.404,24.2,43.9,16.7,15.2,25.8
243,2022,문경찬,롯데,직구,57.4,137.9,29.6,-8.5,2263.7,-56.6,172.2,134.4,28.4,0.326,0.526,20.8,26.0,24.7,28.6,16.9
244,2022,김택형,SSG,직구,57.3,143.1,25.8,21.5,2534.8,75.8,173.1,138.9,17.1,0.302,0.489,31.1,36.7,22.2,10.0,38.9
245,2022,스파크맨,롯데,직구,56.9,148.0,26.3,-17.5,2487.5,-50.0,164.9,134.0,18.5,0.286,0.378,29.0,40.2,21.5,9.3,23.4
246,2022,홍상삼,KIA,직구,56.9,141.6,28.7,-14.9,2409.3,-61.4,184.3,135.3,29.4,0.232,0.464,31.0,19.0,14.3,35.7,23.8
247,2022,문동주,한화,직구,56.8,150.9,29.4,-11.4,2507.5,-51.0,182.0,137.8,11.4,0.34,0.528,43.8,34.4,12.5,9.4,31.3
248,2022,박윤철,한화,직구,56.6,139.8,27.7,-15.1,2333.3,-40.3,168.7,139.7,21.5,0.326,0.488,32.4,32.4,17.6,17.6,30.9
249,2022,최충연,삼성,직구,56.1,144.5,29.0,-16.7,2564.0,-47.5,179.2,137.1,21.2,0.305,0.442,26.3,32.9,22.4,18.4,31.6
250,2022,박동수,NC,직구,56.1,141.3,22.8,-9.8,1868.9,-61.9,145.4,133.7,23.9,0.241,0.31,25.0,37.5,12.5,25.0,25.0
251,2022,고우석,LG,직구,56.1,152.5,27.6,-12.5,2471.0,-52.3,160.9,139.3,23.3,0.228,0.467,20.4,44.4,18.5,16.7,27.8
252,2022,윤산흠,한화,직구,55.5,144.4,31.5,-3.1,2408.8,-22.9,165.8,135.9,26.7,0.196,0.275,27.3,33.3,12.1,27.3,33.3
253,2022,김기중,한화,직구,55.2,139.3,32.7,12.9,2591.5,32.6,183.2,141.5,25.6,0.357,0.821,21.7,39.1,17.4,21.7,43.5
254,2022,김대유,LG,직구,55.0,136.4,17.2,25.3,2217.1,96.8,143.5,130.5,22.3,0.26,0.397,24.5,34.0,24.5,17.0,22.6
255,2022,김도현,KIA,직구,55.0,141.9,23.7,-18.3,2247.1,-66.3,177.7,144.1,11.2,0.483,0.759,40.0,40.0,15.0,5.0,50.0
256,2022,주현상,한화,직구,54.9,143.2,30.6,-8.0,2392.5,-59.0,174.9,133.4,22.6,0.278,0.409,24.1,33.3,25.3,17.2,19.5
257,2022,박상원,한화,직구,54.8,146.8,26.0,-15.3,2334.4,-59.9,173.7,133.2,15.3,0.333,0.333,18.8,62.5,6.3,12.5,12.5
258,2022,정우람,한화,직구,54.7,137.5,29.3,27.1,2844.8,61.4,171.1,134.1,19.1,0.283,0.326,30.8,34.6,23.1,11.5,19.2
259,2022,임대한,삼성,직구,54.4,139.9,31.1,-9.8,2418.2,-22.4,176.8,131.8,28.8,0.194,0.258,16.7,33.3,27.8,22.2,5.6
260,2022,구창모,NC,직구,54.3,143.6,28.5,21.5,2695.5,68.6,172.8,128.5,20.2,0.205,0.298,29.9,29.1,23.1,17.9,19.4
261,2022,하준호,KT,직구,54.2,143.0,28.8,17.8,2582.7,23.3,160.1,137.0,8.4,0.345,0.414,37.5,54.2,8.3,0.0,33.3
262,2022,윤대경,한화,직구,54.0,139.8,28.8,-12.2,2315.5,-61.1,180.3,133.8,25.9,0.344,0.466,20.5,29.5,30.3,19.7,18.9
263,2022,송명기,NC,직구,53.9,144.3,24.8,-20.7,2451.0,-68.6,149.2,136.6,24.9,0.286,0.486,16.6,41.1,21.9,20.5,23.8
264,2022,이정용,LG,직구,53.8,145.8,29.7,-15.6,2598.4,-32.3,175.7,132.1,28.4,0.254,0.352,21.5,25.8,21.5,31.2,18.3
265,2022,장현식,KIA,직구,53.7,146.4,28.6,-8.9,2311.1,-34.2,178.3,137.9,17.0,0.305,0.475,34.0,33.0,20.2,12.8,26.6
266,2022,이명종,키움,직구,53.6,139.6,23.9,-21.3,2371.6,-30.0,163.1,136.4,15.3,0.28,0.44,37.8,32.4,21.6,8.1,29.7
267,2022,이승진,두산,직구,53.4,144.4,25.3,-11.2,2136.1,-39.0,184.0,137.8,24.3,0.234,0.344,26.2,21.4,38.1,14.3,26.2
268,2022,김진호,NC,직구,53.1,144.9,22.9,-22.3,2419.2,-40.8,161.6,138.6,19.5,0.374,0.615,36.6,28.2,15.5,19.7,29.6
269,2022,서진용,SSG,직구,52.6,143.4,31.1,-10.1,2483.1,-38.4,176.7,137.4,21.4,0.273,0.406,26.4,29.7,29.7,14.3,25.3
270,2022,스탁,두산,직구,52.4,152.0,20.5,-16.7,2167.3,-22.6,168.2,134.1,12.8,0.282,0.37,43.4,32.3,16.4,8.0,26.5
271,2022,양현종,KIA,직구,52.0,142.4,30.4,13.1,2472.9,57.7,181.4,134.5,21.2,0.293,0.43,27.9,34.1,23.9,14.2,19.0
272,2022,김진성,LG,직구,51.7,142.3,30.8,-16.2,2622.1,-2.2,190.3,135.1,27.2,0.196,0.363,25.7,16.2,33.8,24.3,27.0
273,2022,양창섭,삼성,직구,51.7,141.2,29.5,-14.8,2474.4,-43.1,175.0,136.5,24.5,0.333,0.611,24.1,27.6,34.5,13.8,20.7
274,2022,최원준,두산,직구,51.6,137.9,10.6,-30.1,2326.6,-89.3,112.6,135.7,26.3,0.272,0.411,18.5,36.6,20.8,24.2,24.2
275,2022,이채호,KT,직구,51.1,137.0,-5.0,-22.1,1665.0,-61.2,85.4,135.9,12.7,0.271,0.39,43.9,31.7,14.6,9.8,24.4
276,2022,김선기,키움,직구,50.9,143.6,26.0,-11.2,2153.9,-58.8,168.3,138.1,12.1,0.315,0.411,39.7,37.9,17.2,5.2,25.9
277,2022,플럿코,LG,직구,50.8,144.9,30.1,-12.3,2496.0,-36.4,181.8,133.7,28.2,0.213,0.339,16.3,31.6,27.8,24.4,16.7
278,2022,진승현,롯데,직구,50.5,144.5,32.3,-5.2,2514.2,-19.4,174.5,136.1,20.9,0.444,0.722,20.0,40.0,26.7,13.3,20.0
279,2022,조민석,NC,직구,50.5,143.5,29.3,-17.7,2567.8,-34.3,169.4,125.2,8.5,0.345,0.483,52.6,21.1,26.3,0.0,21.1
280,2022,남지민,한화,직구,50.4,145.7,27.3,-7.0,2185.3,-41.8,184.8,138.0,16.7,0.328,0.454,35.7,35.0,15.0,14.3,23.6
281,2022,김유신,KIA,직구,50.2,136.9,31.3,14.3,2426.0,49.6,180.7,117.6,29.1,0.188,0.313,14.3,21.4,50.0,14.3,7.1
282,2022,홍정우,삼성,직구,49.4,140.0,30.3,-14.8,2516.4,-55.9,175.4,137.0,22.7,0.146,0.313,22.6,32.3,32.3,12.9,22.6
283,2022,구승민,롯데,직구,49.4,145.3,29.9,-15.0,2562.5,-33.6,168.4,135.7,19.2,0.222,0.343,31.5,29.6,25.9,13.0,22.2
284,2022,오승환,삼성,직구,49.1,143.5,27.1,-17.9,2464.6,-64.9,165.8,135.2,28.3,0.284,0.56,23.8,19.0,33.3,23.8,25.0
285,2022,신정락,한화,직구,48.9,134.3,-0.5,-23.7,1671.1,-62.1,104.9,130.0,11.6,0.337,0.48,46.5,31.0,14.1,8.5,14.1
286,2022,놀린,KIA,직구,48.8,142.5,27.3,20.6,2563.8,28.0,178.6,130.6,20.9,0.23,0.314,31.7,33.3,15.4,19.5,13.0
287,2022,박신지,두산,직구,48.7,143.4,27.6,-15.6,2433.3,-56.6,176.5,142.4,17.6,0.351,0.486,34.2,34.2,19.2,12.5,35.0
288,2022,김명신,두산,직구,48.4,140.3,26.3,-17.3,2351.0,-25.8,172.3,132.3,21.0,0.266,0.295,29.0,31.2,26.9,12.9,23.7
289,2022,더모디,NC,직구,48.4,145.0,23.7,14.9,2185.7,29.7,184.7,135.7,19.0,0.316,0.481,32.7,34.6,17.3,15.4,19.2
290,2022,황동재,삼성,직구,48.0,137.8,26.6,-17.9,2357.2,-38.6,187.6,134.9,22.0,0.347,0.5,26.5,34.2,23.9,15.4,26.5
291,2022,김윤식,LG,직구,47.8,141.6,24.7,20.0,2382.8,33.7,173.3,138.9,11.7,0.305,0.39,43.0,32.0,18.8,6.3,39.1
292,2022,배제성,KT,직구,47.7,142.3,32.9,-0.1,2533.9,-23.1,183.3,135.6,16.5,0.28,0.36,37.3,33.6,15.5,13.6,27.3
293,2022,김동혁,키움,직구,47.6,135.7,6.7,-23.1,1744.6,-73.3,123.1,140.7,16.4,0.32,0.54,23.7,52.6,18.4,5.3,39.5
294,2022,조요한,SSG,직구,47.2,153.5,28.7,-25.0,3066.4,-43.5,179.8,131.9,19.0,0.345,0.586,33.3,33.3,19.0,14.3,19.0
295,2022,이용준,NC,직구,47.2,143.7,27.6,-14.2,2326.6,-48.2,174.8,139.4,17.7,0.415,0.717,30.2,41.9,18.6,9.3,23.3
296,2022,김시훈,NC,직구,47.2,146.4,29.3,-11.9,2453.5,-40.5,180.4,135.8,20.9,0.3,0.414,28.2,31.1,24.3,16.5,26.2
297,2022,이재학,NC,직구,47.1,139.0,20.2,-22.0,2173.4,-67.3,151.1,133.1,24.8,0.285,0.382,21.3,39.3,18.0,21.3,25.8
298,2022,이민호,LG,직구,46.8,144.4,23.7,-18.5,2311.6,-62.5,164.0,138.4,19.0,0.324,0.505,29.9,33.5,25.0,11.6,29.9
299,2022,오원석,SSG,직구,46.8,142.6,25.6,16.8,2329.7,50.7,169.1,136.2,18.0,0.287,0.39,31.9,36.1,19.3,12.7,28.3
300,2022,최승용,두산,직구,46.7,141.3,28.5,21.6,2668.8,46.6,172.1,136.7,21.3,0.285,0.418,35.0,25.0,20.8,19.2,24.2
301,2022,모리만도,SSG,직구,46.7,144.8,28.2,15.2,2450.1,55.2,177.3,139.4,16.5,0.203,0.268,35.6,32.9,17.8,13.7,28.8
302,2022,김민우,한화,직구,46.6,140.8,30.2,-2.0,2264.6,-31.0,185.5,135.5,24.6,0.293,0.517,24.1,27.7,30.4,17.8,19.9
303,2022,김도규,롯데,직구,46.6,141.2,28.8,-14.4,2411.9,-13.6,195.1,136.3,20.5,0.174,0.246,32.1,28.3,15.1,24.5,18.9
304,2022,장지훈,SSG,직구,46.3,138.6,15.6,-28.0,2344.8,-54.4,152.6,135.0,17.6,0.312,0.473,32.9,32.9,21.4,12.9,28.6
305,2022,김영규,NC,직구,46.1,144.3,27.4,20.7,2605.7,55.5,180.4,134.5,16.9,0.276,0.391,41.0,24.6,23.0,11.5,24.6
306,2022,곽빈,두산,직구,46.1,146.8,28.0,-16.2,2551.3,-40.0,175.1,133.8,25.8,0.298,0.449,22.1,29.8,23.8,24.3,18.8
307,2022,이상민,삼성,직구,45.8,137.4,24.0,18.5,2220.0,55.0,166.1,137.8,14.8,0.381,0.714,40.0,34.3,17.1,8.6,31.4
308,2022,이영하,두산,직구,45.7,146.0,27.2,-15.7,2445.9,-48.8,194.6,139.6,16.8,0.337,0.44,28.9,43.0,18.5,9.6,27.4
309,2022,심재민,KT,직구,45.6,141.1,29.5,16.0,2543.9,48.2,174.6,134.8,20.2,0.293,0.397,26.2,33.3,28.6,11.9,19.0
310,2022,이민우,한화,직구,45.5,142.6,27.8,-7.6,2209.8,-30.4,187.4,135.2,16.4,0.364,0.519,34.3,38.8,16.4,10.4,26.9
311,2022,최하늘,삼성,직구,45.3,134.0,9.7,-29.7,2207.2,-70.9,140.1,140.0,10.9,0.309,0.436,56.1,22.0,17.1,4.9,34.1
312,2022,김원중,롯데,직구,45.2,146.3,29.0,-18.8,2662.0,-49.4,185.3,140.4,14.2,0.343,0.529,38.0,40.0,12.0,10.0,36.0
313,2022,임준형,LG,직구,45.0,139.1,19.0,17.2,1910.4,91.2,157.9,140.4,9.8,0.36,0.48,51.6,32.3,6.5,9.7,41.9
314,2022,임찬규,LG,직구,44.9,140.6,27.2,-16.4,2393.9,-24.4,168.8,136.7,23.7,0.297,0.436,25.2,29.9,23.6,21.3,21.3
315,2022,김유영,롯데,직구,44.9,142.8,23.3,15.2,2107.1,55.3,161.1,133.2,15.9,0.378,0.51,35.2,33.8,21.1,9.9,22.5
316,2022,임창민,두산,직구,44.7,140.8,27.3,-17.6,2447.6,-58.7,175.6,131.3,20.0,0.154,0.154,23.3,43.3,13.3,20.0,13.3
317,2022,나균안,롯데,직구,44.5,141.7,29.3,-13.3,2409.7,-35.9,174.5,130.3,23.8,0.282,0.42,20.7,35.5,26.4,17.4,17.4
318,2022,벤자민,KT,직구,44.3,142.6,30.1,24.6,2965.4,66.9,187.9,134.9,28.5,0.175,0.314,23.3,21.4,30.1,25.2,17.5
319,2022,스트레일리,롯데,직구,43.6,143.3,26.9,-15.8,2373.2,-68.8,180.6,134.4,22.3,0.322,0.46,19.1,47.1,14.7,19.1,23.5
320,2022,엄상백,KT,직구,43.5,144.8,24.2,-17.1,2296.1,-53.7,146.6,136.7,30.3,0.15,0.257,16.0,25.6,34.4,24.0,21.6
321,2022,안우진,키움,직구,42.8,152.6,30.5,-14.2,2712.4,-22.4,175.1,138.6,21.2,0.223,0.305,30.1,30.1,20.5,19.3,26.1
322,2022,카펜터,한화,직구,42.7,143.4,28.3,22.4,2711.1,62.7,193.4,135.9,14.9,0.28,0.4,33.3,46.7,6.7,13.3,20.0
323,2022,배재준,LG,직구,42.6,141.3,27.2,-17.1,2406.4,-41.3,182.3,131.7,27.8,0.196,0.326,29.4,26.5,17.6,26.5,14.7
324,2022,원태인,삼성,직구,42.5,144.2,28.7,-10.5,2339.7,-33.6,174.6,137.1,16.7,0.342,0.479,31.8,38.5,17.2,12.5,26.0
325,2022,하준영,NC,직구,42.4,141.3,29.0,17.8,2527.9,58.2,169.6,127.8,23.9,0.275,0.412,14.7,32.4,44.1,8.8,11.8
326,2022,김지용,두산,직구,42.1,138.8,27.9,-10.4,2211.0,3.0,158.8,134.6,30.4,0.353,0.676,17.9,32.1,21.4,28.6,25.0
327,2022,김태경,NC,직구,41.9,139.2,30.4,-8.6,2341.2,-27.8,183.2,129.8,27.8,0.173,0.267,25.4,23.7,25.4,25.4,15.3
328,2022,우규민,삼성,직구,41.8,135.9,3.4,-27.2,1995.5,-93.8,107.9,130.3,22.7,0.214,0.321,30.6,30.6,14.3,24.5,16.3
329,2022,김범수,한화,직구,41.8,147.7,25.9,21.9,2627.7,40.4,162.7,137.0,15.4,0.281,0.456,34.2,36.7,19.0,10.1,29.1
330,2022,박세웅,롯데,직구,41.6,146.0,25.9,-10.6,2191.8,-23.5,168.6,137.5,13.4,0.34,0.47,46.4,26.8,18.6,8.2,26.3
331,2022,윤명준,두산,직구,41.6,139.4,25.2,-18.7,2346.1,-55.8,173.9,136.2,22.5,0.395,0.791,23.1,23.1,46.2,7.7,23.1
332,2022,이용찬,NC,직구,41.4,146.9,24.7,-20.2,2461.2,-57.2,168.2,134.1,12.5,0.261,0.307,36.7,36.7,20.4,6.1,14.3
333,2022,최성훈,LG,직구,41.1,137.0,19.0,11.1,1663.4,56.9,165.1,133.4,5.8,0.313,0.417,48.3,48.3,3.4,0.0,20.7
334,2022,김성진,키움,직구,40.7,145.0,27.0,-14.0,2363.7,-47.1,173.3,142.0,9.9,0.516,0.645,42.9,35.7,17.9,3.6,39.3
335,2022,장민재,한화,직구,40.6,136.0,27.8,-13.5,2237.6,-62.2,178.1,136.1,20.4,0.305,0.463,27.1,31.0,27.9,14.0,23.3
336,2022,이태양,SSG,직구,40.6,139.6,30.6,-19.0,2663.9,-19.3,186.0,133.0,23.6,0.295,0.456,23.1,32.7,27.2,17.0,21.8
337,2022,문승원,SSG,직구,40.5,146.5,29.5,-18.8,2707.7,-48.3,163.9,140.6,30.2,0.29,0.71,12.5,33.3,29.2,25.0,29.2
338,2022,김민수,KT,직구,40.3,142.2,25.9,-5.9,2061.8,-45.2,188.2,135.4,21.8,0.265,0.385,26.6,41.8,13.9,17.7,21.5
339,2022,파슨스,NC,직구,39.0,147.9,27.0,-16.5,2483.1,-48.9,176.5,134.6,25.3,0.268,0.5,18.4,28.9,34.2,18.4,18.4
340,2022,강윤구,롯데,직구,38.9,139.6,29.2,13.0,2356.1,13.7,170.9,136.8,17.6,0.344,0.438,33.3,33.3,19.0,14.3,19.0
341,2022,브랜든,두산,직구,38.7,146.5,23.7,14.1,2168.9,58.1,186.7,130.7,19.7,0.24,0.36,35.5,28.9,18.4,17.1,14.5
342,2022,반즈,롯데,직구,38.4,143.1,20.3,26.4,2511.0,49.5,170.2,134.5,19.1,0.306,0.453,33.0,29.9,18.8,18.3,20.3
343,2022,켈리,LG,직구,37.4,145.4,26.2,-13.7,2315.5,-25.4,191.0,136.1,18.8,0.241,0.314,29.9,34.5,21.3,14.4,24.1
344,2022,이준영,KIA,직구,36.8,141.0,28.4,11.7,2282.5,37.3,182.9,135.8,8.4,0.262,0.262,53.1,28.1,9.4,9.4,28.1
345,2022,박정수,두산,직구,35.9,139.2,14.4,-24.8,2133.1,-52.1,143.5,149.6,18.1,0.273,0.455,31.3,43.8,6.3,18.8,56.3
346,2022,루친스키,NC,직구,35.4,148.7,24.2,-15.4,2259.5,-67.6,171.5,134.3,18.8,0.274,0.392,31.4,37.9,16.3,14.4,21.6
347,2022,강재민,한화,직구,35.3,139.9,14.3,-13.2,1497.0,-40.6,143.1,131.6,15.9,0.22,0.42,41.7,25.0,22.2,11.1,19.4
348,2022,고효준,SSG,직구,35.3,144.2,32.8,7.3,2567.7,51.2,167.2,134.0,16.9,0.255,0.383,36.1,30.6,19.4,13.9,16.7
349,2022,진해수,LG,직구,35.2,139.7,25.2,10.7,2057.1,47.4,189.5,131.2,10.5,0.25,0.279,46.9,34.7,10.2,8.2,18.4
350,2022,장원준,두산,직구,35.2,137.3,19.1,24.7,2251.5,48.1,171.5,137.3,12.9,0.421,0.474,27.3,54.5,18.2,0.0,18.2
351,2022,파노니,KIA,직구,34.7,142.3,26.4,15.8,2300.6,65.8,171.0,129.6,26.0,0.232,0.293,26.4,25.0,25.0,23.6,15.3
352,2022,임기영,KIA,직구,32.6,136.9,14.6,-27.0,2196.7,-71.0,143.1,132.9,23.7,0.291,0.456,25.7,27.9,25.0,21.4,17.9
353,2022,장필준,삼성,직구,32.6,147.3,27.3,-15.8,2471.2,-49.7,180.3,142.2,17.2,0.351,0.514,28.0,48.0,8.0,16.0,40.0
354,2022,하영민,키움,직구,31.6,145.6,29.0,-18.0,2613.3,-36.8,160.8,140.2,20.3,0.25,0.438,33.3,25.0,25.0,16.7,22.2
355,2022,주권,KT,직구,30.5,141.8,27.2,-10.1,2233.6,-51.2,165.5,141.1,16.9,0.34,0.434,28.2,43.6,12.8,15.4,35.9
356,2022,노경은,SSG,직구,30.1,143.8,28.6,-18.4,2591.4,-44.0,181.8,135.7,23.1,0.213,0.325,27.4,27.4,27.4,17.7,22.6
357,2022,최민준,SSG,직구,29.2,140.4,29.4,-8.6,2301.1,-15.1,175.5,133.6,20.2,0.171,0.289,32.1,30.4,19.6,17.9,19.6
358,2022,라미레즈,한화,직구,29.0,144.0,25.8,-6.1,2030.0,-19.3,178.8,135.6,23.6,0.254,0.356,27.3,33.3,18.2,21.2,21.2
359,2022,로니,KIA,직구,28.6,149.1,24.0,-19.3,2429.9,-34.0,164.8,142.4,16.7,0.347,0.653,36.8,28.9,18.4,15.8,36.8
360,2022,수아레즈,삼성,직구,28.6,150.5,25.5,-19.0,2540.2,-33.8,189.5,126.3,16.7,0.241,0.294,36.8,27.2,18.4,17.6,17.6
361,2022,김광현,SSG,직구,27.6,144.9,27.6,4.8,2159.1,44.7,172.3,138.2,18.2,0.315,0.517,31.5,32.4,25.2,10.8,29.7
362,2022,서준원,롯데,직구,26.1,143.3,12.2,-24.7,2180.2,-88.5,129.2,132.8,22.9,0.284,0.433,26.7,31.1,26.7,15.6,15.6
363,2022,데스파이네,KT,직구,24.9,147.6,21.7,-10.2,1961.9,-38.5,172.8,129.7,17.0,0.228,0.262,34.0,38.3,12.8,14.9,21.3
364,2022,원종현,NC,직구,23.8,146.7,14.3,-6.2,1250.1,-58.0,150.5,128.6,18.9,0.154,0.154,45.2,19.4,19.4,16.1,22.6
365,2022,뷰캐넌,삼성,직구,22.9,144.2,27.7,-11.8,2339.4,-54.8,183.5,130.3,21.7,0.25,0.35,28.2,33.3,16.7,21.8,16.7
366,2022,신민혁,NC,직구,21.7,141.6,27.1,-11.4,2221.0,-37.5,172.0,135.7,17.7,0.375,0.58,27.0,44.4,17.5,11.1,30.2
367,2022,노바,SSG,직구,19.9,146.8,21.8,-23.1,2496.7,-64.4,189.0,143.0,14.6,0.315,0.426,38.2,32.4,20.6,8.8,35.3
368,2022,애플러,키움,직구,18.1,144.4,27.2,-16.3,2427.7,-27.1,176.3,137.4,19.0,0.415,0.777,34.2,26.3,25.0,14.5,25.0
369,2022,백정현,삼성,직구,17.7,135.1,31.6,9.1,2361.0,52.0,173.4,135.8,18.5,0.398,0.689,32.1,26.9,32.1,9.0,21.8
370,2022,윤중현,KIA,직구,17.4,138.1,9.7,-26.0,2033.1,-88.8,124.5,140.4,13.5,0.268,0.317,39.3,39.3,10.7,10.7,14.3
371,2022,한승혁,KIA,직구,15.9,146.7,24.3,-14.4,2176.2,-42.8,175.7,137.4,18.8,0.26,0.36,40.5,24.3,16.2,18.9,27.0
372,2022,정찬헌,키움,직구,11.3,137.9,25.4,-15.2,2187.2,-22.0,171.9,136.2,21.1,0.385,0.59,27.8,41.7,13.9,16.7,19.4
373,2022,페냐,한화,직구,11.0,147.2,26.8,-13.8,2348.8,-60.9,188.7,138.7,21.7,0.237,0.368,20.8,37.5,29.2,12.5,25.0
374,2021,류원석,LG,직구,84.4,150.6,16.9,-19.5,2095.5,-76.4,127.9,127.1,26.1,0.059,0.118,33.3,0.0,44.4,22.2,0.0
375,2021,신재웅,SSG,직구,78.7,141.9,29.3,17.0,2519.1,38.0,179.2,142.4,14.5,0.19,0.238,37.5,37.5,18.8,6.3,25.0
376,2021,김강률,두산,직구,76.3,147.2,27.7,-8.3,2275.0,-30.3,180.4,131.6,17.8,0.287,0.38,34.3,26.9,25.0,13.9,19.4
377,2021,윤호솔,한화,직구,74.5,145.3,33.2,-2.8,2577.3,-31.1,176.8,133.8,24.6,0.246,0.467,19.6,35.9,25.0,19.6,12.0
378,2021,조요한,SSG,직구,74.5,151.0,27.0,-19.8,2718.6,-41.1,181.7,132.0,19.2,0.391,0.522,12.5,56.3,25.0,6.3,18.8
379,2021,정성종,롯데,직구,73.5,146.5,22.2,-15.3,2115.5,-46.3,166.8,124.6,11.6,0.306,0.472,44.8,37.9,3.4,13.8,10.3
380,2021,장재영,키움,직구,73.4,150.2,32.3,-10.5,2691.3,-35.3,171.9,141.7,20.4,0.255,0.362,36.8,23.7,18.4,21.1,34.2
381,2021,최준용,롯데,직구,73.1,146.5,28.2,-15.9,2506.9,-74.7,163.7,129.2,25.3,0.237,0.331,23.8,25.0,25.0,26.3,13.8
382,2021,김준형,키움,직구,72.8,145.4,30.4,-9.5,2441.5,-29.4,168.6,137.4,23.9,0.268,0.439,22.2,33.3,25.0,19.4,33.3
383,2021,이승진,두산,직구,72.6,146.2,26.8,-13.4,2329.7,-48.9,184.9,139.9,17.9,0.252,0.339,31.4,35.3,18.6,14.7,38.2
384,2021,장지수,KIA,직구,72.5,142.4,26.2,-1.8,1955.1,-48.8,169.4,136.3,17.4,0.2,0.325,45.5,15.2,24.2,15.2,15.2
385,2021,이창재,KT,직구,72.4,139.0,29.3,23.8,2802.9,45.8,168.6,135.7,21.9,0.246,0.29,25.5,29.4,25.5,19.6,23.5
386,2021,홍건희,두산,직구,71.7,147.8,30.0,-8.5,2456.4,-50.5,180.3,134.3,20.1,0.258,0.319,30.8,30.8,22.4,15.9,25.2
387,2021,김윤수,삼성,직구,71.1,147.4,31.2,-6.4,2514.1,-24.6,180.2,136.9,16.7,0.373,0.559,35.9,30.8,15.4,17.9,30.8
388,2021,노성호,삼성,직구,70.7,143.1,32.0,18.3,2769.8,22.7,164.0,130.1,35.4,0.152,0.174,12.9,25.8,22.6,38.7,22.6
389,2021,김건우,SSG,직구,70.7,143.7,28.7,27.5,2991.6,39.4,179.4,129.1,20.0,0.154,0.308,29.4,35.3,23.5,11.8,11.8
390,2021,김재열,KIA,직구,70.4,144.0,32.7,-6.7,2509.5,-35.0,185.0,137.0,28.3,0.253,0.396,20.5,29.5,26.9,23.1,24.4
391,2021,하재훈,SSG,직구,69.8,143.0,29.7,-5.2,2301.5,-10.0,183.5,131.7,27.5,0.195,0.195,16.7,27.8,27.8,27.8,25.0
392,2021,이교훈,두산,직구,68.7,141.7,27.2,16.7,2390.2,64.9,174.9,135.7,24.2,0.4,0.64,19.0,38.1,23.8,19.0,23.8
393,2021,장민기,KIA,직구,68.5,140.0,32.3,20.6,2783.0,63.3,176.1,130.7,33.1,0.204,0.306,17.9,25.6,20.5,35.9,17.9
394,2021,정해영,KIA,직구,68.4,143.7,30.3,-12.1,2463.6,-54.7,183.0,133.9,18.8,0.195,0.296,33.9,28.8,22.0,15.3,27.1
395,2021,이승관,한화,직구,68.4,139.5,30.7,21.4,2731.7,59.1,190.9,135.6,24.7,0.5,0.889,11.8,35.3,47.1,5.9,11.8
396,2021,정인욱,한화,직구,67.3,142.1,31.7,-5.1,2404.8,-40.0,182.9,132.2,25.1,0.143,0.286,26.7,33.3,6.7,33.3,33.3
397,2021,김기탁,한화,직구,66.8,141.6,25.8,24.6,2634.3,23.7,169.4,135.9,15.9,0.324,0.412,28.6,47.6,14.3,9.5,14.3
398,2021,김종수,한화,직구,66.6,144.3,30.9,-7.2,2434.1,-49.4,173.5,137.3,24.6,0.221,0.474,21.6,35.1,23.0,20.3,24.3
399,2021,오주원,키움,직구,66.4,134.2,34.2,23.7,2906.9,80.5,168.8,136.4,24.8,0.4,0.636,17.4,37.0,28.3,17.4,15.2
400,2021,이건욱,SSG,직구,66.2,140.1,31.1,-13.8,2535.8,-24.7,175.2,140.7,32.0,0.375,0.75,13.8,27.6,31.0,27.6,24.1
401,2021,장현식,KIA,직구,65.8,147.5,29.4,-6.4,2340.5,-38.3,178.8,137.0,22.2,0.283,0.422,22.3,43.1,16.9,17.7,29.2
402,2021,김현준,KIA,직구,65.6,141.9,33.7,-8.9,2590.5,-45.0,163.3,134.5,30.2,0.261,0.543,13.9,30.6,25.0,30.6,25.0
403,2021,문경찬,NC,직구,65.0,138.1,31.0,-7.8,2356.3,-51.1,171.5,135.2,27.8,0.206,0.382,13.7,35.3,29.4,21.6,23.5
404,2021,김진욱,롯데,직구,64.5,144.3,32.6,11.4,2630.3,37.2,186.6,134.8,19.7,0.218,0.327,38.2,25.0,21.1,15.8,25.0
405,2021,이승재,KIA,직구,64.4,146.7,28.4,-14.9,2450.2,-45.1,171.4,131.4,21.1,0.298,0.491,30.6,26.5,22.4,20.4,16.3
406,2021,이승현,삼성,직구,63.8,144.4,30.9,13.3,2599.6,49.7,187.5,138.6,20.1,0.309,0.506,32.7,36.5,13.5,17.3,32.7
407,2021,소이현,NC,직구,63.4,144.9,27.8,-9.8,2296.5,-33.2,168.0,141.4,6.9,0.286,0.429,59.1,13.6,22.7,4.5,50.0
408,2021,김현수,KIA,직구,63.0,140.6,29.2,-12.2,2320.9,-34.1,172.9,136.2,23.5,0.321,0.552,24.1,33.0,24.1,18.8,24.1
409,2021,손주영,LG,직구,62.7,140.4,25.3,7.8,2002.3,33.3,183.7,135.3,15.1,0.255,0.455,39.5,31.6,18.4,10.5,21.1
410,2021,김재웅,키움,직구,62.5,139.6,36.2,12.2,2796.5,9.0,168.2,137.2,24.3,0.218,0.309,19.5,32.2,29.9,18.4,25.3
411,2021,이충호,한화,직구,62.3,137.9,24.3,22.4,2415.1,68.0,180.6,137.8,10.0,0.356,0.556,37.1,45.7,11.4,5.7,20.0
412,2021,이영하,두산,직구,62.0,145.3,25.4,-16.8,2364.2,-48.2,195.4,137.8,15.6,0.311,0.472,35.8,31.1,22.5,10.6,29.1
413,2021,김정빈,SSG,직구,61.8,142.2,30.5,13.5,2557.3,35.3,171.5,134.6,15.3,0.297,0.459,37.5,33.3,25.0,4.2,25.0
414,2021,장필준,삼성,직구,61.8,143.0,28.8,-12.1,2395.1,-54.1,181.5,138.0,16.8,0.339,0.505,36.6,31.7,19.5,12.2,31.7
415,2021,백승현,LG,직구,60.9,148.8,26.3,-19.1,2564.3,-25.9,171.9,132.9,15.4,0.205,0.205,39.3,21.4,32.1,7.1,21.4
416,2021,김택형,SSG,직구,60.7,144.5,26.4,22.8,2643.0,72.7,172.4,133.1,15.7,0.274,0.387,33.0,37.4,20.0,9.6,29.6
417,2021,미란다,두산,직구,60.7,145.8,31.2,13.9,2647.6,21.6,185.4,136.5,23.1,0.258,0.376,27.6,27.6,21.1,23.6,25.8
418,2021,박민호,SSG,직구,60.7,135.4,12.7,-29.9,2310.5,-101.1,133.6,130.2,19.4,0.228,0.293,30.6,36.1,20.8,12.5,4.2
419,2021,김범수,한화,직구,60.6,147.8,27.9,26.2,2953.4,43.6,162.4,133.3,23.0,0.264,0.339,31.2,26.4,16.8,25.6,15.2
420,2021,조제영,두산,직구,60.5,140.5,27.0,-15.1,2312.4,-53.8,174.3,142.7,20.4,0.303,0.455,25.0,35.7,21.4,17.9,28.6
421,2021,최승용,두산,직구,60.5,141.8,28.3,18.6,2554.0,48.6,176.8,133.0,16.7,0.327,0.592,36.1,36.1,11.1,16.7,25.0
422,2021,조상우,키움,직구,60.4,146.9,27.4,-21.7,2699.4,-46.5,160.4,135.2,28.4,0.233,0.411,17.7,33.9,25.8,22.6,21.0
423,2021,배동현,한화,직구,60.3,136.9,30.6,-8.1,2274.3,-16.5,163.4,132.2,28.7,0.188,0.338,19.7,28.8,24.2,27.3,12.1
424,2021,차명진,KIA,직구,60.1,135.5,29.3,-16.8,2421.8,-74.6,161.6,138.3,25.2,0.25,0.5,22.2,33.3,22.2,22.2,27.8
425,2021,임준섭,한화,직구,60.1,140.8,22.8,11.3,1933.3,38.3,184.7,145.7,13.0,0.533,0.733,40.9,27.3,22.7,9.1,40.9
426,2021,함덕주,LG,직구,60.0,137.5,27.8,13.2,2266.3,57.7,173.6,137.8,13.9,0.265,0.388,42.1,28.9,15.8,13.2,23.7
427,2021,이보근,KT,직구,59.8,138.8,30.5,-14.4,2518.6,-32.9,187.4,138.3,22.1,0.433,0.7,25.0,25.0,41.7,8.3,45.8
428,2021,조현우,KT,직구,59.8,138.7,26.8,21.1,2537.8,48.3,159.9,133.7,18.6,0.262,0.354,42.2,20.0,20.0,17.8,17.8
429,2021,이승호,키움,직구,59.7,141.5,36.1,13.6,2846.5,27.5,177.8,140.0,17.2,0.311,0.439,36.9,31.1,19.4,12.6,29.1
430,2021,이승헌,롯데,직구,59.6,142.0,22.2,-23.2,2421.5,-67.0,183.2,136.6,11.5,0.324,0.405,45.5,32.7,13.9,7.9,24.8
431,2021,주현상,한화,직구,59.4,141.9,31.9,-7.1,2450.1,-62.6,176.3,134.5,25.9,0.241,0.384,22.0,28.6,27.5,22.0,20.9
432,2021,홍상삼,KIA,직구,59.4,143.8,27.2,-15.0,2359.4,-66.8,184.6,136.7,24.7,0.282,0.462,22.1,32.4,23.5,22.1,25.0
433,2021,김태훈,SSG,직구,59.4,141.0,27.5,22.0,2618.7,47.2,182.1,135.0,20.9,0.302,0.472,31.0,28.6,22.6,17.9,23.8
434,2021,곽빈,두산,직구,59.2,145.6,28.9,-15.7,2560.5,-47.2,177.1,135.5,28.4,0.232,0.355,18.9,33.1,18.3,29.6,22.5
435,2021,이우석,NC,직구,59.1,142.0,22.5,-19.2,2242.1,-68.4,170.3,131.9,22.4,0.346,0.577,16.7,38.9,33.3,11.1,27.8
436,2021,진명호,롯데,직구,59.0,141.3,26.1,-2.0,2001.2,-29.2,185.3,130.5,24.5,0.226,0.415,19.4,33.3,33.3,13.9,13.9
437,2021,김도규,롯데,직구,58.6,144.4,28.4,-16.2,2511.3,-26.0,194.2,134.5,21.5,0.315,0.466,31.5,22.2,24.1,22.2,31.5
438,2021,김재윤,KT,직구,58.6,142.7,31.8,-13.5,2650.2,-65.7,174.7,133.9,27.2,0.234,0.343,17.0,35.1,27.7,20.2,22.3
439,2021,김선기,키움,직구,58.2,142.1,29.6,-11.5,2380.8,-64.2,166.1,137.9,23.0,0.365,0.587,25.3,34.1,18.7,22.0,26.4
440,2021,남재현,KIA,직구,58.1,141.0,30.1,-18.8,2618.1,-53.2,180.6,134.7,39.0,0.263,0.474,11.8,23.5,23.5,41.2,17.6
441,2021,김이환,한화,직구,58.0,140.0,29.1,-14.4,2405.9,-51.2,180.1,133.2,22.6,0.303,0.409,29.4,33.3,13.7,23.5,27.5
442,2021,송재영,롯데,직구,57.7,138.5,31.5,6.0,2367.3,7.2,180.5,132.5,28.9,0.382,0.735,15.4,34.6,26.9,23.1,30.8
443,2021,고우석,LG,직구,57.6,152.4,25.6,-17.9,2546.1,-52.7,157.0,136.6,19.0,0.229,0.347,33.8,28.8,20.0,17.5,25.0
444,2021,최원준,두산,직구,57.6,138.3,10.8,-31.7,2437.8,-100.9,111.2,135.5,25.3,0.244,0.392,23.0,30.7,26.5,19.8,19.8
445,2021,전상현,KIA,직구,57.5,140.7,32.6,-5.6,2417.7,-38.9,167.9,132.6,24.2,0.343,0.486,18.8,34.4,34.4,12.5,12.5
446,2021,오동욱,한화,직구,57.3,138.9,15.1,-19.2,1802.6,-72.8,131.8,134.2,20.9,0.313,0.604,27.3,34.1,27.3,11.4,9.1
447,2021,류진욱,NC,직구,57.2,144.4,24.4,-15.9,2244.6,-61.5,168.9,133.2,15.8,0.226,0.301,38.3,28.3,23.3,10.0,20.0
448,2021,권휘,두산,직구,57.0,142.3,28.0,-16.4,2448.3,-22.8,174.6,130.6,27.3,0.128,0.154,34.5,10.3,24.1,31.0,6.9
449,2021,김기중,한화,직구,56.6,139.9,31.3,17.1,2645.8,30.7,177.0,133.5,19.8,0.347,0.484,27.6,33.7,23.5,15.3,19.4
450,2021,윤대경,한화,직구,56.2,139.6,29.9,-10.4,2357.6,-53.3,181.8,134.0,22.0,0.255,0.398,30.9,30.1,19.9,19.1,22.1
451,2021,폰트,SSG,직구,56.0,148.5,31.2,-17.6,2802.8,-57.8,200.2,134.4,25.9,0.232,0.382,21.0,34.1,19.5,25.4,23.9
452,2021,정수민,SSG,직구,56.0,141.2,30.3,-10.2,2387.3,-29.4,182.5,138.0,19.9,0.262,0.525,29.4,25.5,31.4,13.7,21.6
453,2021,박치국,두산,직구,55.9,143.2,12.4,-30.1,2466.3,-55.7,129.4,135.8,13.4,0.302,0.419,48.1,22.2,18.5,11.1,33.3
454,2021,한현희,키움,직구,55.6,143.3,12.7,-30.5,2493.7,-92.0,132.9,136.2,18.1,0.263,0.364,38.2,26.3,18.4,17.1,22.4
455,2021,김민규,두산,직구,55.6,141.3,28.4,-19.5,2585.2,-54.6,168.5,136.8,24.2,0.281,0.467,25.2,28.8,25.2,20.7,21.6
456,2021,김성진,키움,직구,55.3,144.0,29.3,-14.4,2482.7,-45.8,172.4,141.0,16.6,0.292,0.506,35.1,31.2,23.4,10.4,29.9
457,2021,이의리,KIA,직구,55.0,145.4,31.8,20.5,2857.4,63.6,174.3,133.5,21.6,0.238,0.328,29.3,32.1,19.3,19.3,25.0
458,2021,신정락,한화,직구,54.9,140.6,14.9,-16.1,1731.7,-66.9,141.6,129.4,17.5,0.513,0.846,23.5,44.1,26.5,5.9,5.9
459,2021,문용익,삼성,직구,54.9,145.5,28.2,-18.4,2599.0,-62.2,168.3,135.0,21.1,0.302,0.442,35.1,27.0,16.2,21.6,21.6
460,2021,장시환,한화,직구,54.8,143.1,28.4,-10.4,2315.9,-47.1,173.2,134.9,18.6,0.292,0.431,30.6,34.2,19.8,15.3,18.9
461,2021,황영국,한화,직구,54.6,141.5,30.1,29.8,3108.9,58.9,171.6,128.9,21.3,0.172,0.172,21.1,36.8,26.3,15.8,15.8
462,2021,정우람,한화,직구,54.4,136.5,28.7,28.3,2867.5,61.2,170.5,130.1,20.6,0.244,0.378,31.6,31.6,21.1,15.8,19.3
463,2021,박종기,두산,직구,54.4,141.0,23.5,-16.3,2166.1,-64.2,168.2,138.1,19.6,0.306,0.361,31.6,33.3,19.7,15.4,29.9
464,2021,이상영,LG,직구,54.0,140.4,26.6,22.0,2554.0,63.6,174.3,134.9,14.1,0.253,0.337,43.7,25.4,22.5,8.5,19.7
465,2021,서진용,SSG,직구,54.0,144.0,33.2,-7.0,2592.3,-32.7,179.7,139.2,23.3,0.288,0.52,24.0,32.7,26.0,17.3,21.2
466,2021,김진영,한화,직구,53.9,140.0,28.7,-5.6,2188.8,-42.2,171.1,138.2,16.1,0.226,0.419,40.0,20.0,24.0,16.0,16.0
467,2021,구승민,롯데,직구,53.8,144.7,29.4,-16.7,2590.4,-32.1,170.6,136.0,28.3,0.2,0.317,26.2,20.2,23.8,29.8,27.4
468,2021,이재익,삼성,직구,53.6,139.4,27.0,14.5,2279.8,44.7,178.6,138.4,11.9,0.409,0.545,47.1,29.4,23.5,0.0,29.4
469,2021,배제성,KT,직구,53.0,143.8,33.4,-3.0,2614.0,-24.8,183.7,138.1,18.2,0.273,0.39,31.3,36.3,20.0,12.5,28.8
470,2021,안우진,키움,직구,52.9,150.9,30.4,-15.1,2704.6,-30.4,173.2,136.8,18.6,0.244,0.392,34.8,28.8,21.2,15.2,28.8
471,2021,이승민,삼성,직구,52.9,132.9,30.4,18.1,2485.9,28.4,159.7,132.1,20.3,0.25,0.425,26.9,37.3,22.4,13.4,19.4
472,2021,현도훈,두산,직구,52.7,140.8,30.3,-9.3,2376.2,-56.1,166.6,140.3,16.1,0.313,0.375,23.1,53.8,15.4,7.7,7.7
473,2021,김대유,LG,직구,52.5,137.3,17.9,21.3,2052.5,94.0,146.3,135.1,17.2,0.163,0.239,30.6,30.6,28.6,10.2,22.4
474,2021,이민호,LG,직구,52.4,144.6,26.3,-21.6,2609.2,-75.7,168.5,136.9,25.1,0.222,0.373,28.8,24.0,22.6,24.7,25.3
475,2021,이승현,삼성,직구,52.3,142.8,31.7,-12.2,2588.3,-15.0,182.9,135.2,26.5,0.385,0.692,22.2,33.3,20.0,24.4,26.7
476,2021,엄상백,KT,직구,52.0,145.7,24.2,-19.1,2402.3,-72.3,144.9,136.9,28.9,0.208,0.403,13.5,40.4,25.0,21.2,21.2
477,2021,이정용,LG,직구,51.9,146.0,30.9,-15.5,2688.3,-30.1,174.6,135.2,22.3,0.175,0.28,30.8,24.2,25.3,19.8,18.7
478,2021,양창섭,삼성,직구,51.6,142.4,32.4,-10.6,2584.8,-43.3,177.5,135.6,29.5,0.425,0.775,12.1,36.4,27.3,24.2,21.2
479,2021,김태경,NC,직구,51.3,139.5,31.3,-5.7,2383.8,-20.2,181.6,132.8,24.6,0.192,0.346,38.1,4.8,33.3,23.8,14.3
480,2021,이용찬,NC,직구,50.7,145.6,25.5,-24.3,2715.6,-58.2,169.1,133.0,23.2,0.227,0.333,23.6,34.5,21.8,20.0,16.4
481,2021,홍정우,삼성,직구,50.6,141.4,31.3,-12.2,2522.2,-38.9,184.0,135.0,24.3,0.222,0.389,34.8,13.0,21.7,30.4,8.7
482,2021,송명기,NC,직구,50.5,142.5,23.4,-25.3,2599.8,-89.2,151.3,134.9,21.8,0.299,0.472,20.3,41.1,23.4,15.1,20.8
483,2021,강재민,한화,직구,49.9,139.7,14.7,-5.9,1279.8,-52.0,138.0,124.3,21.0,0.225,0.265,33.3,21.7,29.0,15.9,11.6
484,2021,오승환,삼성,직구,49.9,144.6,27.5,-17.2,2495.9,-68.8,167.3,134.4,26.9,0.261,0.383,21.3,29.8,23.4,25.5,21.3
485,2021,이재희,삼성,직구,49.5,137.9,23.9,-3.1,1811.0,-28.0,181.1,135.7,17.6,0.325,0.55,39.3,21.4,25.0,14.3,25.0
486,2021,서준원,롯데,직구,49.4,144.9,17.8,-23.6,2278.8,-48.9,143.3,136.1,13.6,0.313,0.448,36.6,36.6,18.3,8.5,22.5
487,2021,김정인,키움,직구,49.0,140.7,33.2,-14.3,2678.9,-33.5,166.9,136.3,26.8,0.308,0.6,25.5,30.9,16.4,27.3,27.3
488,2021,김진성,NC,직구,48.9,141.0,31.8,-17.7,2720.0,-16.4,191.6,137.0,25.4,0.346,0.63,23.8,23.8,34.9,17.5,22.2
489,2021,프랑코,롯데,직구,48.9,148.9,26.3,-19.5,2585.6,-50.2,183.1,136.8,21.6,0.249,0.438,29.5,30.0,21.2,19.4,29.0
490,2021,김명신,두산,직구,48.8,139.6,25.3,-19.2,2355.8,-24.7,172.1,137.7,17.1,0.294,0.487,28.6,35.7,25.0,10.7,26.2
491,2021,이우찬,LG,직구,48.6,141.0,22.8,10.2,1903.6,46.5,180.1,134.4,12.7,0.358,0.463,36.5,38.5,17.3,7.7,23.1
492,2021,이상민,삼성,직구,48.5,137.8,23.1,19.8,2246.4,45.2,167.2,135.5,12.4,0.395,0.581,44.4,33.3,13.9,8.3,22.2
493,2021,김윤식,LG,직구,48.5,141.8,26.7,19.5,2493.2,44.3,172.7,131.6,17.9,0.286,0.361,38.2,25.8,20.2,15.7,18.0
494,2021,최성훈,LG,직구,48.2,138.2,19.3,13.6,1755.2,59.1,164.2,138.5,8.4,0.25,0.342,54.7,26.4,11.3,7.5,32.1
495,2021,윤명준,두산,직구,48.1,139.6,27.7,-17.7,2447.5,-51.1,174.5,136.6,17.0,0.361,0.482,35.1,35.1,18.9,10.8,31.1
496,2021,박세웅,롯데,직구,47.8,145.2,26.2,-13.8,2306.9,-20.7,167.7,138.4,19.3,0.291,0.489,35.3,26.5,21.9,16.3,30.2
497,2021,오원석,SSG,직구,47.0,139.2,24.3,13.8,2074.9,75.5,169.6,138.2,17.9,0.299,0.448,31.7,33.8,22.5,12.0,31.0
498,2021,임준형,LG,직구,46.9,140.2,19.7,16.3,1952.6,88.7,157.8,124.5,14.7,0.286,0.333,44.8,27.6,17.2,10.3,13.8
499,2021,최채흥,삼성,직구,46.8,135.9,30.7,14.2,2449.7,64.8,183.8,135.1,23.3,0.3,0.483,29.0,27.2,24.9,18.9,21.9
500,2021,김원중,롯데,직구,46.8,147.0,28.2,-20.5,2703.9,-50.1,185.1,135.9,23.7,0.316,0.513,24.2,26.4,34.1,15.4,23.1
501,2021,차우찬,LG,직구,46.7,137.2,31.8,14.2,2528.8,47.3,174.7,135.6,27.8,0.244,0.293,21.6,29.7,21.6,27.0,13.5
502,2021,조영우,SSG,직구,46.3,141.0,31.6,-13.8,2577.5,-20.9,182.3,133.2,25.3,0.306,0.562,20.5,34.1,25.0,20.5,25.0
503,2021,원태인,삼성,직구,46.1,143.8,29.1,-12.2,2417.8,-34.6,174.4,135.5,16.5,0.308,0.43,34.5,37.1,16.2,12.2,20.8
504,2021,임창민,NC,직구,46.0,141.9,28.7,-19.2,2596.6,-56.7,176.1,135.1,27.8,0.172,0.266,21.7,28.3,23.9,26.1,26.1
505,2021,심창민,삼성,직구,46.0,141.5,17.2,-23.2,2200.2,-71.1,123.4,135.4,21.9,0.297,0.475,26.0,35.6,21.9,16.4,20.5
506,2021,이태양,SSG,직구,45.9,141.4,31.2,-18.2,2692.8,-18.3,184.2,137.3,27.2,0.346,0.611,20.3,30.7,21.6,27.5,30.1
507,2021,다카하시,KIA,직구,45.7,147.3,27.2,-11.2,2255.8,-62.1,168.6,133.5,21.5,0.371,0.532,24.4,34.1,24.4,17.1,14.6
508,2021,김유신,KIA,직구,45.7,136.1,32.2,15.0,2543.0,44.0,176.5,136.8,22.2,0.271,0.542,35.5,15.8,26.3,22.4,26.3
509,2021,서덕원,KIA,직구,45.6,139.8,28.5,-16.7,2388.1,-52.0,162.1,132.0,22.3,0.355,0.629,23.9,30.4,34.8,10.9,15.2
510,2021,임찬규,LG,직구,45.6,142.3,28.1,-19.0,2569.0,-24.6,165.9,134.6,23.2,0.228,0.324,29.7,29.7,22.8,17.8,23.8
511,2021,우규민,삼성,직구,45.4,136.2,5.2,-26.5,1955.4,-100.4,107.3,137.2,14.2,0.329,0.447,41.0,29.5,18.0,11.5,31.1
512,2021,심재민,KT,직구,45.2,139.4,30.2,15.8,2565.3,31.4,177.0,134.9,18.2,0.265,0.353,32.2,30.5,23.7,13.6,23.7
513,2021,김민우,한화,직구,45.1,139.8,31.6,-3.0,2372.2,-26.3,189.6,134.8,23.9,0.245,0.409,26.1,28.4,26.1,19.3,19.9
514,2021,박진태,KIA,직구,45.1,138.5,12.5,-28.1,2210.6,-76.4,129.2,132.8,19.5,0.286,0.476,33.3,25.3,29.9,11.5,19.5
515,2021,김유영,롯데,직구,45.0,142.3,20.4,16.9,2000.9,52.8,153.6,135.8,14.4,0.314,0.314,33.3,42.9,14.3,9.5,28.6
516,2021,손정욱,NC,직구,44.9,138.3,33.2,10.7,2552.5,37.3,178.0,129.7,19.6,0.385,0.692,37.5,20.8,29.2,12.5,8.3
517,2021,킹험,한화,직구,44.8,143.3,25.9,-6.8,2077.3,-58.6,187.0,132.5,23.6,0.267,0.419,23.5,31.2,26.5,18.8,15.9
518,2021,임기영,KIA,직구,44.6,137.6,15.7,-26.4,2210.6,-80.4,143.5,132.6,18.3,0.28,0.402,29.8,36.6,19.9,13.6,24.6
519,2021,이대은,KT,직구,44.6,146.2,25.4,-21.1,2577.0,-57.7,175.9,133.2,19.6,0.319,0.447,26.7,43.3,10.0,20.0,16.7
520,2021,장지훈,SSG,직구,44.5,140.0,13.9,-29.5,2392.8,-84.1,151.2,133.9,14.0,0.282,0.403,41.2,29.8,20.2,8.8,23.7
521,2021,강윤구,롯데,직구,44.5,138.3,30.8,14.8,2497.2,41.8,170.9,133.9,25.3,0.36,0.68,21.1,26.3,31.6,21.1,31.6
522,2021,최지광,삼성,직구,44.4,143.1,31.1,-8.9,2474.0,-44.2,169.5,141.1,22.8,0.346,0.63,25.8,32.3,21.0,21.0,38.7
523,2021,장민재,한화,직구,44.0,135.4,28.6,-10.2,2204.6,-62.1,181.5,133.1,20.4,0.4,0.778,20.0,42.5,22.5,15.0,20.0
524,2021,스트레일리,롯데,직구,43.8,145.8,26.7,-19.9,2575.4,-68.2,178.8,135.9,24.4,0.321,0.468,18.6,39.9,23.5,18.0,24.0
525,2021,한승혁,KIA,직구,43.6,148.5,24.6,-8.5,2047.8,-49.9,180.1,140.8,6.9,0.386,0.477,50.0,35.3,11.8,2.9,29.4
526,2021,최민준,SSG,직구,43.5,141.4,30.9,-12.0,2487.0,-10.3,176.0,138.1,23.1,0.304,0.481,24.8,33.7,23.8,17.8,32.7
527,2021,김동혁,키움,직구,43.0,128.9,3.3,-25.7,1780.4,-92.1,118.5,138.9,18.3,0.295,0.47,30.8,34.2,23.1,12.0,26.5
528,2021,배민서,NC,직구,43.0,142.9,17.5,-26.8,2414.4,-74.3,151.6,137.8,16.1,0.298,0.417,40.9,24.2,25.8,9.1,30.3
529,2021,채지선,LG,직구,42.9,143.7,29.4,-10.2,2384.7,-27.4,173.9,139.3,26.9,0.35,0.55,29.4,17.6,23.5,29.4,23.5
530,2021,김민수,KT,직구,42.9,141.0,25.7,-7.4,2067.6,-49.4,187.6,131.6,19.5,0.286,0.351,29.6,33.3,20.4,16.7,16.7
531,2021,카펜터,한화,직구,42.9,144.3,26.5,24.4,2736.1,63.3,197.9,134.0,18.0,0.258,0.381,36.6,29.1,18.3,16.0,16.6
532,2021,최영환,롯데,직구,42.8,141.9,27.9,-7.0,2187.6,-41.1,186.9,131.0,21.7,0.355,0.565,25.5,37.3,15.7,21.6,21.6
533,2021,장원준,두산,직구,42.5,138.5,19.9,23.5,2267.3,41.9,173.6,137.5,9.5,0.359,0.41,51.9,25.9,18.5,3.7,40.7
534,2021,이재학,NC,직구,42.5,138.1,21.1,-26.3,2471.0,-68.3,151.0,132.7,23.3,0.266,0.46,22.6,31.2,29.0,17.2,20.4
535,2021,윤중현,KIA,직구,42.5,137.0,9.0,-26.0,1996.3,-97.7,128.6,133.8,16.1,0.319,0.397,38.2,30.0,19.1,12.7,19.1
536,2021,강동연,NC,직구,42.4,141.1,26.9,-16.5,2358.4,-42.6,187.4,141.7,17.4,0.282,0.538,31.3,37.5,21.9,9.4,34.4
537,2021,유희관,두산,직구,42.3,128.3,30.9,14.7,2311.8,26.5,162.6,139.1,20.4,0.396,0.559,27.2,33.7,25.0,14.1,25.0
538,2021,진해수,LG,직구,42.1,140.6,26.3,11.8,2173.9,48.0,185.4,138.2,9.0,0.269,0.359,51.7,24.1,17.2,6.9,24.1
539,2021,수아레즈,LG,직구,42.1,146.7,29.4,19.3,2737.9,43.2,190.3,134.4,28.5,0.201,0.293,18.5,28.3,25.0,28.3,21.7
540,2021,이준영,KIA,직구,42.0,140.5,30.8,14.4,2500.8,43.0,181.6,132.0,17.0,0.209,0.256,34.4,31.3,25.0,9.4,25.0
541,2021,김상수,SSG,직구,40.9,142.3,28.4,-20.0,2618.7,-39.1,170.3,139.0,24.2,0.343,0.598,23.8,32.5,25.0,18.8,26.3
542,2021,김건국,롯데,직구,39.4,142.1,27.6,-13.7,2326.8,-22.4,180.6,141.8,15.3,0.333,0.576,46.4,14.3,28.6,10.7,32.1
543,2021,김영규,NC,직구,39.1,138.9,29.9,16.9,2555.5,49.3,189.1,135.5,20.1,0.295,0.429,33.8,22.5,28.8,15.0,23.8
544,2021,박정수,두산,직구,38.6,139.9,12.2,-26.2,2163.7,-46.3,140.1,140.6,21.5,0.34,0.638,35.1,18.9,29.7,16.2,27.0
545,2021,이민우,KIA,직구,38.3,141.7,29.0,-7.9,2246.5,-49.9,189.9,139.5,17.6,0.308,0.516,39.4,26.8,16.9,16.9,26.8
546,2021,멩덴,KIA,직구,36.9,144.6,30.7,-11.5,2485.3,-43.0,178.7,130.9,22.0,0.178,0.289,26.3,30.3,24.2,19.2,14.1
547,2021,나균안,롯데,직구,36.9,141.5,29.5,-13.9,2451.8,-51.4,177.6,137.2,23.8,0.351,0.506,22.2,39.7,17.5,20.6,19.0
548,2021,파슨스,NC,직구,36.0,147.5,26.1,-22.4,2686.3,-56.5,173.3,135.4,20.3,0.259,0.388,34.8,22.3,27.7,15.2,22.3
549,2021,서동민,SSG,직구,35.7,139.9,26.6,-12.8,2185.6,-25.7,179.5,139.7,24.8,0.394,0.576,20.8,41.7,8.3,29.2,25.0
550,2021,이현승,두산,직구,35.4,139.3,25.8,5.5,1984.5,41.6,178.4,133.4,23.5,0.2,0.2,23.1,23.1,38.5,15.4,11.5
551,2021,최금강,NC,직구,35.0,138.4,19.8,-21.2,2150.5,-78.1,170.3,140.4,11.0,0.356,0.6,50.0,20.6,23.5,5.9,32.4
552,2021,김대우,삼성,직구,34.8,131.9,0.2,-12.2,907.3,-63.0,70.2,132.0,19.0,0.352,0.535,31.0,34.5,20.7,13.8,24.1
553,2021,배재준,LG,직구,33.7,141.9,25.8,-19.3,2419.9,-47.2,173.6,131.2,18.6,0.302,0.395,27.6,41.4,17.2,13.8,24.1
554,2021,라이블리,삼성,직구,33.4,143.3,26.6,-13.0,2267.4,-40.3,156.4,141.0,24.7,0.293,0.561,23.5,29.4,17.6,29.4,32.4
555,2021,원종현,NC,직구,32.3,146.5,16.6,-10.8,1617.3,-28.2,148.1,131.9,20.4,0.32,0.44,30.9,32.7,20.0,16.4,21.8
556,2021,켈리,LG,직구,30.8,144.9,26.9,-12.7,2313.8,-38.2,188.1,132.2,23.2,0.257,0.381,25.5,31.7,20.5,22.4,18.0
557,2021,신민혁,NC,직구,30.7,139.8,28.0,-12.2,2275.3,-38.5,172.4,130.7,23.6,0.323,0.494,25.9,30.9,22.3,20.9,18.0
558,2021,홍성민,NC,직구,30.0,137.0,19.2,-26.1,2342.0,-43.8,170.4,139.2,17.4,0.395,0.558,35.3,32.4,17.6,14.7,29.4
559,2021,쿠에바스,KT,직구,28.2,143.4,26.5,-11.5,2249.5,-50.8,171.0,133.7,26.6,0.252,0.398,22.3,24.5,29.8,23.4,18.1
560,2021,데스파이네,KT,직구,27.8,147.0,22.7,-9.8,2007.9,-39.9,171.8,136.2,12.8,0.27,0.405,40.5,35.7,16.7,7.1,32.5
561,2021,주권,KT,직구,27.7,141.3,27.8,-10.7,2270.8,-46.0,167.9,135.6,18.5,0.235,0.412,33.3,37.5,12.5,16.7,20.8
562,2021,노경은,롯데,직구,27.6,139.2,27.8,-17.3,2441.4,-45.6,180.4,138.5,21.7,0.369,0.646,28.3,28.3,24.5,18.9,24.5
563,2021,루친스키,NC,직구,27.3,147.4,24.1,-17.3,2342.1,-70.0,170.8,134.4,17.4,0.246,0.33,29.6,39.1,18.3,13.0,23.5
564,2021,백정현,삼성,직구,25.5,136.8,31.8,10.6,2459.2,54.0,174.6,131.5,23.6,0.216,0.317,22.1,31.7,28.8,17.3,14.4
565,2021,문승원,SSG,직구,23.7,142.6,30.5,-17.4,2622.8,-50.5,171.8,138.8,21.8,0.269,0.462,28.3,32.6,17.4,21.7,23.9
566,2021,뷰캐넌,삼성,직구,23.4,144.1,27.8,-11.2,2321.6,-56.5,187.3,137.3,16.2,0.285,0.423,38.7,24.5,27.4,9.4,28.3
567,2021,박시영,KT,직구,23.1,144.1,30.7,-3.5,2426.1,-10.7,181.1,140.8,8.3,0.235,0.324,43.3,43.3,6.7,6.7,30.0
568,2021,신재영,SSG,직구,22.7,135.3,16.0,-26.1,2192.3,-53.7,137.6,138.0,22.7,0.385,0.577,10.0,50.0,30.0,10.0,20.0
569,2021,브룩스,KIA,직구,18.1,148.5,23.5,-17.9,2292.3,-65.4,187.9,135.3,13.6,0.347,0.429,34.4,37.5,21.9,6.3,25.0
570,2021,정찬헌,키움,직구,12.0,138.3,23.9,-21.8,2381.1,-23.4,173.2,139.7,22.7,0.347,0.6,23.4,42.2,14.1,20.3,25.0
571,2021,소형준,KT,직구,10.6,141.0,23.3,-13.3,2033.7,-38.2,171.4,140.6,13.2,0.375,0.6,48.4,22.6,16.1,12.9,32.3
572,2021,고영표,KT,직구,10.6,134.8,-3.4,-23.7,1729.1,-75.8,109.5,139.9,1.8,0.284,0.343,62.8,30.2,4.7,2.3,32.6
573,2021,로켓,두산,직구,6.0,147.7,19.3,-17.0,2056.6,-49.6,176.9,132.0,14.0,0.143,0.143,43.8,25.0,12.5,18.8,12.5
