,연도,선수,팀,구종,슬라이더_구사%,슬라이더_구속,슬라이더_상하_무브먼트,슬라이더_좌우_무브먼트,슬라이더_분당_회전수,슬라이더_좌우_릴리스포인트,슬라이더_상하_릴리스포인트,슬라이더_타구_속도,슬라이더_상하_각도,슬라이더_피안타율,슬라이더_피장타율,슬라이더_땅볼%,슬라이더_라인드라이브%,슬라이더_뜬공%,슬라이더_팝플라이%,슬라이더_강한_타구%
0,2023,이준영,KIA,슬라이더,73.1,131.1,8.3,-0.2,674.5,31.6,185.5,127.5,24.6,0.218,0.267,22.6,38.7,17.7,21.0,9.7
1,2023,임준섭,SSG,슬라이더,54.4,127.3,-1.2,-3.3,430.7,36.8,192.1,137.5,6.8,0.296,0.338,51.3,35.9,12.8,0.0,25.6
2,2023,고효준,SSG,슬라이더,51.7,129.9,2.2,-0.5,443.0,51.9,172.8,133.9,19.1,0.265,0.345,31.0,31.0,26.8,11.3,18.3
3,2023,김영현,KT,슬라이더,49.4,130.4,11.4,5.3,946.7,-31.5,167.6,136.3,17.6,0.2,0.277,31.4,28.6,31.4,8.6,20.0
4,2023,진해수,LG,슬라이더,47.3,126.7,2.7,-3.0,525.1,55.5,194.2,134.8,18.6,0.267,0.367,23.5,47.1,23.5,5.9,17.6
5,2023,김성진,키움,슬라이더,46.7,129.3,11.6,5.7,974.1,-82.8,164.1,132.4,25.6,0.179,0.321,24.5,30.6,20.4,24.5,22.4
6,2023,하준영,NC,슬라이더,45.3,133.2,9.8,0.4,761.7,65.9,172.7,126.9,23.5,0.253,0.358,38.9,14.8,22.2,24.1,11.1
7,2023,최지광,삼성,슬라이더,45.0,134.2,8.9,3.6,781.2,-57.3,170.1,136.0,30.5,0.25,0.429,14.3,33.3,28.6,23.8,33.3
8,2023,이명종,키움,슬라이더,43.7,122.2,-0.5,3.3,423.0,-44.2,164.0,136.8,15.1,0.322,0.467,37.5,31.3,21.9,9.4,20.3
9,2023,김민,KT,슬라이더,43.7,129.4,-0.9,4.6,507.7,-52.0,177.5,138.0,11.0,0.217,0.3,44.4,37.0,14.8,3.7,37.0
10,2023,강재민,한화,슬라이더,42.9,123.0,9.0,17.6,1303.0,-64.6,114.5,126.7,30.6,0.222,0.319,19.0,23.8,33.3,23.8,4.8
11,2023,김선기,키움,슬라이더,42.7,131.0,13.1,9.2,1164.5,-55.0,171.5,131.0,22.4,0.259,0.388,22.6,41.5,20.8,15.1,13.2
12,2023,최지강,두산,슬라이더,42.5,133.8,3.2,2.9,478.1,-57.1,161.5,133.5,21.3,0.195,0.268,28.1,31.3,28.1,12.5,9.4
13,2023,하영민,키움,슬라이더,42.3,137.5,13.8,3.4,1119.0,-45.2,163.9,131.0,23.9,0.218,0.322,29.8,29.8,19.1,21.3,10.6
14,2023,전상현,KIA,슬라이더,41.7,134.6,14.7,1.4,1101.6,-32.7,175.9,131.2,22.2,0.145,0.157,26.0,30.0,26.0,18.0,10.0
15,2023,이영하,두산,슬라이더,40.1,135.4,9.3,1.9,757.3,-44.1,199.8,126.8,22.3,0.18,0.26,26.1,34.8,21.7,17.4,4.3
16,2023,강효종,LG,슬라이더,39.0,133.9,1.2,1.3,423.3,-62.0,172.5,134.9,17.7,0.286,0.405,25.0,43.8,25.0,6.3,28.1
17,2023,홍건희,두산,슬라이더,38.9,134.2,5.6,1.4,549.1,-53.4,182.6,134.6,21.9,0.202,0.247,36.6,26.8,14.6,22.0,24.4
18,2023,김동주,두산,슬라이더,38.7,132.6,7.9,-1.4,713.3,-75.3,185.5,133.1,20.8,0.239,0.318,33.3,25.5,25.5,15.7,19.6
19,2023,임정호,NC,슬라이더,38.5,129.1,13.8,1.7,1041.7,45.7,152.2,129.3,21.4,0.213,0.35,25.5,31.4,29.4,13.7,19.6
20,2023,김범수,한화,슬라이더,38.0,136.3,5.6,4.7,700.1,44.3,164.5,137.8,14.5,0.243,0.301,34.0,38.0,20.0,8.0,24.0
21,2023,앤더슨,KIA,슬라이더,37.9,136.9,5.9,8.1,777.3,-62.9,184.4,133.8,21.3,0.248,0.408,29.9,31.2,23.4,15.6,16.9
22,2023,이상민,삼성,슬라이더,37.3,125.0,3.2,1.0,425.5,61.7,170.9,133.5,21.4,0.37,0.593,26.7,26.7,33.3,13.3,26.7
23,2023,임창민,키움,슬라이더,37.2,131.2,10.9,0.5,825.7,-64.0,178.1,130.7,22.0,0.268,0.268,19.4,47.2,13.9,19.4,19.4
24,2023,최채흥,삼성,슬라이더,36.5,127.9,7.6,-3.6,662.5,69.4,184.9,129.2,22.2,0.3,0.438,25.5,36.4,21.8,16.4,21.8
25,2023,김광현,SSG,슬라이더,36.4,130.8,8.0,-7.9,881.9,44.4,175.0,130.1,24.7,0.257,0.362,24.5,28.8,27.3,19.4,19.4
26,2023,한승주,한화,슬라이더,36.3,126.5,2.6,11.0,962.4,-55.5,173.4,129.0,20.8,0.163,0.25,29.3,31.0,20.7,19.0,15.5
27,2023,백승건,SSG,슬라이더,35.8,130.6,8.5,-5.5,782.7,49.1,172.0,130.3,21.6,0.255,0.468,29.6,33.3,14.8,22.2,14.8
28,2023,배제성,KT,슬라이더,35.4,128.1,11.7,6.5,996.1,-24.7,188.0,133.9,18.4,0.271,0.355,38.5,26.9,16.2,18.5,19.2
29,2023,문승원,SSG,슬라이더,35.4,135.0,9.1,-1.8,777.6,-50.5,167.3,137.3,12.9,0.291,0.364,42.6,28.7,21.8,6.9,28.7
30,2023,김영규,NC,슬라이더,35.0,134.7,10.1,0.8,803.9,56.3,185.6,133.6,12.3,0.217,0.315,39.6,35.8,11.3,13.2,18.9
31,2023,이민호,LG,슬라이더,34.4,132.5,11.1,2.2,899.4,-54.9,165.2,128.5,31.5,0.185,0.222,6.7,46.7,20.0,26.7,20.0
32,2023,윤영철,KIA,슬라이더,34.2,128.2,10.1,0.4,749.5,64.8,178.9,132.7,20.3,0.217,0.344,30.0,31.8,24.5,13.6,19.1
33,2023,김서현,한화,슬라이더,34.0,133.7,-2.4,7.8,721.2,-77.5,158.3,125.6,11.4,0.167,0.167,50.0,30.0,10.0,10.0,10.0
34,2023,남지민,한화,슬라이더,33.8,129.8,0.1,11.3,847.5,-35.8,188.0,128.4,17.2,0.367,0.429,35.5,29.0,19.4,16.1,9.7
35,2023,태너,NC,슬라이더,33.3,124.8,5.7,-10.1,904.7,76.8,180.5,127.7,25.3,0.151,0.194,16.1,35.7,28.6,19.6,10.7
36,2023,원종현,키움,슬라이더,33.0,132.2,9.8,8.1,950.4,-52.6,151.1,136.0,17.2,0.522,0.913,22.2,50.0,16.7,11.1,38.9
37,2023,반즈,롯데,슬라이더,32.8,128.6,1.3,-8.0,705.3,48.8,179.5,130.5,17.0,0.203,0.237,28.2,39.8,22.3,9.7,16.5
38,2023,장원준,두산,슬라이더,32.5,127.0,5.8,2.9,495.0,53.3,169.5,135.7,21.5,0.269,0.385,35.5,29.0,12.9,22.6,22.6
39,2023,백승현,LG,슬라이더,32.3,138.2,13.2,1.5,1057.1,-19.6,172.1,141.6,20.8,0.163,0.204,30.0,35.0,20.0,15.0,50.0
40,2023,김대우,삼성,슬라이더,32.3,121.2,5.1,1.3,442.1,-71.2,56.0,133.5,29.6,0.226,0.429,19.3,26.3,29.8,24.6,19.3
41,2023,진승현,롯데,슬라이더,32.2,129.1,9.0,1.9,705.2,-19.1,181.0,122.9,22.7,0.16,0.16,46.2,7.7,23.1,23.1,7.7
42,2023,황동하,KIA,슬라이더,32.2,131.1,13.5,-4.3,1034.4,-31.5,172.1,129.4,29.3,0.231,0.385,14.3,33.3,23.8,28.6,9.5
43,2023,박승주,키움,슬라이더,31.5,132.3,13.4,1.5,987.1,-33.1,178.8,132.0,20.9,0.261,0.391,40.0,26.7,13.3,20.0,6.7
44,2023,최원태,LG,슬라이더,31.1,136.9,16.1,0.2,1218.5,-37.9,164.0,134.2,17.4,0.327,0.447,34.8,32.1,25.0,8.0,27.7
45,2023,최원준,두산,슬라이더,30.4,126.7,9.6,-4.0,807.0,-87.2,106.3,133.0,26.2,0.264,0.418,19.8,30.2,27.9,22.1,20.9
46,2023,김기중,한화,슬라이더,30.1,130.2,11.3,7.2,1029.4,44.8,185.6,134.0,24.3,0.293,0.467,22.4,32.7,26.5,18.4,20.4
47,2023,이선우,KT,슬라이더,29.8,119.2,2.7,12.1,849.4,-86.1,111.0,132.1,20.4,0.22,0.366,17.9,28.6,50.0,3.6,14.3
48,2023,오원석,SSG,슬라이더,29.7,130.6,11.5,0.1,923.1,63.7,169.9,131.0,21.1,0.278,0.35,29.5,35.7,17.8,17.1,14.7
49,2023,최승용,두산,슬라이더,29.5,130.2,10.7,-0.3,809.6,59.8,176.0,134.8,19.7,0.264,0.336,34.1,29.5,19.3,17.0,19.3
50,2023,이승현,삼성,슬라이더,29.5,126.9,1.5,-1.2,440.9,45.9,196.0,132.1,18.5,0.205,0.295,35.7,28.6,21.4,14.3,7.1
51,2023,이용준,NC,슬라이더,28.8,125.4,2.3,0.8,383.6,-57.8,184.2,129.3,17.9,0.215,0.338,35.9,28.2,25.6,10.3,17.9
52,2023,문성현,키움,슬라이더,28.6,130.1,11.7,7.2,976.7,-20.0,171.8,132.8,12.1,0.211,0.316,40.7,37.0,11.1,11.1,22.2
53,2023,박신지,두산,슬라이더,28.5,129.5,4.7,-1.9,475.5,-65.4,179.0,135.4,25.2,0.231,0.269,23.5,23.5,35.3,17.6,17.6
54,2023,최지민,KIA,슬라이더,28.2,131.7,7.3,4.1,650.5,58.0,169.2,138.5,14.5,0.163,0.204,39.1,34.8,13.0,13.0,21.7
55,2023,노경은,SSG,슬라이더,28.0,135.5,14.5,0.9,1122.1,-29.0,187.1,130.2,17.0,0.247,0.355,30.3,34.8,19.7,15.2,15.2
56,2023,김대유,KIA,슬라이더,27.9,127.1,10.9,5.2,855.1,90.7,146.3,124.4,19.6,0.241,0.379,20.0,35.0,40.0,5.0,5.0
57,2023,윤석원,키움,슬라이더,27.8,125.0,8.0,-1.9,672.2,41.5,181.0,139.4,14.9,0.387,0.516,34.8,34.8,21.7,8.7,30.4
58,2023,스트레일리,롯데,슬라이더,27.4,130.5,4.1,4.6,544.6,-69.0,183.3,133.4,21.0,0.194,0.194,39.3,26.2,8.2,26.2,16.4
59,2023,오승환,삼성,슬라이더,27.3,133.3,13.8,-1.1,1035.3,-73.0,164.8,135.0,29.1,0.219,0.484,14.3,37.1,25.7,22.9,22.9
60,2023,이승현,삼성,슬라이더,27.2,130.8,14.6,2.2,1086.0,-24.5,187.2,131.7,21.0,0.3,0.367,34.8,32.6,17.4,15.2,17.4
61,2023,백정현,삼성,슬라이더,27.2,124.4,12.3,1.0,892.9,49.4,175.4,134.5,19.9,0.264,0.341,36.5,27.0,23.8,12.7,15.9
62,2023,이병헌,두산,슬라이더,27.1,132.0,2.8,-4.3,551.7,44.0,168.8,132.3,20.5,0.233,0.333,13.3,46.7,40.0,0.0,20.0
63,2023,이형범,두산,슬라이더,26.9,137.5,10.7,-0.5,898.9,-27.7,167.2,128.2,17.7,0.25,0.393,40.0,25.0,25.0,10.0,30.0
64,2023,정철원,두산,슬라이더,26.9,131.8,0.5,0.5,393.9,-18.2,189.3,128.2,18.9,0.246,0.319,38.6,25.0,15.9,20.5,13.6
65,2023,안우진,키움,슬라이더,26.2,142.2,17.0,-0.6,1376.5,-19.4,174.5,133.6,17.9,0.178,0.289,35.4,29.2,24.6,10.8,21.5
66,2023,최성영,NC,슬라이더,26.1,125.4,10.1,0.2,729.1,69.3,173.7,133.9,19.4,0.299,0.373,23.9,37.0,30.4,8.7,23.9
67,2023,주현상,한화,슬라이더,25.9,134.6,10.6,7.0,1018.1,-55.8,173.1,130.5,26.0,0.148,0.167,25.9,25.9,25.9,22.2,14.8
68,2023,유영찬,LG,슬라이더,25.8,134.9,8.6,-0.1,756.2,-33.5,179.4,128.3,18.0,0.14,0.2,38.1,28.6,19.0,14.3,14.3
69,2023,원태인,삼성,슬라이더,25.3,132.6,13.1,3.1,1016.3,-42.2,172.4,132.3,19.2,0.299,0.381,20.7,44.8,23.0,11.5,18.4
70,2023,정찬헌,키움,슬라이더,25.0,127.7,13.2,4.3,1018.2,-32.4,173.7,134.9,20.5,0.322,0.424,34.7,30.6,18.4,16.3,18.4
71,2023,송영진,SSG,슬라이더,24.9,130.2,1.9,7.0,658.3,-38.2,180.9,137.8,19.8,0.25,0.409,24.0,36.0,32.0,8.0,16.0
72,2023,장현식,KIA,슬라이더,24.5,133.4,10.9,1.2,840.1,-45.1,179.9,128.1,20.8,0.222,0.333,18.2,39.4,36.4,6.1,15.2
73,2023,한승혁,한화,슬라이더,24.3,135.0,16.8,2.9,1289.2,-39.0,177.7,127.8,23.0,0.294,0.529,31.8,22.7,18.2,27.3,4.5
74,2023,김도규,롯데,슬라이더,24.2,126.0,6.9,1.3,596.3,-24.9,193.9,136.3,16.9,0.2,0.32,31.3,31.3,31.3,6.3,18.8
75,2023,와이드너,삼성,슬라이더,24.1,128.8,6.0,13.4,1074.7,-64.8,161.5,127.1,24.5,0.265,0.373,24.6,21.1,40.4,14.0,12.3
76,2023,구창모,NC,슬라이더,23.9,132.1,11.4,1.7,867.3,71.5,174.8,131.7,13.1,0.195,0.293,52.4,23.8,23.8,0.0,14.3
77,2023,곽빈,두산,슬라이더,23.7,136.0,8.5,-6.0,818.7,-48.8,173.1,137.1,21.4,0.184,0.286,26.0,24.0,38.0,12.0,24.0
78,2023,심재민,롯데,슬라이더,23.5,127.9,3.2,-2.4,590.1,34.5,181.3,136.2,16.6,0.327,0.364,42.9,28.6,16.7,11.9,21.4
79,2023,플럿코,LG,슬라이더,23.4,125.5,5.2,12.3,965.2,-43.6,181.6,126.5,27.8,0.216,0.315,22.4,31.0,17.2,29.3,10.3
80,2023,양창섭,삼성,슬라이더,23.4,130.3,8.9,0.9,694.3,-45.5,175.1,130.8,23.3,0.417,0.75,28.6,28.6,19.0,23.8,23.8
81,2023,벤자민,KT,슬라이더,23.3,126.9,-1.3,-12.0,885.6,81.3,186.5,131.2,15.9,0.185,0.225,39.3,32.6,15.7,12.4,13.5
82,2023,박세웅,롯데,슬라이더,23.2,133.6,4.8,5.9,815.2,-28.2,170.1,131.5,21.4,0.25,0.308,30.1,38.4,11.0,20.5,12.3
83,2023,김강률,두산,슬라이더,23.2,132.9,4.7,4.1,564.7,-25.6,184.7,142.1,14.7,0.176,0.353,44.4,22.2,22.2,11.1,22.2
84,2023,장재영,키움,슬라이더,23.1,133.3,-0.4,10.0,853.8,-35.9,175.7,131.7,16.1,0.259,0.352,38.7,35.5,12.9,12.9,29.0
85,2023,손동현,KT,슬라이더,23.0,125.6,4.6,6.2,672.1,-35.3,165.3,141.2,12.6,0.289,0.447,46.4,21.4,25.0,7.1,35.7
86,2023,최이준,롯데,슬라이더,22.6,131.9,4.8,0.7,510.2,-37.0,172.9,135.2,17.6,0.2,0.3,21.4,35.7,42.9,0.0,28.6
87,2023,황동재,삼성,슬라이더,22.5,129.6,5.9,-5.2,678.9,-50.7,184.5,141.7,23.0,0.28,0.52,37.5,0.0,50.0,12.5,50.0
88,2023,수아레즈,삼성,슬라이더,22.2,135.3,14.2,1.0,1132.3,-41.0,180.1,127.5,18.6,0.183,0.268,34.1,22.7,25.0,18.2,9.1
89,2023,박정수,두산,슬라이더,22.0,130.0,8.5,-3.8,782.6,-64.6,134.6,128.9,25.1,0.276,0.31,21.1,31.6,26.3,21.1,15.8
90,2023,산체스,한화,슬라이더,21.7,136.0,4.1,1.5,618.5,57.5,170.9,133.0,15.0,0.254,0.458,35.9,39.1,17.2,7.8,18.8
91,2023,우규민,삼성,슬라이더,21.5,128.5,7.3,-7.2,784.1,-94.9,111.9,123.6,32.2,0.455,0.591,16.7,44.4,11.1,27.8,11.1
92,2023,이의리,KIA,슬라이더,20.8,132.3,4.2,2.1,497.8,65.6,176.1,131.7,19.2,0.184,0.235,34.1,31.8,27.3,6.8,15.9
93,2023,김윤식,LG,슬라이더,19.8,125.5,4.6,2.8,586.4,42.3,179.7,136.1,20.8,0.389,0.611,32.5,30.0,25.0,12.5,15.0
94,2023,김재윤,KT,슬라이더,19.8,124.0,2.1,5.8,527.7,-69.3,177.6,130.6,12.3,0.283,0.283,35.5,48.4,6.5,9.7,12.9
95,2023,쿠에바스,KT,슬라이더,19.7,127.7,5.5,22.1,1565.4,-53.4,172.5,122.9,28.0,0.172,0.183,19.6,25.5,31.4,23.5,2.0
96,2023,브랜든,두산,슬라이더,19.4,130.1,6.1,-13.3,1077.6,74.2,177.2,125.4,19.4,0.181,0.301,35.1,29.7,18.9,16.2,13.5
97,2023,엘리아스,SSG,슬라이더,19.1,125.8,-3.1,-12.7,943.5,59.9,177.1,127.4,23.8,0.18,0.28,28.6,31.0,16.7,23.8,9.5
98,2023,함덕주,LG,슬라이더,19.0,123.0,7.7,-3.8,733.9,57.6,180.8,127.0,16.8,0.091,0.121,26.7,40.0,20.0,13.3,20.0
99,2023,홍정우,삼성,슬라이더,18.7,128.4,10.2,3.8,807.5,-52.9,180.0,133.7,30.0,0.25,0.4,13.3,20.0,46.7,20.0,6.7
100,2023,양현종,KIA,슬라이더,18.6,127.9,2.5,-3.3,443.5,56.4,181.4,131.2,16.0,0.197,0.248,34.7,34.7,20.0,10.7,12.0
101,2023,이태양,한화,슬라이더,18.4,130.8,17.7,3.4,1335.3,-21.9,185.9,129.0,22.8,0.277,0.446,24.5,36.7,14.3,24.5,10.2
102,2023,임기영,KIA,슬라이더,18.3,128.7,10.0,-5.5,821.5,-80.2,140.1,127.4,26.6,0.25,0.375,30.0,17.5,27.5,25.0,15.0
103,2023,김기훈,KIA,슬라이더,18.3,129.1,9.0,1.1,737.6,49.2,184.3,128.9,20.6,0.368,0.474,28.6,35.7,21.4,14.3,0.0
104,2023,장시환,한화,슬라이더,18.3,137.2,15.9,2.8,1240.8,-48.6,173.1,127.5,24.5,0.259,0.407,30.0,25.0,20.0,25.0,20.0
105,2023,알칸타라,두산,슬라이더,18.2,135.3,6.9,4.4,671.9,-32.0,182.0,135.6,19.3,0.285,0.385,34.1,34.1,16.5,15.3,21.2
106,2023,김진욱,롯데,슬라이더,18.1,126.8,2.4,0.6,409.2,40.9,180.9,142.2,16.0,0.286,0.286,20.0,60.0,20.0,0.0,20.0
107,2023,정해영,KIA,슬라이더,18.0,130.9,14.8,5.4,1178.9,-56.8,189.1,132.6,20.2,0.31,0.345,27.3,40.9,22.7,9.1,18.2
108,2023,김명신,두산,슬라이더,17.8,126.1,3.3,-0.6,413.7,-32.7,176.5,132.8,22.5,0.286,0.429,28.0,36.0,20.0,16.0,24.0
109,2023,이정용,LG,슬라이더,17.8,131.8,9.4,1.5,754.1,-39.4,183.0,136.9,9.5,0.412,0.485,40.9,47.7,2.3,9.1,25.0
110,2023,이우찬,LG,슬라이더,17.8,130.9,4.8,-2.5,630.8,54.5,181.8,124.4,11.4,0.263,0.263,50.0,37.5,0.0,12.5,12.5
111,2023,이재익,삼성,슬라이더,17.0,123.8,-0.5,-2.9,470.0,48.2,179.9,137.2,11.1,0.5,0.591,47.4,26.3,21.1,5.3,26.3
112,2023,윌커슨,롯데,슬라이더,16.8,132.3,4.5,3.4,482.8,-63.0,176.7,135.4,20.8,0.191,0.213,31.3,37.5,18.8,12.5,21.9
113,2023,문동주,한화,슬라이더,16.3,139.3,10.3,7.8,1049.3,-35.4,184.8,133.6,16.5,0.264,0.417,33.3,38.9,13.9,13.9,22.2
114,2023,박치국,두산,슬라이더,15.8,129.4,-0.8,4.8,487.0,-63.4,122.4,132.7,20.4,0.316,0.447,29.2,33.3,25.0,12.5,25.0
115,2023,김재웅,키움,슬라이더,15.6,130.6,10.5,-4.1,887.5,11.0,171.8,134.6,15.0,0.205,0.227,40.0,36.0,16.0,8.0,24.0
116,2023,송명기,NC,슬라이더,15.5,130.8,16.1,-3.4,1193.2,-89.6,152.1,133.7,26.2,0.25,0.417,21.7,28.3,30.4,19.6,26.1
117,2023,산체스,KIA,슬라이더,15.1,124.0,-0.6,22.9,1498.3,-43.8,158.5,128.1,18.6,0.255,0.392,20.0,48.0,20.0,12.0,12.0
118,2023,메디나,KIA,슬라이더,14.9,127.9,1.1,18.6,1266.2,-79.4,173.9,130.5,14.7,0.2,0.3,36.8,36.8,21.1,5.3,15.8
119,2023,이지강,LG,슬라이더,14.8,132.0,8.7,0.2,709.7,-29.3,169.2,134.5,18.1,0.27,0.432,39.1,26.1,21.7,13.0,17.4
120,2023,켈리,LG,슬라이더,14.7,138.5,12.2,-0.9,977.4,-29.7,194.6,134.0,17.1,0.193,0.23,39.1,26.1,21.7,13.0,17.4
121,2023,이로운,SSG,슬라이더,14.1,128.9,-0.9,-0.6,406.2,-12.0,175.1,131.4,23.1,0.268,0.366,25.0,25.0,40.0,10.0,20.0
122,2023,김시훈,NC,슬라이더,12.9,134.2,9.7,4.3,799.4,-39.0,183.2,141.2,16.5,0.333,0.619,27.3,45.5,18.2,9.1,45.5
123,2023,박영현,KT,슬라이더,12.5,126.7,3.5,6.4,600.5,-41.9,156.6,132.3,20.4,0.318,0.455,29.0,25.8,32.3,12.9,16.1
124,2023,정우영,LG,슬라이더,12.1,134.7,-4.5,7.3,999.4,-85.2,131.0,120.0,14.9,0.31,0.379,35.0,30.0,30.0,5.0,0.0
125,2023,구승민,롯데,슬라이더,10.9,134.1,6.2,2.8,615.5,-44.7,171.9,137.6,16.7,0.25,0.25,40.0,40.0,6.7,13.3,20.0
126,2023,맥카티,SSG,슬라이더,7.7,126.4,4.7,-14.7,1076.1,52.4,181.0,125.8,23.5,0.214,0.286,27.3,22.7,36.4,13.6,4.5
127,2023,엄상백,KT,슬라이더,7.2,133.6,8.3,1.7,864.7,-61.9,146.0,126.7,18.2,0.206,0.324,36.8,36.8,10.5,15.8,15.8
128,2023,임찬규,LG,슬라이더,5.2,129.9,11.9,1.4,902.1,-24.9,173.5,141.8,16.5,0.308,0.5,18.2,50.0,31.8,0.0,31.8
129,2023,후라도,키움,슬라이더,5.2,133.7,7.0,5.1,686.4,-23.3,187.2,137.2,15.4,0.108,0.108,37.5,31.3,25.0,6.3,31.3
130,2023,페냐,한화,슬라이더,4.0,129.7,0.3,7.7,636.7,-71.5,187.7,135.3,14.6,0.048,0.048,40.0,40.0,10.0,10.0,10.0
131,2022,서동민,SSG,슬라이더,78.4,127.4,12.1,0.8,917.1,-16.1,179.7,129.7,27.8,0.18,0.311,26.3,23.7,23.7,26.3,18.4
132,2022,이준영,KIA,슬라이더,62.8,129.7,5.8,-0.3,546.4,39.1,187.2,128.1,18.5,0.219,0.344,35.1,31.2,16.9,16.9,14.3
133,2022,김지용,두산,슬라이더,53.9,127.8,9.4,6.7,848.2,0.1,161.8,133.0,24.1,0.184,0.368,41.4,13.8,17.2,27.6,24.1
134,2022,고효준,SSG,슬라이더,53.5,133.8,8.9,-0.4,779.4,55.9,169.6,136.1,20.1,0.235,0.321,32.6,34.9,16.3,16.3,23.3
135,2022,최성훈,LG,슬라이더,51.3,125.8,-4.3,-7.2,676.6,64.2,167.4,134.8,14.9,0.083,0.167,35.1,27.0,37.8,0.0,24.3
136,2022,박시영,KT,슬라이더,47.2,129.9,6.0,8.2,790.1,-16.6,183.5,137.9,21.0,0.231,0.462,26.3,26.3,26.3,21.1,21.1
137,2022,하준영,NC,슬라이더,46.7,132.8,12.2,1.6,933.6,61.1,172.2,126.4,23.4,0.145,0.237,21.4,33.3,28.6,16.7,11.9
138,2022,강윤구,롯데,슬라이더,46.2,130.1,11.0,-0.7,820.0,12.4,170.5,134.7,16.2,0.214,0.286,42.1,26.3,15.8,15.8,10.5
139,2022,장원준,두산,슬라이더,45.5,129.6,7.9,5.9,733.9,54.0,169.9,131.1,12.6,0.333,0.361,32.1,50.0,10.7,7.1,14.3
140,2022,최민준,SSG,슬라이더,44.3,136.0,13.4,3.2,1100.7,-14.1,178.3,135.0,14.8,0.255,0.48,34.2,37.0,19.2,9.6,23.3
141,2022,김영규,NC,슬라이더,44.3,135.2,8.6,2.1,728.1,55.3,185.2,131.4,9.3,0.256,0.35,52.0,28.0,17.3,2.7,24.0
142,2022,김유영,롯데,슬라이더,43.7,132.0,2.0,2.4,391.5,57.0,167.5,135.6,11.0,0.288,0.423,41.5,43.4,11.3,3.8,22.6
143,2022,진해수,LG,슬라이더,42.8,126.9,2.7,-4.4,572.6,55.0,193.8,131.7,24.6,0.242,0.419,19.5,39.0,22.0,19.5,9.8
144,2022,김범수,한화,슬라이더,41.9,133.8,-0.6,3.0,515.1,44.6,167.7,130.1,17.8,0.24,0.32,35.3,35.3,11.8,17.6,11.8
145,2022,김성진,키움,슬라이더,39.9,133.8,11.8,4.9,966.3,-49.4,173.5,138.9,24.8,0.244,0.366,29.2,29.2,25.0,16.7,20.8
146,2022,김선기,키움,슬라이더,39.5,130.5,7.9,12.2,1065.1,-56.7,174.4,133.3,17.2,0.222,0.278,37.0,29.6,22.2,11.1,22.2
147,2022,강재민,한화,슬라이더,39.3,126.2,7.0,11.0,913.2,-50.5,125.1,129.3,23.2,0.239,0.37,22.2,33.3,30.2,14.3,19.0
148,2022,김민수,KT,슬라이더,39.2,125.1,-13.2,13.3,1289.5,-46.7,193.7,132.5,12.5,0.188,0.205,35.1,43.2,10.8,10.8,21.6
149,2022,문승원,SSG,슬라이더,39.0,137.7,10.7,-0.3,888.1,-55.3,164.4,130.3,10.4,0.304,0.348,44.0,32.0,24.0,0.0,24.0
150,2022,배제성,KT,슬라이더,38.7,130.5,12.0,9.9,1165.2,-25.5,186.5,134.9,19.0,0.242,0.376,33.3,30.5,21.0,15.2,32.4
151,2022,김광현,SSG,슬라이더,38.1,134.2,10.2,-7.3,987.3,47.5,174.0,133.0,19.2,0.196,0.244,33.6,32.2,19.1,15.1,15.1
152,2022,문용익,삼성,슬라이더,37.8,134.2,11.8,-2.6,927.8,-50.1,171.1,135.1,15.9,0.281,0.316,33.3,45.5,9.1,12.1,24.2
153,2022,이민호,LG,슬라이더,37.6,137.5,10.7,-0.3,861.8,-64.4,164.5,128.6,14.9,0.287,0.403,41.1,29.8,17.9,11.3,19.9
154,2022,문성현,키움,슬라이더,37.6,131.7,8.4,10.8,992.4,-14.5,170.4,139.7,12.8,0.227,0.333,47.4,34.2,7.9,10.5,39.5
155,2022,이영하,두산,슬라이더,37.3,134.1,9.0,1.5,722.8,-51.8,196.3,135.7,18.0,0.254,0.317,32.1,35.9,17.9,14.1,16.7
156,2022,송은범,LG,슬라이더,36.8,134.0,10.4,0.1,799.8,-51.8,176.6,135.2,11.1,0.25,0.333,44.4,37.0,11.1,7.4,22.2
157,2022,임정호,NC,슬라이더,36.4,130.1,10.6,2.4,810.5,40.3,151.9,134.8,29.6,0.219,0.25,14.3,28.6,28.6,28.6,35.7
158,2022,홍건희,두산,슬라이더,36.1,135.8,7.0,2.8,650.5,-50.4,178.2,131.7,17.3,0.193,0.352,31.9,36.2,23.4,8.5,12.8
159,2022,문경찬,롯데,슬라이더,36.0,122.7,1.6,8.0,607.2,-60.2,177.6,131.1,24.3,0.264,0.415,27.3,27.3,21.2,24.2,15.2
160,2022,최충연,삼성,슬라이더,35.9,129.4,4.1,0.7,431.8,-48.5,181.2,132.2,13.0,0.135,0.27,50.0,27.8,11.1,11.1,11.1
161,2022,스탁,두산,슬라이더,34.4,133.1,3.9,12.0,960.1,-31.1,164.0,128.0,18.1,0.202,0.271,29.1,38.2,23.6,9.1,10.9
162,2022,양창섭,삼성,슬라이더,34.3,127.3,7.9,3.3,647.6,-49.2,173.0,127.8,23.3,0.25,0.406,34.8,21.7,26.1,17.4,26.1
163,2022,최원준,두산,슬라이더,34.0,126.8,7.8,-4.3,722.2,-94.4,108.2,130.7,21.6,0.287,0.469,30.7,27.5,24.8,17.0,22.2
164,2022,최승용,두산,슬라이더,33.7,131.2,16.0,5.6,1255.2,49.0,174.0,132.3,18.5,0.246,0.341,35.6,29.9,21.8,12.6,19.5
165,2022,파슨스,NC,슬라이더,33.6,136.4,3.0,5.5,557.1,-50.3,179.9,128.7,25.3,0.103,0.19,27.3,31.8,18.2,22.7,13.6
166,2022,박동수,NC,슬라이더,33.5,129.2,2.3,10.6,795.4,-67.9,148.8,128.2,20.9,0.222,0.278,33.3,33.3,13.3,20.0,6.7
167,2022,원종현,NC,슬라이더,33.5,136.3,5.6,7.3,748.0,-62.3,149.4,134.0,17.0,0.257,0.459,37.5,29.2,18.8,14.6,16.7
168,2022,이상민,삼성,슬라이더,32.1,126.6,6.0,-1.0,511.8,60.0,170.0,132.8,23.2,0.17,0.277,32.4,23.5,23.5,20.6,14.7
169,2022,전상현,KIA,슬라이더,31.9,135.0,14.2,3.5,1090.0,-37.8,171.9,132.2,16.3,0.203,0.237,42.9,28.6,14.3,14.3,25.0
170,2022,스트레일리,롯데,슬라이더,31.8,131.1,5.2,7.0,710.2,-71.6,185.3,127.7,20.8,0.227,0.333,34.2,26.3,21.1,18.4,15.8
171,2022,신민혁,NC,슬라이더,31.5,134.6,13.7,3.6,1086.5,-46.9,169.5,128.2,23.5,0.25,0.386,30.4,27.2,18.5,23.9,13.0
172,2022,장현식,KIA,슬라이더,31.5,130.8,8.6,9.7,960.2,-36.5,182.8,130.1,32.2,0.174,0.283,17.4,17.4,34.8,30.4,26.1
173,2022,오원석,SSG,슬라이더,30.6,133.3,12.7,2.6,1032.1,53.2,170.6,132.1,23.7,0.253,0.435,26.4,28.9,25.6,19.0,14.9
174,2022,오승환,삼성,슬라이더,30.2,133.2,15.2,-1.2,1139.5,-66.8,161.5,123.6,28.3,0.27,0.324,19.1,27.7,21.3,31.9,10.6
175,2022,이형범,두산,슬라이더,30.1,135.9,9.6,-1.3,775.4,-32.2,163.9,128.2,20.9,0.267,0.4,20.0,50.0,20.0,10.0,30.0
176,2022,안우진,키움,슬라이더,29.8,141.4,18.2,-1.1,1434.0,-26.6,173.3,133.2,23.8,0.173,0.238,22.8,30.7,28.1,18.4,18.4
177,2022,이민석,롯데,슬라이더,29.5,135.6,3.7,2.9,479.8,-51.4,189.4,133.9,7.7,0.316,0.474,61.1,16.7,22.2,0.0,16.7
178,2022,스파크맨,롯데,슬라이더,29.1,134.4,-3.4,2.9,457.8,-62.3,162.2,135.6,12.2,0.303,0.374,42.0,34.0,16.0,8.0,26.0
179,2022,이명종,키움,슬라이더,28.9,123.5,-0.9,2.3,451.5,-40.5,160.7,130.5,4.5,0.273,0.303,68.2,18.2,9.1,4.5,31.8
180,2022,윤정현,키움,슬라이더,28.7,124.0,4.5,-0.2,478.0,79.9,182.0,131.6,10.9,0.192,0.192,33.3,50.0,16.7,0.0,16.7
181,2022,김택형,SSG,슬라이더,28.6,128.2,3.4,4.1,478.3,77.8,175.0,130.7,13.7,0.111,0.153,35.7,35.7,21.4,7.1,10.7
182,2022,박세웅,롯데,슬라이더,28.6,136.8,8.1,6.4,839.6,-25.6,170.2,133.4,13.9,0.249,0.335,37.5,41.7,13.5,7.3,18.8
183,2022,이승현,삼성,슬라이더,28.6,129.3,3.6,-0.9,457.6,52.0,192.1,132.4,13.5,0.14,0.193,47.1,29.4,11.8,11.8,11.8
184,2022,허윤동,삼성,슬라이더,28.5,128.5,11.3,0.1,868.4,39.4,174.5,133.6,20.3,0.327,0.418,33.3,26.2,19.0,21.4,19.0
185,2022,노경은,SSG,슬라이더,28.2,137.0,17.5,-1.2,1342.7,-41.2,186.7,136.3,14.0,0.278,0.316,38.5,38.5,9.6,13.5,23.1
186,2022,박승주,키움,슬라이더,28.2,133.0,16.4,1.8,1204.2,-31.8,175.9,127.0,23.1,0.235,0.529,37.0,14.8,29.6,18.5,11.1
187,2022,브랜든,두산,슬라이더,28.1,136.7,9.8,-1.8,853.1,60.5,185.8,124.5,22.7,0.155,0.239,36.8,13.2,26.3,23.7,15.8
188,2022,박신지,두산,슬라이더,27.7,127.1,2.4,1.4,453.1,-58.8,180.9,138.4,19.2,0.29,0.419,26.7,43.3,16.7,13.3,26.7
189,2022,하영민,키움,슬라이더,27.7,134.5,13.9,4.3,1096.4,-34.3,161.1,134.8,16.1,0.175,0.2,34.5,37.9,13.8,13.8,27.6
190,2022,김윤수,삼성,슬라이더,27.6,138.5,9.9,3.0,881.0,-29.4,181.4,128.6,12.5,0.147,0.147,55.0,20.0,10.0,15.0,20.0
191,2022,반즈,롯데,슬라이더,27.0,128.1,2.3,-7.1,644.5,56.3,174.8,128.8,18.1,0.153,0.187,31.8,32.7,21.5,14.0,8.4
192,2022,임창민,두산,슬라이더,26.8,129.8,6.4,0.4,596.3,-61.4,177.8,138.0,10.8,0.345,0.586,47.4,31.6,21.1,0.0,21.1
193,2022,남지민,한화,슬라이더,26.5,132.3,5.7,7.0,730.3,-52.2,184.2,136.9,17.7,0.247,0.341,29.5,37.7,19.7,13.1,26.2
194,2022,구창모,NC,슬라이더,26.3,131.8,7.9,5.3,714.3,76.3,172.5,134.0,15.5,0.232,0.313,41.8,31.3,16.4,10.4,20.9
195,2022,최원태,키움,슬라이더,26.1,134.9,18.8,4.0,1408.0,-34.5,166.0,129.4,19.1,0.148,0.222,42.3,25.4,15.5,16.9,22.5
196,2022,김재윤,KT,슬라이더,26.1,129.1,8.2,7.0,837.5,-67.1,177.3,129.0,17.7,0.153,0.208,29.3,36.6,24.4,9.8,14.6
197,2022,김종수,한화,슬라이더,25.9,133.4,8.6,11.0,1039.8,-45.1,177.9,140.6,19.2,0.289,0.447,26.1,43.5,21.7,8.7,17.4
198,2022,백정현,삼성,슬라이더,24.9,127.5,14.8,-0.5,1062.2,53.1,175.5,137.6,18.7,0.319,0.546,36.3,27.5,26.3,10.0,27.5
199,2022,원태인,삼성,슬라이더,24.7,129.9,11.6,3.9,926.2,-38.2,173.7,130.5,20.1,0.252,0.365,27.6,39.8,17.3,15.3,21.4
200,2022,이승호,키움,슬라이더,24.6,128.0,9.1,2.5,750.7,42.4,178.9,133.0,14.3,0.179,0.385,33.3,33.3,26.7,6.7,20.0
201,2022,배재준,LG,슬라이더,24.5,130.6,9.4,-1.6,738.4,-49.6,183.0,136.8,26.0,0.214,0.25,25.0,15.0,40.0,20.0,30.0
202,2022,이용준,NC,슬라이더,24.5,128.7,7.2,2.1,568.2,-51.4,178.6,131.3,17.4,0.333,0.571,33.3,26.7,33.3,6.7,20.0
203,2022,임준형,LG,슬라이더,24.2,131.2,9.4,5.7,845.1,91.6,160.5,132.1,21.1,0.258,0.258,33.3,19.0,38.1,9.5,23.8
204,2022,고우석,LG,슬라이더,24.2,145.7,10.8,-3.0,960.5,-53.8,162.1,132.9,16.7,0.148,0.167,40.0,24.0,16.0,20.0,8.0
205,2022,애플러,키움,슬라이더,23.6,134.8,14.9,5.6,1215.7,-35.0,177.0,129.8,18.6,0.226,0.274,33.3,33.3,16.2,17.1,16.2
206,2022,송명기,NC,슬라이더,23.6,131.3,15.0,0.8,1113.2,-73.3,151.0,129.9,24.2,0.258,0.423,24.6,32.8,19.7,23.0,13.1
207,2022,곽빈,두산,슬라이더,23.6,136.6,10.8,-3.6,906.5,-42.8,175.7,128.6,23.7,0.214,0.351,29.4,20.0,34.1,16.5,17.6
208,2022,최동환,LG,슬라이더,23.4,131.9,11.5,5.3,964.4,-22.5,186.1,132.5,19.1,0.167,0.204,34.2,36.8,15.8,13.2,21.1
209,2022,심재민,KT,슬라이더,23.3,129.2,10.0,3.5,813.1,52.2,177.2,132.7,24.2,0.205,0.282,22.2,40.7,18.5,18.5,25.9
210,2022,정해영,KIA,슬라이더,22.7,130.0,14.8,6.4,1202.2,-51.1,189.7,128.1,19.6,0.211,0.289,36.0,28.0,16.0,20.0,12.0
211,2022,양현종,KIA,슬라이더,22.5,128.3,3.2,-1.7,455.7,58.0,183.3,128.7,18.0,0.187,0.253,31.0,33.3,22.6,13.1,11.9
212,2022,한승혁,KIA,슬라이더,21.7,136.8,16.8,1.1,1247.6,-42.7,176.6,132.1,27.1,0.268,0.38,27.3,25.0,13.6,34.1,6.8
213,2022,이인복,롯데,슬라이더,21.6,128.3,6.6,1.8,553.0,-29.6,183.7,133.7,20.1,0.25,0.295,28.8,37.3,20.3,13.6,15.3
214,2022,한현희,키움,슬라이더,21.6,129.4,4.4,5.6,674.3,-90.6,126.6,133.7,15.6,0.203,0.257,37.2,34.9,16.3,11.6,20.9
215,2022,정철원,두산,슬라이더,21.5,131.5,-1.5,1.8,496.1,-19.9,186.8,134.9,18.8,0.189,0.226,25.9,37.0,18.5,18.5,29.6
216,2022,황동재,삼성,슬라이더,21.0,124.1,1.0,-4.1,473.5,-44.4,189.0,135.3,15.9,0.302,0.535,33.3,33.3,20.8,12.5,16.7
217,2022,이재익,삼성,슬라이더,21.0,124.6,6.5,0.8,561.2,47.8,178.8,132.1,18.4,0.265,0.412,33.3,33.3,20.8,12.5,8.3
218,2022,김태경,NC,슬라이더,20.9,126.3,5.2,11.3,942.9,-34.1,186.8,134.7,26.2,0.286,0.452,14.3,39.3,28.6,17.9,14.3
219,2022,수아레즈,삼성,슬라이더,20.6,135.3,12.0,1.3,939.6,-40.4,183.3,128.8,17.6,0.215,0.29,36.5,30.2,17.5,15.9,14.3
220,2022,정찬헌,키움,슬라이더,20.1,129.7,15.7,2.5,1168.0,-28.2,169.0,136.0,22.9,0.246,0.391,30.2,26.4,18.9,24.5,20.8
221,2022,이민우,한화,슬라이더,20.0,137.4,16.3,2.2,1309.6,-33.6,188.5,133.6,14.3,0.364,0.409,33.3,36.7,26.7,3.3,23.3
222,2022,이정용,LG,슬라이더,19.9,132.7,11.0,0.5,876.3,-36.8,178.6,135.0,24.0,0.194,0.278,28.0,32.0,16.0,24.0,36.0
223,2022,엄상백,KT,슬라이더,19.7,136.2,10.7,4.8,961.5,-58.2,143.0,133.5,14.0,0.304,0.365,31.8,45.5,12.1,10.6,24.2
224,2022,김시훈,NC,슬라이더,19.6,135.3,8.9,5.1,815.9,-45.4,182.8,133.2,17.0,0.216,0.353,38.7,29.0,16.1,16.1,22.6
225,2022,장지훈,SSG,슬라이더,19.3,125.2,-0.2,0.2,542.5,-49.6,155.0,134.1,12.4,0.171,0.229,37.5,37.5,25.0,0.0,18.8
226,2022,김윤식,LG,슬라이더,19.1,129.4,5.9,3.2,563.5,34.2,177.6,132.6,17.8,0.267,0.349,28.3,45.3,15.1,11.3,17.0
227,2022,이우찬,LG,슬라이더,18.7,134.1,6.4,-0.3,563.8,53.0,181.2,122.3,26.4,0.125,0.25,33.3,16.7,25.0,25.0,8.3
228,2022,김진욱,롯데,슬라이더,18.6,129.2,5.2,-0.5,494.0,51.7,181.7,133.7,24.4,0.167,0.3,25.0,43.8,12.5,18.8,18.8
229,2022,김대유,LG,슬라이더,18.4,128.2,11.9,6.6,1036.5,108.4,142.2,125.9,16.3,0.263,0.316,42.9,14.3,21.4,21.4,7.1
230,2022,김도규,롯데,슬라이더,18.4,126.7,6.9,4.0,624.9,-22.0,197.2,137.3,16.6,0.242,0.273,43.5,26.1,21.7,8.7,26.1
231,2022,페냐,한화,슬라이더,18.4,132.4,4.7,1.9,556.1,-64.1,189.1,124.3,17.8,0.197,0.328,25.9,37.0,25.9,11.1,11.1
232,2022,라미레즈,한화,슬라이더,18.3,135.8,11.8,10.4,1191.8,-19.4,178.6,129.3,16.4,0.256,0.326,40.0,23.3,30.0,6.7,6.7
233,2022,김명신,두산,슬라이더,18.1,127.6,7.2,1.0,590.4,-30.4,173.1,134.9,20.7,0.313,0.5,22.0,40.0,26.0,12.0,26.0
234,2022,윤대경,한화,슬라이더,18.1,127.8,7.3,6.9,821.0,-62.5,181.1,127.9,19.7,0.242,0.364,23.3,46.5,18.6,11.6,16.3
235,2022,최준용,롯데,슬라이더,17.7,132.3,9.8,4.0,839.6,-78.7,163.6,129.2,23.1,0.137,0.196,37.0,22.2,11.1,29.6,7.4
236,2022,플럿코,LG,슬라이더,17.7,129.7,7.4,8.6,888.3,-44.4,179.6,131.5,23.0,0.196,0.252,29.5,25.6,26.9,17.9,16.7
237,2022,이승현,삼성,슬라이더,17.6,129.7,13.1,2.4,995.8,-6.1,186.6,129.4,21.2,0.229,0.457,26.1,30.4,30.4,13.0,17.4
238,2022,우규민,삼성,슬라이더,17.1,127.2,5.6,-1.3,641.9,-94.5,108.3,132.0,21.3,0.406,0.469,32.0,28.0,28.0,12.0,8.0
239,2022,주현상,한화,슬라이더,16.3,132.5,10.0,6.9,1005.5,-61.9,176.6,132.7,27.3,0.278,0.556,20.7,34.5,13.8,31.0,24.1
240,2022,임기영,KIA,슬라이더,15.7,128.4,8.0,-4.1,697.0,-69.7,141.2,130.8,18.1,0.296,0.481,28.3,39.1,23.9,8.7,15.2
241,2022,폰트,SSG,슬라이더,15.2,132.2,11.2,0.6,856.5,-68.7,205.3,131.4,23.6,0.2,0.3,25.0,31.7,25.0,18.3,13.3
242,2022,윤호솔,한화,슬라이더,14.7,131.8,12.2,11.9,1264.0,-31.0,177.9,127.7,19.7,0.333,0.458,31.6,26.3,26.3,15.8,26.3
243,2022,벤자민,KT,슬라이더,14.7,125.6,-0.5,-10.0,753.4,80.2,187.4,118.2,26.3,0.15,0.15,9.5,42.9,28.6,19.0,0.0
244,2022,켈리,LG,슬라이더,14.6,136.6,7.1,3.4,696.9,-28.4,193.4,132.4,18.1,0.236,0.415,33.3,31.6,19.3,15.8,26.3
245,2022,서준원,롯데,슬라이더,14.3,125.2,2.6,7.2,636.8,-92.7,121.9,127.7,11.1,0.206,0.206,40.0,40.0,6.7,13.3,26.7
246,2022,이태양,SSG,슬라이더,13.9,130.0,16.0,0.2,1195.4,-25.0,187.6,135.6,22.7,0.302,0.585,29.2,35.4,10.4,25.0,20.8
247,2022,놀린,KIA,슬라이더,13.6,129.3,11.4,2.7,864.7,56.2,173.1,120.5,25.8,0.321,0.377,15.6,42.2,17.8,24.4,4.4
248,2022,김재웅,키움,슬라이더,13.1,130.9,12.1,-3.7,956.2,6.1,173.0,134.7,5.1,0.25,0.393,55.6,27.8,11.1,5.6,11.1
249,2022,이의리,KIA,슬라이더,12.6,132.1,5.5,2.2,527.4,73.0,177.4,134.8,21.7,0.161,0.339,21.7,43.5,17.4,17.4,8.7
250,2022,임찬규,LG,슬라이더,12.1,129.1,10.9,3.6,886.5,-26.0,169.3,140.3,16.6,0.347,0.612,36.8,28.9,26.3,7.9,31.6
251,2022,장시환,한화,슬라이더,11.1,138.1,17.2,5.8,1380.9,-43.4,175.5,131.6,14.1,0.185,0.259,41.2,29.4,23.5,5.9,29.4
252,2022,김민우,한화,슬라이더,7.9,124.4,9.7,15.1,1271.0,-41.5,182.5,122.0,20.9,0.234,0.404,33.3,21.2,33.3,12.1,0.0
253,2022,나균안,롯데,슬라이더,5.7,132.5,14.9,-1.8,1139.9,-38.1,176.7,143.1,13.0,0.412,0.471,42.9,28.6,21.4,7.1,21.4
254,2022,장민재,한화,슬라이더,5.6,123.9,4.8,9.6,782.0,-61.2,183.1,140.1,11.4,0.318,0.545,47.1,35.3,11.8,5.9,17.6
255,2022,요키시,키움,슬라이더,3.6,134.7,13.9,4.9,1134.9,70.4,177.3,134.2,20.6,0.208,0.333,23.1,30.8,38.5,7.7,23.1
256,2021,전유수,KT,슬라이더,69.3,129.4,14.8,4.8,1166.0,-47.5,178.7,141.2,18.7,0.194,0.323,40.0,25.0,25.0,10.0,25.0
257,2021,오현택,롯데,슬라이더,65.2,127.2,8.2,-4.3,744.1,-112.9,129.8,132.5,20.1,0.354,0.438,23.7,36.8,23.7,15.8,18.4
258,2021,서동민,SSG,슬라이더,61.7,126.6,4.7,0.6,463.4,-31.0,180.6,138.2,18.8,0.23,0.475,24.4,39.0,24.4,12.2,29.3
259,2021,유원상,KT,슬라이더,60.6,130.2,16.1,7.1,1306.3,-37.3,187.0,132.4,18.8,0.36,0.4,35.0,35.0,15.0,15.0,20.0
260,2021,박시영,KT,슬라이더,56.4,132.1,6.3,5.7,715.8,-18.1,180.9,133.1,20.1,0.133,0.244,31.7,26.8,26.8,14.6,14.6
261,2021,김대우,삼성,슬라이더,53.3,119.7,5.2,1.8,486.7,-55.1,59.8,134.6,20.6,0.281,0.456,30.0,31.1,22.2,16.7,23.3
262,2021,이준영,KIA,슬라이더,52.6,130.2,9.0,0.9,767.3,45.1,186.2,126.9,13.7,0.229,0.301,44.1,28.8,15.3,11.9,5.1
263,2021,안영명,KT,슬라이더,50.3,127.5,7.1,8.9,847.5,-62.9,189.2,137.6,15.4,0.188,0.313,40.0,20.0,37.1,2.9,25.7
264,2021,임정호,NC,슬라이더,47.4,126.8,10.1,-1.3,817.3,34.0,156.8,131.4,20.1,0.303,0.439,27.1,31.3,25.0,16.7,16.7
265,2021,강태경,NC,슬라이더,47.3,126.4,8.6,3.4,747.4,-82.9,174.9,137.0,17.5,0.238,0.333,26.7,53.3,13.3,6.7,20.0
266,2021,강재민,한화,슬라이더,46.9,124.2,7.8,16.2,1214.6,-60.1,128.1,124.3,29.3,0.217,0.308,16.3,29.1,30.2,24.4,8.1
267,2021,최지광,삼성,슬라이더,44.7,135.8,12.7,7.4,1136.4,-48.4,171.9,132.4,18.4,0.221,0.244,36.2,31.0,19.0,13.8,12.1
268,2021,최성훈,LG,슬라이더,44.4,126.2,-5.5,-9.1,795.8,66.4,166.2,135.5,10.1,0.254,0.328,43.6,38.5,12.8,5.1,33.3
269,2021,김유영,롯데,슬라이더,43.8,130.8,-2.0,-0.5,409.2,53.2,162.6,134.4,16.7,0.273,0.485,36.8,36.8,21.1,5.3,26.3
270,2021,신재영,SSG,슬라이더,41.6,122.4,6.0,2.8,579.2,-56.2,140.0,130.0,13.0,0.327,0.538,48.6,21.6,21.6,8.1,10.8
271,2021,최금강,NC,슬라이더,41.6,121.3,2.7,1.2,377.8,-80.2,176.3,126.7,21.4,0.121,0.212,22.7,27.3,36.4,13.6,9.1
272,2021,장원준,두산,슬라이더,41.2,132.2,6.1,8.4,797.2,46.4,172.5,125.8,18.9,0.136,0.136,37.5,25.0,12.5,25.0,12.5
273,2021,김영규,NC,슬라이더,41.1,130.5,9.3,-0.2,791.5,53.2,191.1,136.5,18.2,0.267,0.455,30.3,31.8,27.3,10.6,33.3
274,2021,이현승,두산,슬라이더,40.7,129.5,7.2,-3.5,690.3,42.7,182.2,133.7,13.7,0.231,0.308,33.3,38.9,27.8,0.0,22.2
275,2021,송은범,LG,슬라이더,40.5,136.7,14.6,-1.4,1130.2,-53.9,175.9,132.0,15.2,0.23,0.344,39.5,25.6,23.3,11.6,18.6
276,2021,조현우,KT,슬라이더,39.7,126.1,-0.5,6.2,545.9,46.9,166.5,127.1,21.0,0.176,0.196,28.1,25.0,31.3,15.6,3.1
277,2021,김민수,KT,슬라이더,39.4,125.8,-10.7,13.5,1203.2,-51.1,192.9,133.8,12.3,0.221,0.308,51.9,19.2,17.3,11.5,23.1
278,2021,진해수,LG,슬라이더,39.0,128.1,4.3,-4.6,635.3,56.0,190.2,125.6,19.7,0.264,0.321,24.1,34.5,31.0,10.3,10.3
279,2021,김건국,롯데,슬라이더,38.9,133.6,17.3,3.8,1331.0,-22.4,185.1,131.9,17.9,0.306,0.556,37.5,25.0,20.8,16.7,25.0
280,2021,배제성,KT,슬라이더,38.4,131.7,9.9,6.9,943.8,-24.4,186.8,134.8,20.3,0.199,0.264,35.2,23.2,23.2,18.3,21.1
281,2021,오원석,SSG,슬라이더,36.0,129.3,8.5,-2.6,725.1,79.4,170.5,135.9,17.4,0.315,0.457,31.2,35.8,20.2,12.8,21.1
282,2021,라이블리,삼성,슬라이더,35.9,125.4,8.3,18.8,1391.5,-49.3,153.1,134.4,25.0,0.111,0.178,25.0,29.2,16.7,29.2,12.5
283,2021,문승원,SSG,슬라이더,35.5,135.7,13.3,-2.1,1072.0,-57.0,172.3,133.7,14.6,0.171,0.2,45.5,29.5,6.8,18.2,22.7
284,2021,문용익,삼성,슬라이더,35.4,133.9,12.0,-4.8,986.0,-64.3,173.1,131.2,10.1,0.235,0.412,44.4,27.8,22.2,5.6,27.8
285,2021,한현희,키움,슬라이더,34.4,128.2,3.2,4.9,533.1,-96.2,127.0,131.4,20.8,0.213,0.303,37.9,22.4,15.5,24.1,13.8
286,2021,김민규,두산,슬라이더,34.1,128.7,9.2,-1.7,750.4,-61.9,166.0,131.3,25.2,0.328,0.393,30.2,30.2,7.0,32.6,18.6
287,2021,최민준,SSG,슬라이더,33.3,134.4,9.1,2.3,797.7,-12.0,179.6,133.4,14.6,0.248,0.389,40.0,28.0,20.0,12.0,21.3
288,2021,김성진,키움,슬라이더,33.2,132.3,10.8,4.7,887.6,-45.3,173.2,126.0,31.7,0.18,0.28,19.2,30.8,15.4,34.6,11.5
289,2021,노경은,롯데,슬라이더,33.0,133.6,19.4,-2.3,1454.8,-45.8,184.2,131.5,21.3,0.292,0.494,27.9,30.9,27.9,13.2,14.7
290,2021,원종현,NC,슬라이더,32.7,134.7,3.6,5.2,562.0,-33.6,150.9,133.8,19.2,0.305,0.475,37.1,34.3,14.3,14.3,25.7
291,2021,카펜터,한화,슬라이더,32.6,130.3,1.4,-0.7,530.1,69.3,198.7,128.4,17.8,0.196,0.326,36.7,25.8,23.3,14.2,14.2
292,2021,이민호,LG,슬라이더,31.9,139.4,14.0,-4.4,1145.4,-79.2,167.3,134.6,11.9,0.199,0.291,40.9,38.7,11.8,8.6,22.6
293,2021,스트레일리,롯데,슬라이더,31.9,135.5,7.6,1.8,683.3,-70.2,183.9,127.8,20.1,0.205,0.312,33.8,28.6,19.5,18.0,15.0
294,2021,김선기,키움,슬라이더,31.8,128.1,10.4,12.8,1225.7,-62.2,171.1,124.8,25.9,0.208,0.283,20.0,34.3,17.1,28.6,14.3
295,2021,최채흥,삼성,슬라이더,31.6,127.3,9.5,-1.5,741.1,67.6,186.6,127.1,18.1,0.293,0.402,33.1,30.7,23.6,12.6,11.8
296,2021,오승환,삼성,슬라이더,31.2,133.3,12.8,0.3,984.8,-71.6,163.1,127.9,21.4,0.197,0.31,22.9,34.3,28.6,14.3,28.6
297,2021,다카하시,KIA,슬라이더,31.2,136.4,7.2,7.3,810.0,-68.7,167.6,128.3,25.2,0.24,0.34,24.1,31.0,27.6,17.2,17.2
298,2021,박정수,두산,슬라이더,31.1,128.6,4.4,2.5,528.9,-55.8,138.4,135.0,17.7,0.323,0.419,36.8,31.6,21.1,10.5,5.3
299,2021,서덕원,KIA,슬라이더,30.7,127.3,8.5,5.9,887.7,-56.0,164.7,130.7,28.8,0.244,0.512,6.1,48.5,27.3,18.2,15.2
300,2021,최영환,롯데,슬라이더,30.5,132.0,6.9,6.6,732.3,-47.5,189.9,137.3,7.4,0.24,0.28,50.0,30.0,16.7,3.3,20.0
301,2021,심창민,삼성,슬라이더,30.1,127.0,14.6,6.7,1173.9,-78.1,120.7,131.9,26.1,0.235,0.51,25.7,25.7,20.0,28.6,31.4
302,2021,이영하,두산,슬라이더,30.0,133.4,8.0,1.8,664.0,-50.3,197.8,131.2,16.3,0.219,0.397,42.6,23.4,23.4,10.6,21.3
303,2021,임창민,NC,슬라이더,29.8,130.3,6.8,0.1,568.7,-59.9,178.9,131.2,15.2,0.268,0.341,38.2,29.4,23.5,8.8,23.5
304,2021,이승현,삼성,슬라이더,29.5,129.3,10.2,3.8,829.1,-11.4,187.6,135.5,17.7,0.421,0.737,47.1,11.8,23.5,17.6,23.5
305,2021,파슨스,NC,슬라이더,29.4,136.5,4.5,1.0,463.8,-58.5,175.2,131.0,19.7,0.196,0.288,25.9,42.0,16.0,16.0,17.3
306,2021,장민기,KIA,슬라이더,28.6,126.1,12.9,6.0,1013.7,62.8,178.5,126.1,33.0,0.115,0.231,21.4,0.0,64.3,14.3,7.1
307,2021,문경찬,NC,슬라이더,28.6,123.6,1.7,7.4,592.9,-58.8,175.3,133.0,27.8,0.171,0.439,12.0,48.0,24.0,16.0,20.0
308,2021,이상민,삼성,슬라이더,28.5,128.2,9.7,1.6,745.4,49.0,170.7,137.8,16.9,0.185,0.333,31.3,31.3,31.3,6.3,18.8
309,2021,차우찬,LG,슬라이더,28.2,127.7,10.0,-1.7,819.4,44.4,178.8,127.2,22.0,0.1,0.15,30.8,30.8,7.7,30.8,7.7
310,2021,이재희,삼성,슬라이더,28.2,130.0,13.2,5.0,1071.9,-28.0,180.9,130.7,12.4,0.333,0.407,36.8,42.1,5.3,15.8,26.3
311,2021,배재준,LG,슬라이더,27.8,129.9,8.8,2.1,733.5,-52.9,176.2,130.5,16.8,0.289,0.342,34.5,31.0,27.6,6.9,20.7
312,2021,김명신,두산,슬라이더,27.2,127.0,3.6,2.6,421.9,-29.7,173.9,136.1,10.8,0.27,0.405,42.6,33.3,20.4,3.7,24.1
313,2021,이민우,KIA,슬라이더,27.0,136.6,17.1,2.3,1298.9,-52.5,189.7,135.7,15.9,0.286,0.429,40.4,25.0,21.2,13.5,32.7
314,2021,김도규,롯데,슬라이더,27.0,130.1,7.9,1.1,631.5,-33.2,195.9,128.9,22.3,0.224,0.306,24.1,31.0,24.1,20.7,10.3
315,2021,최원준,두산,슬라이더,26.9,126.2,8.9,-4.0,753.0,-104.0,110.3,130.0,17.6,0.302,0.421,28.3,40.0,20.0,11.7,17.5
316,2021,김윤수,삼성,슬라이더,26.9,134.1,8.7,4.7,783.9,-23.6,181.4,126.4,14.2,0.15,0.15,25.0,37.5,37.5,0.0,12.5
317,2021,신민혁,NC,슬라이더,26.7,130.0,8.2,4.5,732.8,-45.2,172.8,131.9,19.6,0.29,0.406,31.3,34.3,19.2,15.2,17.2
318,2021,조상우,키움,슬라이더,25.9,131.0,6.0,7.6,764.8,-49.6,165.1,122.1,23.9,0.114,0.136,32.0,20.0,24.0,24.0,4.0
319,2021,배민서,NC,슬라이더,25.8,133.6,8.7,-8.9,948.5,-74.7,153.7,129.7,10.7,0.311,0.378,35.5,45.2,19.4,0.0,16.1
320,2021,한승혁,KIA,슬라이더,25.5,135.7,11.8,9.4,1115.2,-51.1,180.7,131.2,20.4,0.235,0.235,10.0,50.0,40.0,0.0,10.0
321,2021,김진욱,롯데,슬라이더,25.4,129.2,2.0,0.1,463.6,45.8,186.6,136.9,9.6,0.316,0.474,36.0,44.0,20.0,0.0,28.0
322,2021,김태훈,SSG,슬라이더,25.2,129.3,1.9,5.4,592.2,44.7,187.8,134.6,12.3,0.176,0.23,42.4,33.3,18.2,6.1,15.2
323,2021,백정현,삼성,슬라이더,25.2,126.4,11.3,0.2,867.9,56.1,176.3,134.6,14.6,0.245,0.36,44.3,24.7,18.6,12.4,20.6
324,2021,김재윤,KT,슬라이더,25.2,130.5,10.7,4.7,904.6,-66.3,176.1,136.0,18.4,0.212,0.227,34.1,24.4,29.3,12.2,14.6
325,2021,가빌리오,SSG,슬라이더,25.1,133.7,11.5,-0.9,905.3,-24.5,178.0,135.6,17.5,0.284,0.466,33.9,30.4,25.0,10.7,25.0
326,2021,홍건희,두산,슬라이더,24.5,136.4,7.6,1.3,661.7,-53.1,182.7,135.5,14.1,0.19,0.266,39.5,28.9,23.7,7.9,10.5
327,2021,이승민,삼성,슬라이더,24.4,118.2,2.7,0.2,342.1,35.5,162.2,130.4,19.0,0.455,0.576,20.0,40.0,36.0,4.0,12.0
328,2021,송명기,NC,슬라이더,24.1,132.8,17.3,-6.7,1370.0,-90.6,153.2,132.5,19.0,0.339,0.56,31.7,30.5,22.0,15.9,29.3
329,2021,수아레즈,LG,슬라이더,24.0,137.5,6.7,-2.3,717.2,48.3,192.8,132.7,14.5,0.231,0.296,46.9,25.0,17.2,10.9,14.1
330,2021,진명호,롯데,슬라이더,24.0,132.6,7.7,3.5,703.4,-31.9,187.6,134.8,16.4,0.353,0.588,33.3,33.3,25.0,8.3,25.0
331,2021,이우찬,LG,슬라이더,23.9,128.1,2.2,-3.4,469.5,50.6,182.6,133.1,28.4,0.138,0.276,25.0,12.5,43.8,18.8,6.3
332,2021,김기중,한화,슬라이더,23.6,127.0,9.0,5.5,821.3,31.9,179.4,120.2,21.7,0.149,0.149,33.3,23.3,23.3,20.0,0.0
333,2021,서준원,롯데,슬라이더,23.6,126.6,-0.1,5.3,508.2,-55.2,143.2,133.7,23.6,0.314,0.451,27.0,27.0,24.3,21.6,18.9
334,2021,이정용,LG,슬라이더,23.4,133.4,11.8,0.2,939.4,-34.4,177.7,132.1,17.0,0.273,0.364,30.8,34.6,23.1,11.5,11.5
335,2021,장현식,KIA,슬라이더,23.4,131.4,5.3,11.1,920.1,-43.7,182.4,121.8,28.4,0.157,0.214,17.9,28.6,32.1,21.4,10.7
336,2021,안우진,키움,슬라이더,23.0,140.2,15.8,-0.5,1240.1,-35.9,172.0,132.7,22.5,0.232,0.478,29.4,26.5,26.5,17.6,20.6
337,2021,조영우,SSG,슬라이더,22.7,128.7,8.2,2.0,716.4,-25.8,181.9,131.9,17.4,0.261,0.413,23.5,47.1,23.5,5.9,14.7
338,2021,박민호,SSG,슬라이더,22.6,127.1,9.0,-7.5,863.6,-100.4,136.1,126.5,19.0,0.351,0.351,28.6,32.1,25.0,14.3,14.3
339,2021,브리검,키움,슬라이더,22.6,134.8,15.7,-0.2,1159.0,-64.6,178.2,130.1,12.9,0.159,0.27,46.9,31.3,9.4,12.5,9.4
340,2021,브룩스,KIA,슬라이더,22.4,137.7,4.2,5.0,587.2,-73.9,185.5,133.3,10.9,0.296,0.437,37.2,39.5,18.6,4.7,25.6
341,2021,장필준,삼성,슬라이더,22.4,121.0,2.6,6.3,559.1,-56.3,186.8,134.1,14.9,0.304,0.478,29.4,35.3,23.5,11.8,17.6
342,2021,김성민,키움,슬라이더,22.4,119.9,1.8,-8.9,723.3,83.0,137.9,121.8,22.7,0.22,0.317,25.0,30.0,25.0,20.0,20.0
343,2021,이승재,KIA,슬라이더,22.0,136.1,12.5,3.5,988.6,-46.6,173.6,135.3,26.8,0.263,0.421,14.3,28.6,50.0,7.1,21.4
344,2021,장시환,한화,슬라이더,22.0,134.0,13.0,5.2,1140.5,-47.0,176.7,131.0,16.1,0.294,0.324,34.9,37.2,18.6,9.3,9.3
345,2021,이상영,LG,슬라이더,21.9,130.5,14.3,4.2,1114.2,69.0,172.9,134.2,21.3,0.289,0.632,28.6,25.0,28.6,17.9,25.0
346,2021,박세웅,롯데,슬라이더,21.6,136.8,10.1,2.3,856.0,-24.5,169.3,137.6,15.2,0.211,0.366,42.9,26.4,17.6,13.2,29.7
347,2021,손주영,LG,슬라이더,21.6,128.1,7.8,-7.2,809.2,31.4,189.6,137.4,25.2,0.4,0.8,17.4,39.1,21.7,21.7,21.7
348,2021,김범수,한화,슬라이더,21.5,134.5,1.9,4.0,636.8,49.9,167.0,127.4,12.8,0.161,0.196,40.7,33.3,14.8,11.1,11.1
349,2021,김택형,SSG,슬라이더,21.3,129.2,2.3,3.3,465.3,75.2,174.2,128.3,19.0,0.119,0.119,32.0,32.0,20.0,16.0,20.0
350,2021,김종수,한화,슬라이더,21.1,133.0,5.1,8.2,773.9,-49.9,176.8,126.4,11.1,0.191,0.255,51.6,29.0,12.9,6.5,9.7
351,2021,이승현,삼성,슬라이더,21.0,132.1,6.7,0.1,667.8,53.8,188.8,123.8,12.5,0.175,0.2,44.4,22.2,27.8,5.6,0.0
352,2021,홍상삼,KIA,슬라이더,20.6,127.4,2.9,3.6,491.0,-69.6,189.5,137.9,16.5,0.381,0.714,20.0,53.3,20.0,6.7,26.7
353,2021,원태인,삼성,슬라이더,20.3,127.0,14.7,-0.5,1077.7,-36.9,176.0,123.6,23.2,0.172,0.241,25.5,31.4,21.6,21.6,11.8
354,2021,박종기,두산,슬라이더,20.2,130.9,6.7,2.5,602.2,-66.8,170.8,131.2,20.0,0.324,0.529,20.7,44.8,20.7,13.8,13.8
355,2021,정해영,KIA,슬라이더,19.9,130.0,12.4,8.5,1132.3,-54.9,186.8,132.9,21.0,0.268,0.439,35.5,35.5,9.7,19.4,22.6
356,2021,폰트,SSG,슬라이더,19.8,131.5,8.6,3.3,737.1,-68.6,202.8,132.2,17.4,0.234,0.351,33.3,33.3,21.7,11.7,16.7
357,2021,켈리,LG,슬라이더,19.8,135.6,6.0,2.1,593.7,-42.8,191.9,130.9,14.8,0.198,0.279,39.1,34.4,17.2,9.4,10.9
358,2021,김현수,KIA,슬라이더,19.7,128.8,0.9,7.1,598.9,-37.8,176.8,134.6,13.8,0.222,0.444,36.4,27.3,27.3,9.1,18.2
359,2021,엄상백,KT,슬라이더,19.6,135.4,9.4,2.9,833.2,-77.5,142.2,134.1,23.9,0.293,0.488,19.4,41.9,22.6,16.1,19.4
360,2021,윤호솔,한화,슬라이더,19.3,135.0,14.5,5.9,1209.8,-31.6,180.4,128.9,17.3,0.2,0.45,25.0,50.0,20.0,5.0,15.0
361,2021,이승호,키움,슬라이더,19.1,128.8,13.6,1.1,1006.1,34.3,180.0,131.2,16.9,0.194,0.222,30.4,34.8,30.4,4.3,8.7
362,2021,심재민,KT,슬라이더,19.1,129.3,9.7,2.8,859.8,38.5,179.5,130.7,13.0,0.278,0.361,42.1,36.8,5.3,15.8,15.8
363,2021,김진성,NC,슬라이더,18.8,129.2,12.3,-2.8,965.8,-21.1,193.4,132.2,25.2,0.227,0.455,16.7,55.6,0.0,27.8,22.2
364,2021,고우석,LG,슬라이더,18.7,139.3,-0.3,-1.1,566.0,-55.5,159.3,140.9,4.0,0.22,0.293,61.5,23.1,15.4,0.0,23.1
365,2021,이태양,SSG,슬라이더,18.4,129.6,12.4,1.5,930.5,-23.6,186.1,134.1,25.2,0.311,0.527,24.6,29.2,21.5,24.6,13.8
366,2021,최원태,키움,슬라이더,18.1,134.5,14.1,1.6,1123.0,-41.4,162.8,131.1,18.0,0.26,0.35,29.9,35.8,19.4,14.9,13.4
367,2021,김유신,KIA,슬라이더,17.8,123.2,7.0,2.2,592.7,48.6,180.1,134.8,17.9,0.231,0.436,27.6,41.4,20.7,10.3,17.2
368,2021,윤명준,두산,슬라이더,17.7,129.8,1.8,2.5,381.6,-53.5,176.7,136.5,16.9,0.233,0.333,29.4,29.4,35.3,5.9,11.8
369,2021,유희관,두산,슬라이더,17.7,121.9,19.3,1.8,1313.6,32.5,163.0,136.1,21.8,0.442,0.698,18.4,39.5,28.9,13.2,18.4
370,2021,프랑코,롯데,슬라이더,17.3,134.5,9.0,2.2,763.2,-57.0,183.6,128.8,19.5,0.338,0.525,35.1,28.1,22.8,14.0,14.0
371,2021,이승헌,롯데,슬라이더,16.4,127.4,8.7,-5.9,802.8,-76.7,180.6,126.1,18.2,0.184,0.184,26.9,42.3,15.4,15.4,15.4
372,2021,임찬규,LG,슬라이더,16.4,131.7,13.5,0.5,1031.2,-25.4,168.4,131.5,24.8,0.283,0.433,25.0,27.5,25.0,22.5,22.5
373,2021,나균안,롯데,슬라이더,16.3,131.5,11.2,0.9,849.5,-54.7,180.0,137.3,13.0,0.296,0.481,33.3,41.7,16.7,8.3,25.0
374,2021,이의리,KIA,슬라이더,16.3,132.5,7.4,6.5,780.8,69.3,176.1,120.9,20.8,0.239,0.304,26.9,34.6,26.9,11.5,11.5
375,2021,임기영,KIA,슬라이더,16.2,128.8,9.6,-3.3,781.3,-80.1,141.7,132.7,21.5,0.321,0.524,25.8,37.1,21.0,16.1,17.7
376,2021,김윤식,LG,슬라이더,15.6,126.0,-2.4,-1.3,457.6,49.8,179.0,136.1,16.1,0.216,0.351,33.3,25.0,33.3,8.3,25.0
377,2021,김대유,LG,슬라이더,15.3,129.3,12.5,6.0,1046.9,101.9,146.0,129.1,23.1,0.276,0.276,21.1,42.1,15.8,21.1,10.5
378,2021,정찬헌,키움,슬라이더,14.4,129.2,13.9,-0.9,1037.3,-34.7,167.8,131.9,19.0,0.273,0.436,37.5,27.5,25.0,10.0,20.0
379,2021,우규민,삼성,슬라이더,14.0,128.4,5.4,-2.6,664.7,-99.6,111.9,127.2,21.0,0.385,0.385,4.8,66.7,19.0,9.5,19.0
380,2021,최준용,롯데,슬라이더,13.8,133.5,7.5,3.1,721.6,-75.7,165.8,128.5,20.8,0.258,0.516,35.3,17.6,23.5,23.5,17.6
381,2021,장지훈,SSG,슬라이더,13.7,130.4,6.9,-7.4,851.9,-81.2,151.6,133.3,15.2,0.176,0.265,29.4,41.2,23.5,5.9,17.6
382,2021,김강률,두산,슬라이더,12.6,137.0,5.8,5.0,668.4,-33.1,183.9,133.0,9.0,0.222,0.222,46.2,38.5,7.7,7.7,15.4
383,2021,킹험,한화,슬라이더,12.4,130.8,3.9,9.7,805.9,-66.4,184.6,128.5,8.0,0.148,0.193,53.7,26.8,17.1,2.4,12.2
384,2021,주현상,한화,슬라이더,12.3,130.3,6.5,10.6,995.8,-63.4,179.7,137.8,21.4,0.333,0.625,12.5,50.0,31.3,6.3,43.8
385,2021,정우영,LG,슬라이더,12.0,130.7,-2.3,6.6,708.2,-91.6,121.7,133.6,25.5,0.313,0.375,30.0,30.0,10.0,30.0,20.0
386,2021,김재웅,키움,슬라이더,10.1,128.5,10.5,1.7,886.0,12.5,173.5,128.7,25.1,0.308,0.462,16.7,41.7,25.0,16.7,8.3
387,2021,미란다,두산,슬라이더,7.0,130.4,10.3,3.8,844.1,33.2,187.0,135.1,18.7,0.233,0.267,30.0,35.0,20.0,15.0,20.0
388,2021,고영표,KT,슬라이더,6.6,127.8,7.0,-4.8,742.4,-77.6,107.4,126.2,20.1,0.267,0.467,31.8,22.7,31.8,13.6,9.1
389,2021,김민우,한화,슬라이더,6.5,125.9,15.9,8.3,1288.0,-33.6,187.2,130.9,26.9,0.209,0.395,17.9,28.6,35.7,17.9,14.3
390,2021,요키시,키움,슬라이더,6.1,136.8,16.5,7.1,1361.8,68.3,177.8,137.4,13.6,0.379,0.793,42.9,28.6,23.8,4.8,38.1
391,2021,멩덴,KIA,슬라이더,5.9,129.9,1.1,9.2,725.3,-49.7,182.9,138.8,18.8,0.303,0.364,28.0,40.0,20.0,12.0,28.0
